item_name,date,quantity_sold
Diclofenac 50mg (M01AB),2014-01-03,8
Diclofenac 50mg (M01AB),2014-01-04,2
Diclofenac 50mg (M01AB),2014-01-05,4
Diclofenac 50mg (M01AB),2014-01-06,5
Diclofenac 50mg (M01AB),2014-01-08,5
Diclofenac 50mg (M01AB),2014-01-09,7
Diclofenac 50mg (M01AB),2014-01-10,5
Diclofenac 50mg (M01AB),2014-01-11,5
Diclofenac 50mg (M01AB),2014-01-12,2
Diclofenac 50mg (M01AB),2014-01-13,7
Diclofenac 50mg (M01AB),2014-01-14,6
Diclofenac 50mg (M01AB),2014-01-15,4
Diclofenac 50mg (M01AB),2014-01-16,6
Diclofenac 50mg (M01AB),2014-01-17,2
Diclofenac 50mg (M01AB),2014-01-18,1
Diclofenac 50mg (M01AB),2014-01-19,4
Diclofenac 50mg (M01AB),2014-01-20,6
Diclofenac 50mg (M01AB),2014-01-21,2
Diclofenac 50mg (M01AB),2014-01-22,7
Diclofenac 50mg (M01AB),2014-01-23,4
Diclofenac 50mg (M01AB),2014-01-24,5
Diclofenac 50mg (M01AB),2014-01-25,6
Diclofenac 50mg (M01AB),2014-01-26,4
Diclofenac 50mg (M01AB),2014-01-27,4
Diclofenac 50mg (M01AB),2014-01-28,6
Diclofenac 50mg (M01AB),2014-01-29,5
Diclofenac 50mg (M01AB),2014-01-30,3
Diclofenac 50mg (M01AB),2014-01-31,1
Diclofenac 50mg (M01AB),2014-02-01,4
Diclofenac 50mg (M01AB),2014-02-02,7
Diclofenac 50mg (M01AB),2014-02-03,5
Diclofenac 50mg (M01AB),2014-02-04,1
Diclofenac 50mg (M01AB),2014-02-05,3
Diclofenac 50mg (M01AB),2014-02-06,3
Diclofenac 50mg (M01AB),2014-02-07,3
Diclofenac 50mg (M01AB),2014-02-08,3
Diclofenac 50mg (M01AB),2014-02-09,4
Diclofenac 50mg (M01AB),2014-02-10,5
Diclofenac 50mg (M01AB),2014-02-11,10
Diclofenac 50mg (M01AB),2014-02-12,9
Diclofenac 50mg (M01AB),2014-02-13,4
Diclofenac 50mg (M01AB),2014-02-14,4
Diclofenac 50mg (M01AB),2014-02-15,1
Diclofenac 50mg (M01AB),2014-02-17,7
Diclofenac 50mg (M01AB),2014-02-18,7
Diclofenac 50mg (M01AB),2014-02-19,3
Diclofenac 50mg (M01AB),2014-02-20,7
Diclofenac 50mg (M01AB),2014-02-21,6
Diclofenac 50mg (M01AB),2014-02-22,7
Diclofenac 50mg (M01AB),2014-02-23,1
Diclofenac 50mg (M01AB),2014-02-24,7
Diclofenac 50mg (M01AB),2014-02-25,5
Diclofenac 50mg (M01AB),2014-02-26,5
Diclofenac 50mg (M01AB),2014-02-27,3
Diclofenac 50mg (M01AB),2014-02-28,7
Diclofenac 50mg (M01AB),2014-03-01,6
Diclofenac 50mg (M01AB),2014-03-02,3
Diclofenac 50mg (M01AB),2014-03-03,4
Diclofenac 50mg (M01AB),2014-03-04,5
Diclofenac 50mg (M01AB),2014-03-05,3
Diclofenac 50mg (M01AB),2014-03-06,3
Diclofenac 50mg (M01AB),2014-03-07,4
Diclofenac 50mg (M01AB),2014-03-08,4
Diclofenac 50mg (M01AB),2014-03-09,1
Diclofenac 50mg (M01AB),2014-03-10,7
Diclofenac 50mg (M01AB),2014-03-11,6
Diclofenac 50mg (M01AB),2014-03-12,6
Diclofenac 50mg (M01AB),2014-03-13,2
Diclofenac 50mg (M01AB),2014-03-14,4
Diclofenac 50mg (M01AB),2014-03-15,4
Diclofenac 50mg (M01AB),2014-03-16,3
Diclofenac 50mg (M01AB),2014-03-17,9
Diclofenac 50mg (M01AB),2014-03-18,8
Diclofenac 50mg (M01AB),2014-03-19,4
Diclofenac 50mg (M01AB),2014-03-20,3
Diclofenac 50mg (M01AB),2014-03-21,6
Diclofenac 50mg (M01AB),2014-03-22,3
Diclofenac 50mg (M01AB),2014-03-23,6
Diclofenac 50mg (M01AB),2014-03-24,6
Diclofenac 50mg (M01AB),2014-03-25,4
Diclofenac 50mg (M01AB),2014-03-26,2
Diclofenac 50mg (M01AB),2014-03-27,4
Diclofenac 50mg (M01AB),2014-03-28,3
Diclofenac 50mg (M01AB),2014-03-29,4
Diclofenac 50mg (M01AB),2014-03-30,3
Diclofenac 50mg (M01AB),2014-03-31,5
Diclofenac 50mg (M01AB),2014-04-01,4
Diclofenac 50mg (M01AB),2014-04-02,2
Diclofenac 50mg (M01AB),2014-04-03,1
Diclofenac 50mg (M01AB),2014-04-04,3
Diclofenac 50mg (M01AB),2014-04-05,2
Diclofenac 50mg (M01AB),2014-04-06,2
Diclofenac 50mg (M01AB),2014-04-07,6
Diclofenac 50mg (M01AB),2014-04-08,4
Diclofenac 50mg (M01AB),2014-04-09,6
Diclofenac 50mg (M01AB),2014-04-10,3
Diclofenac 50mg (M01AB),2014-04-11,6
Diclofenac 50mg (M01AB),2014-04-12,7
Diclofenac 50mg (M01AB),2014-04-13,3
Diclofenac 50mg (M01AB),2014-04-14,1
Diclofenac 50mg (M01AB),2014-04-15,4
Diclofenac 50mg (M01AB),2014-04-16,2
Diclofenac 50mg (M01AB),2014-04-17,5
Diclofenac 50mg (M01AB),2014-04-18,7
Diclofenac 50mg (M01AB),2014-04-19,7
Diclofenac 50mg (M01AB),2014-04-21,1
Diclofenac 50mg (M01AB),2014-04-22,5
Diclofenac 50mg (M01AB),2014-04-23,6
Diclofenac 50mg (M01AB),2014-04-24,2
Diclofenac 50mg (M01AB),2014-04-25,3
Diclofenac 50mg (M01AB),2014-04-26,4
Diclofenac 50mg (M01AB),2014-04-27,4
Diclofenac 50mg (M01AB),2014-04-28,1
Diclofenac 50mg (M01AB),2014-04-29,3
Diclofenac 50mg (M01AB),2014-04-30,4
Diclofenac 50mg (M01AB),2014-05-02,7
Diclofenac 50mg (M01AB),2014-05-03,4
Diclofenac 50mg (M01AB),2014-05-04,2
Diclofenac 50mg (M01AB),2014-05-05,3
Diclofenac 50mg (M01AB),2014-05-06,7
Diclofenac 50mg (M01AB),2014-05-07,3
Diclofenac 50mg (M01AB),2014-05-08,2
Diclofenac 50mg (M01AB),2014-05-09,2
Diclofenac 50mg (M01AB),2014-05-10,5
Diclofenac 50mg (M01AB),2014-05-11,2
Diclofenac 50mg (M01AB),2014-05-12,4
Diclofenac 50mg (M01AB),2014-05-13,4
Diclofenac 50mg (M01AB),2014-05-14,1
Diclofenac 50mg (M01AB),2014-05-15,2
Diclofenac 50mg (M01AB),2014-05-16,5
Diclofenac 50mg (M01AB),2014-05-17,2
Diclofenac 50mg (M01AB),2014-05-18,3
Diclofenac 50mg (M01AB),2014-05-19,8
Diclofenac 50mg (M01AB),2014-05-20,1
Diclofenac 50mg (M01AB),2014-05-21,2
Diclofenac 50mg (M01AB),2014-05-22,4
Diclofenac 50mg (M01AB),2014-05-23,5
Diclofenac 50mg (M01AB),2014-05-24,3
Diclofenac 50mg (M01AB),2014-05-25,2
Diclofenac 50mg (M01AB),2014-05-26,3
Diclofenac 50mg (M01AB),2014-05-28,1
Diclofenac 50mg (M01AB),2014-05-29,4
Diclofenac 50mg (M01AB),2014-05-30,3
Diclofenac 50mg (M01AB),2014-05-31,6
Diclofenac 50mg (M01AB),2014-06-01,1
Diclofenac 50mg (M01AB),2014-06-02,4
Diclofenac 50mg (M01AB),2014-06-03,3
Diclofenac 50mg (M01AB),2014-06-04,1
Diclofenac 50mg (M01AB),2014-06-06,5
Diclofenac 50mg (M01AB),2014-06-07,9
Diclofenac 50mg (M01AB),2014-06-08,1
Diclofenac 50mg (M01AB),2014-06-09,6
Diclofenac 50mg (M01AB),2014-06-10,9
Diclofenac 50mg (M01AB),2014-06-11,4
Diclofenac 50mg (M01AB),2014-06-12,4
Diclofenac 50mg (M01AB),2014-06-13,1
Diclofenac 50mg (M01AB),2014-06-14,4
Diclofenac 50mg (M01AB),2014-06-16,4
Diclofenac 50mg (M01AB),2014-06-17,5
Diclofenac 50mg (M01AB),2014-06-18,2
Diclofenac 50mg (M01AB),2014-06-19,3
Diclofenac 50mg (M01AB),2014-06-20,7
Diclofenac 50mg (M01AB),2014-06-21,6
Diclofenac 50mg (M01AB),2014-06-22,4
Diclofenac 50mg (M01AB),2014-06-23,2
Diclofenac 50mg (M01AB),2014-06-24,3
Diclofenac 50mg (M01AB),2014-06-25,8
Diclofenac 50mg (M01AB),2014-06-26,3
Diclofenac 50mg (M01AB),2014-06-27,4
Diclofenac 50mg (M01AB),2014-06-30,6
Diclofenac 50mg (M01AB),2014-07-01,4
Diclofenac 50mg (M01AB),2014-07-02,3
Diclofenac 50mg (M01AB),2014-07-03,2
Diclofenac 50mg (M01AB),2014-07-04,4
Diclofenac 50mg (M01AB),2014-07-05,3
Diclofenac 50mg (M01AB),2014-07-06,4
Diclofenac 50mg (M01AB),2014-07-07,2
Diclofenac 50mg (M01AB),2014-07-08,6
Diclofenac 50mg (M01AB),2014-07-09,3
Diclofenac 50mg (M01AB),2014-07-10,2
Diclofenac 50mg (M01AB),2014-07-11,2
Diclofenac 50mg (M01AB),2014-07-12,8
Diclofenac 50mg (M01AB),2014-07-13,2
Diclofenac 50mg (M01AB),2014-07-14,5
Diclofenac 50mg (M01AB),2014-07-15,3
Diclofenac 50mg (M01AB),2014-07-16,4
Diclofenac 50mg (M01AB),2014-07-17,2
Diclofenac 50mg (M01AB),2014-07-18,9
Diclofenac 50mg (M01AB),2014-07-19,7
Diclofenac 50mg (M01AB),2014-07-20,3
Diclofenac 50mg (M01AB),2014-07-21,3
Diclofenac 50mg (M01AB),2014-07-22,5
Diclofenac 50mg (M01AB),2014-07-23,3
Diclofenac 50mg (M01AB),2014-07-24,5
Diclofenac 50mg (M01AB),2014-07-25,5
Diclofenac 50mg (M01AB),2014-07-26,4
Diclofenac 50mg (M01AB),2014-07-27,3
Diclofenac 50mg (M01AB),2014-07-28,2
Diclofenac 50mg (M01AB),2014-07-29,2
Diclofenac 50mg (M01AB),2014-07-30,1
Diclofenac 50mg (M01AB),2014-07-31,3
Diclofenac 50mg (M01AB),2014-08-01,2
Diclofenac 50mg (M01AB),2014-08-02,5
Diclofenac 50mg (M01AB),2014-08-03,5
Diclofenac 50mg (M01AB),2014-08-04,4
Diclofenac 50mg (M01AB),2014-08-05,2
Diclofenac 50mg (M01AB),2014-08-06,6
Diclofenac 50mg (M01AB),2014-08-07,3
Diclofenac 50mg (M01AB),2014-08-08,5
Diclofenac 50mg (M01AB),2014-08-09,4
Diclofenac 50mg (M01AB),2014-08-10,4
Diclofenac 50mg (M01AB),2014-08-11,8
Diclofenac 50mg (M01AB),2014-08-13,1
Diclofenac 50mg (M01AB),2014-08-14,4
Diclofenac 50mg (M01AB),2014-08-15,4
Diclofenac 50mg (M01AB),2014-08-16,8
Diclofenac 50mg (M01AB),2014-08-18,4
Diclofenac 50mg (M01AB),2014-08-19,11
Diclofenac 50mg (M01AB),2014-08-20,5
Diclofenac 50mg (M01AB),2014-08-21,3
Diclofenac 50mg (M01AB),2014-08-22,6
Diclofenac 50mg (M01AB),2014-08-23,3
Diclofenac 50mg (M01AB),2014-08-24,3
Diclofenac 50mg (M01AB),2014-08-25,4
Diclofenac 50mg (M01AB),2014-08-26,2
Diclofenac 50mg (M01AB),2014-08-27,3
Diclofenac 50mg (M01AB),2014-08-28,2
Diclofenac 50mg (M01AB),2014-08-29,6
Diclofenac 50mg (M01AB),2014-08-30,4
Diclofenac 50mg (M01AB),2014-09-01,3
Diclofenac 50mg (M01AB),2014-09-02,2
Diclofenac 50mg (M01AB),2014-09-03,7
Diclofenac 50mg (M01AB),2014-09-04,6
Diclofenac 50mg (M01AB),2014-09-05,4
Diclofenac 50mg (M01AB),2014-09-06,5
Diclofenac 50mg (M01AB),2014-09-07,2
Diclofenac 50mg (M01AB),2014-09-08,1
Diclofenac 50mg (M01AB),2014-09-09,6
Diclofenac 50mg (M01AB),2014-09-10,4
Diclofenac 50mg (M01AB),2014-09-12,3
Diclofenac 50mg (M01AB),2014-09-13,3
Diclofenac 50mg (M01AB),2014-09-14,1
Diclofenac 50mg (M01AB),2014-09-15,1
Diclofenac 50mg (M01AB),2014-09-16,4
Diclofenac 50mg (M01AB),2014-09-17,2
Diclofenac 50mg (M01AB),2014-09-18,3
Diclofenac 50mg (M01AB),2014-09-19,2
Diclofenac 50mg (M01AB),2014-09-20,4
Diclofenac 50mg (M01AB),2014-09-21,1
Diclofenac 50mg (M01AB),2014-09-22,3
Diclofenac 50mg (M01AB),2014-09-23,3
Diclofenac 50mg (M01AB),2014-09-24,6
Diclofenac 50mg (M01AB),2014-09-25,5
Diclofenac 50mg (M01AB),2014-09-26,4
Diclofenac 50mg (M01AB),2014-09-27,4
Diclofenac 50mg (M01AB),2014-09-29,7
Diclofenac 50mg (M01AB),2014-09-30,10
Diclofenac 50mg (M01AB),2014-10-01,2
Diclofenac 50mg (M01AB),2014-10-02,2
Diclofenac 50mg (M01AB),2014-10-03,4
Diclofenac 50mg (M01AB),2014-10-04,5
Diclofenac 50mg (M01AB),2014-10-05,2
Diclofenac 50mg (M01AB),2014-10-06,5
Diclofenac 50mg (M01AB),2014-10-07,3
Diclofenac 50mg (M01AB),2014-10-08,4
Diclofenac 50mg (M01AB),2014-10-09,1
Diclofenac 50mg (M01AB),2014-10-10,4
Diclofenac 50mg (M01AB),2014-10-11,3
Diclofenac 50mg (M01AB),2014-10-12,3
Diclofenac 50mg (M01AB),2014-10-13,2
Diclofenac 50mg (M01AB),2014-10-14,3
Diclofenac 50mg (M01AB),2014-10-15,1
Diclofenac 50mg (M01AB),2014-10-16,7
Diclofenac 50mg (M01AB),2014-10-17,3
Diclofenac 50mg (M01AB),2014-10-18,4
Diclofenac 50mg (M01AB),2014-10-19,3
Diclofenac 50mg (M01AB),2014-10-20,3
Diclofenac 50mg (M01AB),2014-10-21,2
Diclofenac 50mg (M01AB),2014-10-22,3
Diclofenac 50mg (M01AB),2014-10-23,1
Diclofenac 50mg (M01AB),2014-10-24,4
Diclofenac 50mg (M01AB),2014-10-25,2
Diclofenac 50mg (M01AB),2014-10-26,3
Diclofenac 50mg (M01AB),2014-10-27,8
Diclofenac 50mg (M01AB),2014-10-28,4
Diclofenac 50mg (M01AB),2014-10-29,5
Diclofenac 50mg (M01AB),2014-10-31,2
Diclofenac 50mg (M01AB),2014-11-01,2
Diclofenac 50mg (M01AB),2014-11-02,4
Diclofenac 50mg (M01AB),2014-11-03,7
Diclofenac 50mg (M01AB),2014-11-04,6
Diclofenac 50mg (M01AB),2014-11-06,6
Diclofenac 50mg (M01AB),2014-11-07,6
Diclofenac 50mg (M01AB),2014-11-08,12
Diclofenac 50mg (M01AB),2014-11-09,3
Diclofenac 50mg (M01AB),2014-11-10,1
Diclofenac 50mg (M01AB),2014-11-11,8
Diclofenac 50mg (M01AB),2014-11-12,3
Diclofenac 50mg (M01AB),2014-11-13,8
Diclofenac 50mg (M01AB),2014-11-14,5
Diclofenac 50mg (M01AB),2014-11-15,4
Diclofenac 50mg (M01AB),2014-11-16,2
Diclofenac 50mg (M01AB),2014-11-17,9
Diclofenac 50mg (M01AB),2014-11-18,3
Diclofenac 50mg (M01AB),2014-11-19,1
Diclofenac 50mg (M01AB),2014-11-20,4
Diclofenac 50mg (M01AB),2014-11-21,1
Diclofenac 50mg (M01AB),2014-11-22,6
Diclofenac 50mg (M01AB),2014-11-23,4
Diclofenac 50mg (M01AB),2014-11-24,4
Diclofenac 50mg (M01AB),2014-11-25,5
Diclofenac 50mg (M01AB),2014-11-26,3
Diclofenac 50mg (M01AB),2014-11-27,7
Diclofenac 50mg (M01AB),2014-11-28,3
Diclofenac 50mg (M01AB),2014-11-29,3
Diclofenac 50mg (M01AB),2014-11-30,6
Diclofenac 50mg (M01AB),2014-12-01,4
Diclofenac 50mg (M01AB),2014-12-02,7
Diclofenac 50mg (M01AB),2014-12-03,4
Diclofenac 50mg (M01AB),2014-12-04,3
Diclofenac 50mg (M01AB),2014-12-05,2
Diclofenac 50mg (M01AB),2014-12-06,3
Diclofenac 50mg (M01AB),2014-12-07,5
Diclofenac 50mg (M01AB),2014-12-08,1
Diclofenac 50mg (M01AB),2014-12-09,1
Diclofenac 50mg (M01AB),2014-12-10,3
Diclofenac 50mg (M01AB),2014-12-11,2
Diclofenac 50mg (M01AB),2014-12-12,6
Diclofenac 50mg (M01AB),2014-12-13,1
Diclofenac 50mg (M01AB),2014-12-14,10
Diclofenac 50mg (M01AB),2014-12-15,5
Diclofenac 50mg (M01AB),2014-12-16,6
Diclofenac 50mg (M01AB),2014-12-17,3
Diclofenac 50mg (M01AB),2014-12-18,5
Diclofenac 50mg (M01AB),2014-12-20,1
Diclofenac 50mg (M01AB),2014-12-21,4
Diclofenac 50mg (M01AB),2014-12-22,3
Diclofenac 50mg (M01AB),2014-12-23,10
Diclofenac 50mg (M01AB),2014-12-24,1
Diclofenac 50mg (M01AB),2014-12-25,8
Diclofenac 50mg (M01AB),2014-12-26,3
Diclofenac 50mg (M01AB),2014-12-27,7
Diclofenac 50mg (M01AB),2014-12-28,2
Diclofenac 50mg (M01AB),2014-12-29,2
Diclofenac 50mg (M01AB),2014-12-30,9
Diclofenac 50mg (M01AB),2014-12-31,6
Diclofenac 50mg (M01AB),2015-01-02,6
Diclofenac 50mg (M01AB),2015-01-03,9
Diclofenac 50mg (M01AB),2015-01-04,5
Diclofenac 50mg (M01AB),2015-01-05,2
Diclofenac 50mg (M01AB),2015-01-06,3
Diclofenac 50mg (M01AB),2015-01-08,2
Diclofenac 50mg (M01AB),2015-01-09,3
Diclofenac 50mg (M01AB),2015-01-10,6
Diclofenac 50mg (M01AB),2015-01-11,3
Diclofenac 50mg (M01AB),2015-01-12,2
Diclofenac 50mg (M01AB),2015-01-13,10
Diclofenac 50mg (M01AB),2015-01-14,3
Diclofenac 50mg (M01AB),2015-01-15,7
Diclofenac 50mg (M01AB),2015-01-16,6
Diclofenac 50mg (M01AB),2015-01-17,7
Diclofenac 50mg (M01AB),2015-01-18,4
Diclofenac 50mg (M01AB),2015-01-19,5
Diclofenac 50mg (M01AB),2015-01-20,4
Diclofenac 50mg (M01AB),2015-01-21,4
Diclofenac 50mg (M01AB),2015-01-22,4
Diclofenac 50mg (M01AB),2015-01-23,4
Diclofenac 50mg (M01AB),2015-01-24,4
Diclofenac 50mg (M01AB),2015-01-25,4
Diclofenac 50mg (M01AB),2015-01-26,8
Diclofenac 50mg (M01AB),2015-01-27,3
Diclofenac 50mg (M01AB),2015-01-28,3
Diclofenac 50mg (M01AB),2015-01-29,4
Diclofenac 50mg (M01AB),2015-01-30,1
Diclofenac 50mg (M01AB),2015-01-31,8
Diclofenac 50mg (M01AB),2015-02-01,4
Diclofenac 50mg (M01AB),2015-02-02,6
Diclofenac 50mg (M01AB),2015-02-03,3
Diclofenac 50mg (M01AB),2015-02-04,2
Diclofenac 50mg (M01AB),2015-02-05,2
Diclofenac 50mg (M01AB),2015-02-06,3
Diclofenac 50mg (M01AB),2015-02-07,2
Diclofenac 50mg (M01AB),2015-02-08,1
Diclofenac 50mg (M01AB),2015-02-09,3
Diclofenac 50mg (M01AB),2015-02-10,4
Diclofenac 50mg (M01AB),2015-02-11,3
Diclofenac 50mg (M01AB),2015-02-12,3
Diclofenac 50mg (M01AB),2015-02-13,6
Diclofenac 50mg (M01AB),2015-02-14,4
Diclofenac 50mg (M01AB),2015-02-15,12
Diclofenac 50mg (M01AB),2015-02-16,3
Diclofenac 50mg (M01AB),2015-02-17,5
Diclofenac 50mg (M01AB),2015-02-18,1
Diclofenac 50mg (M01AB),2015-02-19,2
Diclofenac 50mg (M01AB),2015-02-20,5
Diclofenac 50mg (M01AB),2015-02-21,3
Diclofenac 50mg (M01AB),2015-02-22,2
Diclofenac 50mg (M01AB),2015-02-23,5
Diclofenac 50mg (M01AB),2015-02-24,4
Diclofenac 50mg (M01AB),2015-02-25,7
Diclofenac 50mg (M01AB),2015-02-26,6
Diclofenac 50mg (M01AB),2015-02-27,6
Diclofenac 50mg (M01AB),2015-02-28,6
Diclofenac 50mg (M01AB),2015-03-01,9
Diclofenac 50mg (M01AB),2015-03-02,7
Diclofenac 50mg (M01AB),2015-03-03,8
Diclofenac 50mg (M01AB),2015-03-04,10
Diclofenac 50mg (M01AB),2015-03-05,6
Diclofenac 50mg (M01AB),2015-03-06,2
Diclofenac 50mg (M01AB),2015-03-07,3
Diclofenac 50mg (M01AB),2015-03-08,6
Diclofenac 50mg (M01AB),2015-03-09,2
Diclofenac 50mg (M01AB),2015-03-10,1
Diclofenac 50mg (M01AB),2015-03-11,11
Diclofenac 50mg (M01AB),2015-03-12,3
Diclofenac 50mg (M01AB),2015-03-13,4
Diclofenac 50mg (M01AB),2015-03-14,3
Diclofenac 50mg (M01AB),2015-03-15,3
Diclofenac 50mg (M01AB),2015-03-16,8
Diclofenac 50mg (M01AB),2015-03-17,5
Diclofenac 50mg (M01AB),2015-03-18,7
Diclofenac 50mg (M01AB),2015-03-19,2
Diclofenac 50mg (M01AB),2015-03-20,1
Diclofenac 50mg (M01AB),2015-03-21,10
Diclofenac 50mg (M01AB),2015-03-22,8
Diclofenac 50mg (M01AB),2015-03-23,2
Diclofenac 50mg (M01AB),2015-03-24,4
Diclofenac 50mg (M01AB),2015-03-25,4
Diclofenac 50mg (M01AB),2015-03-26,5
Diclofenac 50mg (M01AB),2015-03-27,3
Diclofenac 50mg (M01AB),2015-03-28,1
Diclofenac 50mg (M01AB),2015-03-29,6
Diclofenac 50mg (M01AB),2015-03-30,6
Diclofenac 50mg (M01AB),2015-03-31,5
Diclofenac 50mg (M01AB),2015-04-01,6
Diclofenac 50mg (M01AB),2015-04-02,5
Diclofenac 50mg (M01AB),2015-04-03,5
Diclofenac 50mg (M01AB),2015-04-04,4
Diclofenac 50mg (M01AB),2015-04-05,3
Diclofenac 50mg (M01AB),2015-04-06,7
Diclofenac 50mg (M01AB),2015-04-07,6
Diclofenac 50mg (M01AB),2015-04-08,4
Diclofenac 50mg (M01AB),2015-04-09,1
Diclofenac 50mg (M01AB),2015-04-10,10
Diclofenac 50mg (M01AB),2015-04-11,12
Diclofenac 50mg (M01AB),2015-04-13,7
Diclofenac 50mg (M01AB),2015-04-14,5
Diclofenac 50mg (M01AB),2015-04-15,2
Diclofenac 50mg (M01AB),2015-04-16,2
Diclofenac 50mg (M01AB),2015-04-17,9
Diclofenac 50mg (M01AB),2015-04-18,7
Diclofenac 50mg (M01AB),2015-04-19,9
Diclofenac 50mg (M01AB),2015-04-20,3
Diclofenac 50mg (M01AB),2015-04-21,6
Diclofenac 50mg (M01AB),2015-04-22,1
Diclofenac 50mg (M01AB),2015-04-23,4
Diclofenac 50mg (M01AB),2015-04-24,10
Diclofenac 50mg (M01AB),2015-04-25,5
Diclofenac 50mg (M01AB),2015-04-26,7
Diclofenac 50mg (M01AB),2015-04-27,3
Diclofenac 50mg (M01AB),2015-04-28,4
Diclofenac 50mg (M01AB),2015-04-29,2
Diclofenac 50mg (M01AB),2015-04-30,3
Diclofenac 50mg (M01AB),2015-05-01,5
Diclofenac 50mg (M01AB),2015-05-02,5
Diclofenac 50mg (M01AB),2015-05-03,7
Diclofenac 50mg (M01AB),2015-05-04,4
Diclofenac 50mg (M01AB),2015-05-05,3
Diclofenac 50mg (M01AB),2015-05-06,5
Diclofenac 50mg (M01AB),2015-05-07,2
Diclofenac 50mg (M01AB),2015-05-08,1
Diclofenac 50mg (M01AB),2015-05-09,4
Diclofenac 50mg (M01AB),2015-05-10,3
Diclofenac 50mg (M01AB),2015-05-11,3
Diclofenac 50mg (M01AB),2015-05-12,7
Diclofenac 50mg (M01AB),2015-05-13,8
Diclofenac 50mg (M01AB),2015-05-14,3
Diclofenac 50mg (M01AB),2015-05-15,3
Diclofenac 50mg (M01AB),2015-05-16,5
Diclofenac 50mg (M01AB),2015-05-17,5
Diclofenac 50mg (M01AB),2015-05-18,7
Diclofenac 50mg (M01AB),2015-05-19,3
Diclofenac 50mg (M01AB),2015-05-20,6
Diclofenac 50mg (M01AB),2015-05-21,6
Diclofenac 50mg (M01AB),2015-05-22,3
Diclofenac 50mg (M01AB),2015-05-23,6
Diclofenac 50mg (M01AB),2015-05-24,5
Diclofenac 50mg (M01AB),2015-05-25,10
Diclofenac 50mg (M01AB),2015-05-26,7
Diclofenac 50mg (M01AB),2015-05-27,4
Diclofenac 50mg (M01AB),2015-05-28,6
Diclofenac 50mg (M01AB),2015-05-29,6
Diclofenac 50mg (M01AB),2015-05-30,14
Diclofenac 50mg (M01AB),2015-05-31,3
Diclofenac 50mg (M01AB),2015-06-01,5
Diclofenac 50mg (M01AB),2015-06-02,8
Diclofenac 50mg (M01AB),2015-06-03,5
Diclofenac 50mg (M01AB),2015-06-04,2
Diclofenac 50mg (M01AB),2015-06-05,5
Diclofenac 50mg (M01AB),2015-06-06,4
Diclofenac 50mg (M01AB),2015-06-07,6
Diclofenac 50mg (M01AB),2015-06-08,6
Diclofenac 50mg (M01AB),2015-06-09,3
Diclofenac 50mg (M01AB),2015-06-10,4
Diclofenac 50mg (M01AB),2015-06-11,6
Diclofenac 50mg (M01AB),2015-06-12,2
Diclofenac 50mg (M01AB),2015-06-13,2
Diclofenac 50mg (M01AB),2015-06-14,5
Diclofenac 50mg (M01AB),2015-06-15,4
Diclofenac 50mg (M01AB),2015-06-16,7
Diclofenac 50mg (M01AB),2015-06-17,4
Diclofenac 50mg (M01AB),2015-06-18,3
Diclofenac 50mg (M01AB),2015-06-19,5
Diclofenac 50mg (M01AB),2015-06-20,9
Diclofenac 50mg (M01AB),2015-06-21,9
Diclofenac 50mg (M01AB),2015-06-22,5
Diclofenac 50mg (M01AB),2015-06-23,5
Diclofenac 50mg (M01AB),2015-06-24,4
Diclofenac 50mg (M01AB),2015-06-25,6
Diclofenac 50mg (M01AB),2015-06-26,7
Diclofenac 50mg (M01AB),2015-06-27,7
Diclofenac 50mg (M01AB),2015-06-28,5
Diclofenac 50mg (M01AB),2015-06-29,6
Diclofenac 50mg (M01AB),2015-06-30,1
Diclofenac 50mg (M01AB),2015-07-01,9
Diclofenac 50mg (M01AB),2015-07-02,3
Diclofenac 50mg (M01AB),2015-07-03,6
Diclofenac 50mg (M01AB),2015-07-04,7
Diclofenac 50mg (M01AB),2015-07-05,5
Diclofenac 50mg (M01AB),2015-07-06,6
Diclofenac 50mg (M01AB),2015-07-07,5
Diclofenac 50mg (M01AB),2015-07-08,2
Diclofenac 50mg (M01AB),2015-07-09,2
Diclofenac 50mg (M01AB),2015-07-10,6
Diclofenac 50mg (M01AB),2015-07-11,4
Diclofenac 50mg (M01AB),2015-07-12,6
Diclofenac 50mg (M01AB),2015-07-13,4
Diclofenac 50mg (M01AB),2015-07-15,8
Diclofenac 50mg (M01AB),2015-07-16,8
Diclofenac 50mg (M01AB),2015-07-17,2
Diclofenac 50mg (M01AB),2015-07-18,4
Diclofenac 50mg (M01AB),2015-07-19,12
Diclofenac 50mg (M01AB),2015-07-20,6
Diclofenac 50mg (M01AB),2015-07-21,5
Diclofenac 50mg (M01AB),2015-07-22,9
Diclofenac 50mg (M01AB),2015-07-23,2
Diclofenac 50mg (M01AB),2015-07-24,6
Diclofenac 50mg (M01AB),2015-07-25,4
Diclofenac 50mg (M01AB),2015-07-26,5
Diclofenac 50mg (M01AB),2015-07-27,7
Diclofenac 50mg (M01AB),2015-07-28,14
Diclofenac 50mg (M01AB),2015-07-29,10
Diclofenac 50mg (M01AB),2015-07-30,3
Diclofenac 50mg (M01AB),2015-07-31,6
Diclofenac 50mg (M01AB),2015-08-01,5
Diclofenac 50mg (M01AB),2015-08-02,5
Diclofenac 50mg (M01AB),2015-08-03,2
Diclofenac 50mg (M01AB),2015-08-04,6
Diclofenac 50mg (M01AB),2015-08-05,5
Diclofenac 50mg (M01AB),2015-08-06,5
Diclofenac 50mg (M01AB),2015-08-07,4
Diclofenac 50mg (M01AB),2015-08-08,6
Diclofenac 50mg (M01AB),2015-08-09,5
Diclofenac 50mg (M01AB),2015-08-10,4
Diclofenac 50mg (M01AB),2015-08-11,12
Diclofenac 50mg (M01AB),2015-08-12,9
Diclofenac 50mg (M01AB),2015-08-13,8
Diclofenac 50mg (M01AB),2015-08-14,3
Diclofenac 50mg (M01AB),2015-08-15,3
Diclofenac 50mg (M01AB),2015-08-16,2
Diclofenac 50mg (M01AB),2015-08-17,8
Diclofenac 50mg (M01AB),2015-08-18,6
Diclofenac 50mg (M01AB),2015-08-19,6
Diclofenac 50mg (M01AB),2015-08-20,4
Diclofenac 50mg (M01AB),2015-08-21,6
Diclofenac 50mg (M01AB),2015-08-22,2
Diclofenac 50mg (M01AB),2015-08-23,9
Diclofenac 50mg (M01AB),2015-08-24,8
Diclofenac 50mg (M01AB),2015-08-25,2
Diclofenac 50mg (M01AB),2015-08-26,3
Diclofenac 50mg (M01AB),2015-08-27,9
Diclofenac 50mg (M01AB),2015-08-28,7
Diclofenac 50mg (M01AB),2015-08-29,11
Diclofenac 50mg (M01AB),2015-08-30,11
Diclofenac 50mg (M01AB),2015-08-31,4
Diclofenac 50mg (M01AB),2015-09-01,8
Diclofenac 50mg (M01AB),2015-09-02,5
Diclofenac 50mg (M01AB),2015-09-03,1
Diclofenac 50mg (M01AB),2015-09-04,3
Diclofenac 50mg (M01AB),2015-09-05,9
Diclofenac 50mg (M01AB),2015-09-06,8
Diclofenac 50mg (M01AB),2015-09-07,4
Diclofenac 50mg (M01AB),2015-09-08,3
Diclofenac 50mg (M01AB),2015-09-09,2
Diclofenac 50mg (M01AB),2015-09-10,6
Diclofenac 50mg (M01AB),2015-09-11,11
Diclofenac 50mg (M01AB),2015-09-12,5
Diclofenac 50mg (M01AB),2015-09-13,7
Diclofenac 50mg (M01AB),2015-09-14,5
Diclofenac 50mg (M01AB),2015-09-15,3
Diclofenac 50mg (M01AB),2015-09-16,1
Diclofenac 50mg (M01AB),2015-09-17,10
Diclofenac 50mg (M01AB),2015-09-18,3
Diclofenac 50mg (M01AB),2015-09-19,7
Diclofenac 50mg (M01AB),2015-09-20,10
Diclofenac 50mg (M01AB),2015-09-21,2
Diclofenac 50mg (M01AB),2015-09-22,7
Diclofenac 50mg (M01AB),2015-09-23,6
Diclofenac 50mg (M01AB),2015-09-24,3
Diclofenac 50mg (M01AB),2015-09-25,5
Diclofenac 50mg (M01AB),2015-09-26,12
Diclofenac 50mg (M01AB),2015-09-27,6
Diclofenac 50mg (M01AB),2015-09-28,1
Diclofenac 50mg (M01AB),2015-09-29,6
Diclofenac 50mg (M01AB),2015-09-30,5
Diclofenac 50mg (M01AB),2015-10-01,10
Diclofenac 50mg (M01AB),2015-10-02,5
Diclofenac 50mg (M01AB),2015-10-03,10
Diclofenac 50mg (M01AB),2015-10-04,7
Diclofenac 50mg (M01AB),2015-10-05,5
Diclofenac 50mg (M01AB),2015-10-06,6
Diclofenac 50mg (M01AB),2015-10-07,7
Diclofenac 50mg (M01AB),2015-10-08,9
Diclofenac 50mg (M01AB),2015-10-09,2
Diclofenac 50mg (M01AB),2015-10-10,6
Diclofenac 50mg (M01AB),2015-10-11,10
Diclofenac 50mg (M01AB),2015-10-12,10
Diclofenac 50mg (M01AB),2015-10-13,4
Diclofenac 50mg (M01AB),2015-10-14,5
Diclofenac 50mg (M01AB),2015-10-15,5
Diclofenac 50mg (M01AB),2015-10-16,2
Diclofenac 50mg (M01AB),2015-10-17,10
Diclofenac 50mg (M01AB),2015-10-18,7
Diclofenac 50mg (M01AB),2015-10-19,12
Diclofenac 50mg (M01AB),2015-10-20,3
Diclofenac 50mg (M01AB),2015-10-21,9
Diclofenac 50mg (M01AB),2015-10-22,4
Diclofenac 50mg (M01AB),2015-10-23,7
Diclofenac 50mg (M01AB),2015-10-24,10
Diclofenac 50mg (M01AB),2015-10-25,3
Diclofenac 50mg (M01AB),2015-10-26,9
Diclofenac 50mg (M01AB),2015-10-27,4
Diclofenac 50mg (M01AB),2015-10-28,1
Diclofenac 50mg (M01AB),2015-10-29,2
Diclofenac 50mg (M01AB),2015-10-30,5
Diclofenac 50mg (M01AB),2015-10-31,6
Diclofenac 50mg (M01AB),2015-11-01,2
Diclofenac 50mg (M01AB),2015-11-02,5
Diclofenac 50mg (M01AB),2015-11-03,1
Diclofenac 50mg (M01AB),2015-11-04,8
Diclofenac 50mg (M01AB),2015-11-05,4
Diclofenac 50mg (M01AB),2015-11-06,3
Diclofenac 50mg (M01AB),2015-11-07,4
Diclofenac 50mg (M01AB),2015-11-08,6
Diclofenac 50mg (M01AB),2015-11-09,4
Diclofenac 50mg (M01AB),2015-11-10,6
Diclofenac 50mg (M01AB),2015-11-11,10
Diclofenac 50mg (M01AB),2015-11-12,6
Diclofenac 50mg (M01AB),2015-11-13,5
Diclofenac 50mg (M01AB),2015-11-14,5
Diclofenac 50mg (M01AB),2015-11-15,1
Diclofenac 50mg (M01AB),2015-11-16,6
Diclofenac 50mg (M01AB),2015-11-17,6
Diclofenac 50mg (M01AB),2015-11-18,6
Diclofenac 50mg (M01AB),2015-11-19,2
Diclofenac 50mg (M01AB),2015-11-20,6
Diclofenac 50mg (M01AB),2015-11-21,4
Diclofenac 50mg (M01AB),2015-11-22,2
Diclofenac 50mg (M01AB),2015-11-23,3
Diclofenac 50mg (M01AB),2015-11-24,5
Diclofenac 50mg (M01AB),2015-11-25,6
Diclofenac 50mg (M01AB),2015-11-26,4
Diclofenac 50mg (M01AB),2015-11-27,1
Diclofenac 50mg (M01AB),2015-11-28,6
Diclofenac 50mg (M01AB),2015-11-29,7
Diclofenac 50mg (M01AB),2015-11-30,7
Diclofenac 50mg (M01AB),2015-12-01,2
Diclofenac 50mg (M01AB),2015-12-02,1
Diclofenac 50mg (M01AB),2015-12-03,4
Diclofenac 50mg (M01AB),2015-12-04,3
Diclofenac 50mg (M01AB),2015-12-05,8
Diclofenac 50mg (M01AB),2015-12-06,6
Diclofenac 50mg (M01AB),2015-12-07,3
Diclofenac 50mg (M01AB),2015-12-08,2
Diclofenac 50mg (M01AB),2015-12-09,3
Diclofenac 50mg (M01AB),2015-12-10,12
Diclofenac 50mg (M01AB),2015-12-11,6
Diclofenac 50mg (M01AB),2015-12-12,6
Diclofenac 50mg (M01AB),2015-12-13,9
Diclofenac 50mg (M01AB),2015-12-14,5
Diclofenac 50mg (M01AB),2015-12-15,5
Diclofenac 50mg (M01AB),2015-12-16,7
Diclofenac 50mg (M01AB),2015-12-17,9
Diclofenac 50mg (M01AB),2015-12-18,4
Diclofenac 50mg (M01AB),2015-12-20,3
Diclofenac 50mg (M01AB),2015-12-21,5
Diclofenac 50mg (M01AB),2015-12-22,6
Diclofenac 50mg (M01AB),2015-12-23,3
Diclofenac 50mg (M01AB),2015-12-24,7
Diclofenac 50mg (M01AB),2015-12-25,1
Diclofenac 50mg (M01AB),2015-12-26,5
Diclofenac 50mg (M01AB),2015-12-27,5
Diclofenac 50mg (M01AB),2015-12-28,4
Diclofenac 50mg (M01AB),2015-12-29,11
Diclofenac 50mg (M01AB),2015-12-30,7
Diclofenac 50mg (M01AB),2015-12-31,8
Diclofenac 50mg (M01AB),2016-01-03,4
Diclofenac 50mg (M01AB),2016-01-04,7
Diclofenac 50mg (M01AB),2016-01-05,5
Diclofenac 50mg (M01AB),2016-01-06,7
Diclofenac 50mg (M01AB),2016-01-08,8
Diclofenac 50mg (M01AB),2016-01-09,7
Diclofenac 50mg (M01AB),2016-01-10,7
Diclofenac 50mg (M01AB),2016-01-11,9
Diclofenac 50mg (M01AB),2016-01-12,12
Diclofenac 50mg (M01AB),2016-01-13,9
Diclofenac 50mg (M01AB),2016-01-14,2
Diclofenac 50mg (M01AB),2016-01-15,9
Diclofenac 50mg (M01AB),2016-01-16,3
Diclofenac 50mg (M01AB),2016-01-17,7
Diclofenac 50mg (M01AB),2016-01-18,4
Diclofenac 50mg (M01AB),2016-01-19,6
Diclofenac 50mg (M01AB),2016-01-20,2
Diclofenac 50mg (M01AB),2016-01-21,5
Diclofenac 50mg (M01AB),2016-01-22,1
Diclofenac 50mg (M01AB),2016-01-23,6
Diclofenac 50mg (M01AB),2016-01-24,4
Diclofenac 50mg (M01AB),2016-01-25,10
Diclofenac 50mg (M01AB),2016-01-26,6
Diclofenac 50mg (M01AB),2016-01-27,4
Diclofenac 50mg (M01AB),2016-01-28,7
Diclofenac 50mg (M01AB),2016-01-29,5
Diclofenac 50mg (M01AB),2016-01-30,9
Diclofenac 50mg (M01AB),2016-01-31,4
Diclofenac 50mg (M01AB),2016-02-01,6
Diclofenac 50mg (M01AB),2016-02-02,14
Diclofenac 50mg (M01AB),2016-02-03,8
Diclofenac 50mg (M01AB),2016-02-04,8
Diclofenac 50mg (M01AB),2016-02-05,6
Diclofenac 50mg (M01AB),2016-02-06,5
Diclofenac 50mg (M01AB),2016-02-07,4
Diclofenac 50mg (M01AB),2016-02-08,6
Diclofenac 50mg (M01AB),2016-02-09,7
Diclofenac 50mg (M01AB),2016-02-10,4
Diclofenac 50mg (M01AB),2016-02-11,2
Diclofenac 50mg (M01AB),2016-02-12,6
Diclofenac 50mg (M01AB),2016-02-13,3
Diclofenac 50mg (M01AB),2016-02-14,6
Diclofenac 50mg (M01AB),2016-02-15,5
Diclofenac 50mg (M01AB),2016-02-16,7
Diclofenac 50mg (M01AB),2016-02-17,3
Diclofenac 50mg (M01AB),2016-02-18,2
Diclofenac 50mg (M01AB),2016-02-19,4
Diclofenac 50mg (M01AB),2016-02-20,10
Diclofenac 50mg (M01AB),2016-02-21,6
Diclofenac 50mg (M01AB),2016-02-22,3
Diclofenac 50mg (M01AB),2016-02-23,3
Diclofenac 50mg (M01AB),2016-02-24,8
Diclofenac 50mg (M01AB),2016-02-25,8
Diclofenac 50mg (M01AB),2016-02-26,5
Diclofenac 50mg (M01AB),2016-02-27,8
Diclofenac 50mg (M01AB),2016-02-28,8
Diclofenac 50mg (M01AB),2016-02-29,7
Diclofenac 50mg (M01AB),2016-03-01,10
Diclofenac 50mg (M01AB),2016-03-02,3
Diclofenac 50mg (M01AB),2016-03-03,3
Diclofenac 50mg (M01AB),2016-03-04,5
Diclofenac 50mg (M01AB),2016-03-05,5
Diclofenac 50mg (M01AB),2016-03-06,5
Diclofenac 50mg (M01AB),2016-03-07,5
Diclofenac 50mg (M01AB),2016-03-08,4
Diclofenac 50mg (M01AB),2016-03-09,4
Diclofenac 50mg (M01AB),2016-03-10,6
Diclofenac 50mg (M01AB),2016-03-11,3
Diclofenac 50mg (M01AB),2016-03-12,3
Diclofenac 50mg (M01AB),2016-03-13,2
Diclofenac 50mg (M01AB),2016-03-14,4
Diclofenac 50mg (M01AB),2016-03-15,5
Diclofenac 50mg (M01AB),2016-03-16,5
Diclofenac 50mg (M01AB),2016-03-17,6
Diclofenac 50mg (M01AB),2016-03-18,3
Diclofenac 50mg (M01AB),2016-03-19,11
Diclofenac 50mg (M01AB),2016-03-20,8
Diclofenac 50mg (M01AB),2016-03-21,5
Diclofenac 50mg (M01AB),2016-03-22,2
Diclofenac 50mg (M01AB),2016-03-23,4
Diclofenac 50mg (M01AB),2016-03-24,7
Diclofenac 50mg (M01AB),2016-03-25,7
Diclofenac 50mg (M01AB),2016-03-26,2
Diclofenac 50mg (M01AB),2016-03-27,8
Diclofenac 50mg (M01AB),2016-03-28,3
Diclofenac 50mg (M01AB),2016-03-29,6
Diclofenac 50mg (M01AB),2016-03-30,7
Diclofenac 50mg (M01AB),2016-03-31,2
Diclofenac 50mg (M01AB),2016-04-01,6
Diclofenac 50mg (M01AB),2016-04-02,4
Diclofenac 50mg (M01AB),2016-04-03,10
Diclofenac 50mg (M01AB),2016-04-04,7
Diclofenac 50mg (M01AB),2016-04-05,6
Diclofenac 50mg (M01AB),2016-04-06,7
Diclofenac 50mg (M01AB),2016-04-07,6
Diclofenac 50mg (M01AB),2016-04-08,8
Diclofenac 50mg (M01AB),2016-04-09,9
Diclofenac 50mg (M01AB),2016-04-10,5
Diclofenac 50mg (M01AB),2016-04-12,4
Diclofenac 50mg (M01AB),2016-04-13,6
Diclofenac 50mg (M01AB),2016-04-14,3
Diclofenac 50mg (M01AB),2016-04-15,4
Diclofenac 50mg (M01AB),2016-04-16,5
Diclofenac 50mg (M01AB),2016-04-17,4
Diclofenac 50mg (M01AB),2016-04-18,4
Diclofenac 50mg (M01AB),2016-04-19,3
Diclofenac 50mg (M01AB),2016-04-20,3
Diclofenac 50mg (M01AB),2016-04-21,3
Diclofenac 50mg (M01AB),2016-04-22,6
Diclofenac 50mg (M01AB),2016-04-23,14
Diclofenac 50mg (M01AB),2016-04-24,1
Diclofenac 50mg (M01AB),2016-04-25,7
Diclofenac 50mg (M01AB),2016-04-26,5
Diclofenac 50mg (M01AB),2016-04-27,6
Diclofenac 50mg (M01AB),2016-04-28,5
Diclofenac 50mg (M01AB),2016-04-29,7
Diclofenac 50mg (M01AB),2016-04-30,10
Diclofenac 50mg (M01AB),2016-05-02,4
Diclofenac 50mg (M01AB),2016-05-03,6
Diclofenac 50mg (M01AB),2016-05-04,7
Diclofenac 50mg (M01AB),2016-05-05,5
Diclofenac 50mg (M01AB),2016-05-06,4
Diclofenac 50mg (M01AB),2016-05-07,4
Diclofenac 50mg (M01AB),2016-05-08,5
Diclofenac 50mg (M01AB),2016-05-09,6
Diclofenac 50mg (M01AB),2016-05-10,7
Diclofenac 50mg (M01AB),2016-05-11,5
Diclofenac 50mg (M01AB),2016-05-12,3
Diclofenac 50mg (M01AB),2016-05-13,2
Diclofenac 50mg (M01AB),2016-05-14,5
Diclofenac 50mg (M01AB),2016-05-15,5
Diclofenac 50mg (M01AB),2016-05-16,5
Diclofenac 50mg (M01AB),2016-05-17,4
Diclofenac 50mg (M01AB),2016-05-18,4
Diclofenac 50mg (M01AB),2016-05-19,6
Diclofenac 50mg (M01AB),2016-05-20,3
Diclofenac 50mg (M01AB),2016-05-21,2
Diclofenac 50mg (M01AB),2016-05-22,4
Diclofenac 50mg (M01AB),2016-05-23,5
Diclofenac 50mg (M01AB),2016-05-24,12
Diclofenac 50mg (M01AB),2016-05-25,8
Diclofenac 50mg (M01AB),2016-05-26,5
Diclofenac 50mg (M01AB),2016-05-27,9
Diclofenac 50mg (M01AB),2016-05-28,12
Diclofenac 50mg (M01AB),2016-05-29,9
Diclofenac 50mg (M01AB),2016-05-30,3
Diclofenac 50mg (M01AB),2016-05-31,6
Diclofenac 50mg (M01AB),2016-06-01,9
Diclofenac 50mg (M01AB),2016-06-02,2
Diclofenac 50mg (M01AB),2016-06-03,7
Diclofenac 50mg (M01AB),2016-06-04,3
Diclofenac 50mg (M01AB),2016-06-05,10
Diclofenac 50mg (M01AB),2016-06-06,5
Diclofenac 50mg (M01AB),2016-06-07,6
Diclofenac 50mg (M01AB),2016-06-08,9
Diclofenac 50mg (M01AB),2016-06-09,9
Diclofenac 50mg (M01AB),2016-06-10,8
Diclofenac 50mg (M01AB),2016-06-11,11
Diclofenac 50mg (M01AB),2016-06-12,8
Diclofenac 50mg (M01AB),2016-06-13,6
Diclofenac 50mg (M01AB),2016-06-14,2
Diclofenac 50mg (M01AB),2016-06-15,5
Diclofenac 50mg (M01AB),2016-06-16,4
Diclofenac 50mg (M01AB),2016-06-17,3
Diclofenac 50mg (M01AB),2016-06-18,2
Diclofenac 50mg (M01AB),2016-06-19,6
Diclofenac 50mg (M01AB),2016-06-20,7
Diclofenac 50mg (M01AB),2016-06-21,7
Diclofenac 50mg (M01AB),2016-06-22,2
Diclofenac 50mg (M01AB),2016-06-23,3
Diclofenac 50mg (M01AB),2016-06-24,6
Diclofenac 50mg (M01AB),2016-06-25,6
Diclofenac 50mg (M01AB),2016-06-26,3
Diclofenac 50mg (M01AB),2016-06-27,6
Diclofenac 50mg (M01AB),2016-06-28,1
Diclofenac 50mg (M01AB),2016-06-29,7
Diclofenac 50mg (M01AB),2016-06-30,4
Diclofenac 50mg (M01AB),2016-07-01,4
Diclofenac 50mg (M01AB),2016-07-02,5
Diclofenac 50mg (M01AB),2016-07-03,7
Diclofenac 50mg (M01AB),2016-07-04,8
Diclofenac 50mg (M01AB),2016-07-05,6
Diclofenac 50mg (M01AB),2016-07-06,9
Diclofenac 50mg (M01AB),2016-07-07,7
Diclofenac 50mg (M01AB),2016-07-08,1
Diclofenac 50mg (M01AB),2016-07-09,3
Diclofenac 50mg (M01AB),2016-07-10,6
Diclofenac 50mg (M01AB),2016-07-11,6
Diclofenac 50mg (M01AB),2016-07-12,6
Diclofenac 50mg (M01AB),2016-07-13,6
Diclofenac 50mg (M01AB),2016-07-14,2
Diclofenac 50mg (M01AB),2016-07-15,3
Diclofenac 50mg (M01AB),2016-07-16,9
Diclofenac 50mg (M01AB),2016-07-17,9
Diclofenac 50mg (M01AB),2016-07-18,6
Diclofenac 50mg (M01AB),2016-07-19,7
Diclofenac 50mg (M01AB),2016-07-20,10
Diclofenac 50mg (M01AB),2016-07-21,6
Diclofenac 50mg (M01AB),2016-07-22,3
Diclofenac 50mg (M01AB),2016-07-23,5
Diclofenac 50mg (M01AB),2016-07-24,2
Diclofenac 50mg (M01AB),2016-07-25,13
Diclofenac 50mg (M01AB),2016-07-26,8
Diclofenac 50mg (M01AB),2016-07-27,3
Diclofenac 50mg (M01AB),2016-07-28,10
Diclofenac 50mg (M01AB),2016-07-29,10
Diclofenac 50mg (M01AB),2016-07-30,6
Diclofenac 50mg (M01AB),2016-07-31,6
Diclofenac 50mg (M01AB),2016-08-01,8
Diclofenac 50mg (M01AB),2016-08-02,8
Diclofenac 50mg (M01AB),2016-08-03,8
Diclofenac 50mg (M01AB),2016-08-04,8
Diclofenac 50mg (M01AB),2016-08-05,10
Diclofenac 50mg (M01AB),2016-08-06,3
Diclofenac 50mg (M01AB),2016-08-07,8
Diclofenac 50mg (M01AB),2016-08-08,8
Diclofenac 50mg (M01AB),2016-08-09,6
Diclofenac 50mg (M01AB),2016-08-10,11
Diclofenac 50mg (M01AB),2016-08-11,6
Diclofenac 50mg (M01AB),2016-08-12,9
Diclofenac 50mg (M01AB),2016-08-13,8
Diclofenac 50mg (M01AB),2016-08-14,5
Diclofenac 50mg (M01AB),2016-08-15,5
Diclofenac 50mg (M01AB),2016-08-16,10
Diclofenac 50mg (M01AB),2016-08-17,9
Diclofenac 50mg (M01AB),2016-08-18,7
Diclofenac 50mg (M01AB),2016-08-19,1
Diclofenac 50mg (M01AB),2016-08-20,4
Diclofenac 50mg (M01AB),2016-08-21,8
Diclofenac 50mg (M01AB),2016-08-22,3
Diclofenac 50mg (M01AB),2016-08-23,3
Diclofenac 50mg (M01AB),2016-08-24,9
Diclofenac 50mg (M01AB),2016-08-25,4
Diclofenac 50mg (M01AB),2016-08-26,4
Diclofenac 50mg (M01AB),2016-08-27,9
Diclofenac 50mg (M01AB),2016-08-28,7
Diclofenac 50mg (M01AB),2016-08-29,9
Diclofenac 50mg (M01AB),2016-08-30,5
Diclofenac 50mg (M01AB),2016-08-31,6
Diclofenac 50mg (M01AB),2016-09-01,5
Diclofenac 50mg (M01AB),2016-09-02,9
Diclofenac 50mg (M01AB),2016-09-03,5
Diclofenac 50mg (M01AB),2016-09-04,8
Diclofenac 50mg (M01AB),2016-09-05,3
Diclofenac 50mg (M01AB),2016-09-06,5
Diclofenac 50mg (M01AB),2016-09-07,2
Diclofenac 50mg (M01AB),2016-09-08,6
Diclofenac 50mg (M01AB),2016-09-09,5
Diclofenac 50mg (M01AB),2016-09-10,8
Diclofenac 50mg (M01AB),2016-09-11,3
Diclofenac 50mg (M01AB),2016-09-12,7
Diclofenac 50mg (M01AB),2016-09-13,7
Diclofenac 50mg (M01AB),2016-09-14,6
Diclofenac 50mg (M01AB),2016-09-15,3
Diclofenac 50mg (M01AB),2016-09-16,2
Diclofenac 50mg (M01AB),2016-09-17,7
Diclofenac 50mg (M01AB),2016-09-18,6
Diclofenac 50mg (M01AB),2016-09-19,4
Diclofenac 50mg (M01AB),2016-09-20,5
Diclofenac 50mg (M01AB),2016-09-21,8
Diclofenac 50mg (M01AB),2016-09-22,6
Diclofenac 50mg (M01AB),2016-09-23,2
Diclofenac 50mg (M01AB),2016-09-24,2
Diclofenac 50mg (M01AB),2016-09-25,6
Diclofenac 50mg (M01AB),2016-09-26,6
Diclofenac 50mg (M01AB),2016-09-27,7
Diclofenac 50mg (M01AB),2016-09-28,14
Diclofenac 50mg (M01AB),2016-09-29,7
Diclofenac 50mg (M01AB),2016-09-30,7
Diclofenac 50mg (M01AB),2016-10-01,7
Diclofenac 50mg (M01AB),2016-10-02,17
Diclofenac 50mg (M01AB),2016-10-03,3
Diclofenac 50mg (M01AB),2016-10-04,6
Diclofenac 50mg (M01AB),2016-10-05,4
Diclofenac 50mg (M01AB),2016-10-06,4
Diclofenac 50mg (M01AB),2016-10-07,4
Diclofenac 50mg (M01AB),2016-10-08,7
Diclofenac 50mg (M01AB),2016-10-09,7
Diclofenac 50mg (M01AB),2016-10-10,2
Diclofenac 50mg (M01AB),2016-10-11,7
Diclofenac 50mg (M01AB),2016-10-12,8
Diclofenac 50mg (M01AB),2016-10-13,5
Diclofenac 50mg (M01AB),2016-10-14,7
Diclofenac 50mg (M01AB),2016-10-15,4
Diclofenac 50mg (M01AB),2016-10-16,8
Diclofenac 50mg (M01AB),2016-10-17,2
Diclofenac 50mg (M01AB),2016-10-18,3
Diclofenac 50mg (M01AB),2016-10-19,4
Diclofenac 50mg (M01AB),2016-10-20,2
Diclofenac 50mg (M01AB),2016-10-21,9
Diclofenac 50mg (M01AB),2016-10-22,7
Diclofenac 50mg (M01AB),2016-10-23,12
Diclofenac 50mg (M01AB),2016-10-24,3
Diclofenac 50mg (M01AB),2016-10-25,4
Diclofenac 50mg (M01AB),2016-10-26,2
Diclofenac 50mg (M01AB),2016-10-27,6
Diclofenac 50mg (M01AB),2016-10-28,7
Diclofenac 50mg (M01AB),2016-10-29,15
Diclofenac 50mg (M01AB),2016-10-30,5
Diclofenac 50mg (M01AB),2016-10-31,3
Diclofenac 50mg (M01AB),2016-11-01,2
Diclofenac 50mg (M01AB),2016-11-02,4
Diclofenac 50mg (M01AB),2016-11-03,2
Diclofenac 50mg (M01AB),2016-11-04,8
Diclofenac 50mg (M01AB),2016-11-05,8
Diclofenac 50mg (M01AB),2016-11-06,8
Diclofenac 50mg (M01AB),2016-11-07,5
Diclofenac 50mg (M01AB),2016-11-08,7
Diclofenac 50mg (M01AB),2016-11-09,2
Diclofenac 50mg (M01AB),2016-11-10,7
Diclofenac 50mg (M01AB),2016-11-11,11
Diclofenac 50mg (M01AB),2016-11-12,8
Diclofenac 50mg (M01AB),2016-11-13,6
Diclofenac 50mg (M01AB),2016-11-14,10
Diclofenac 50mg (M01AB),2016-11-15,5
Diclofenac 50mg (M01AB),2016-11-16,4
Diclofenac 50mg (M01AB),2016-11-17,5
Diclofenac 50mg (M01AB),2016-11-18,1
Diclofenac 50mg (M01AB),2016-11-19,5
Diclofenac 50mg (M01AB),2016-11-20,7
Diclofenac 50mg (M01AB),2016-11-21,1
Diclofenac 50mg (M01AB),2016-11-22,4
Diclofenac 50mg (M01AB),2016-11-23,3
Diclofenac 50mg (M01AB),2016-11-24,9
Diclofenac 50mg (M01AB),2016-11-25,7
Diclofenac 50mg (M01AB),2016-11-26,3
Diclofenac 50mg (M01AB),2016-11-27,9
Diclofenac 50mg (M01AB),2016-11-28,4
Diclofenac 50mg (M01AB),2016-11-29,6
Diclofenac 50mg (M01AB),2016-11-30,3
Diclofenac 50mg (M01AB),2016-12-01,4
Diclofenac 50mg (M01AB),2016-12-02,6
Diclofenac 50mg (M01AB),2016-12-03,3
Diclofenac 50mg (M01AB),2016-12-04,7
Diclofenac 50mg (M01AB),2016-12-05,10
Diclofenac 50mg (M01AB),2016-12-06,6
Diclofenac 50mg (M01AB),2016-12-07,4
Diclofenac 50mg (M01AB),2016-12-08,6
Diclofenac 50mg (M01AB),2016-12-09,6
Diclofenac 50mg (M01AB),2016-12-10,7
Diclofenac 50mg (M01AB),2016-12-11,3
Diclofenac 50mg (M01AB),2016-12-12,4
Diclofenac 50mg (M01AB),2016-12-13,1
Diclofenac 50mg (M01AB),2016-12-14,6
Diclofenac 50mg (M01AB),2016-12-15,10
Diclofenac 50mg (M01AB),2016-12-16,7
Diclofenac 50mg (M01AB),2016-12-17,6
Diclofenac 50mg (M01AB),2016-12-18,2
Diclofenac 50mg (M01AB),2016-12-20,6
Diclofenac 50mg (M01AB),2016-12-21,1
Diclofenac 50mg (M01AB),2016-12-22,4
Diclofenac 50mg (M01AB),2016-12-23,5
Diclofenac 50mg (M01AB),2016-12-24,6
Diclofenac 50mg (M01AB),2016-12-25,2
Diclofenac 50mg (M01AB),2016-12-26,10
Diclofenac 50mg (M01AB),2016-12-27,6
Diclofenac 50mg (M01AB),2016-12-28,4
Diclofenac 50mg (M01AB),2016-12-29,11
Diclofenac 50mg (M01AB),2016-12-30,6
Diclofenac 50mg (M01AB),2016-12-31,8
Diclofenac 50mg (M01AB),2017-01-01,4
Diclofenac 50mg (M01AB),2017-01-03,6
Diclofenac 50mg (M01AB),2017-01-04,7
Diclofenac 50mg (M01AB),2017-01-05,8
Diclofenac 50mg (M01AB),2017-01-06,5
Diclofenac 50mg (M01AB),2017-01-07,3
Diclofenac 50mg (M01AB),2017-01-08,5
Diclofenac 50mg (M01AB),2017-01-09,4
Diclofenac 50mg (M01AB),2017-01-10,6
Diclofenac 50mg (M01AB),2017-01-11,9
Diclofenac 50mg (M01AB),2017-01-12,8
Diclofenac 50mg (M01AB),2017-01-13,7
Diclofenac 50mg (M01AB),2017-01-14,6
Diclofenac 50mg (M01AB),2017-01-15,8
Diclofenac 50mg (M01AB),2017-01-16,7
Diclofenac 50mg (M01AB),2017-01-17,7
Diclofenac 50mg (M01AB),2017-01-18,7
Diclofenac 50mg (M01AB),2017-01-19,5
Diclofenac 50mg (M01AB),2017-01-20,4
Diclofenac 50mg (M01AB),2017-01-21,6
Diclofenac 50mg (M01AB),2017-01-22,5
Diclofenac 50mg (M01AB),2017-01-23,5
Diclofenac 50mg (M01AB),2017-01-24,6
Diclofenac 50mg (M01AB),2017-01-25,8
Diclofenac 50mg (M01AB),2017-01-26,6
Diclofenac 50mg (M01AB),2017-01-27,8
Diclofenac 50mg (M01AB),2017-01-28,6
Diclofenac 50mg (M01AB),2017-01-29,5
Diclofenac 50mg (M01AB),2017-01-30,8
Diclofenac 50mg (M01AB),2017-01-31,4
Diclofenac 50mg (M01AB),2017-02-01,7
Diclofenac 50mg (M01AB),2017-02-02,8
Diclofenac 50mg (M01AB),2017-02-03,8
Diclofenac 50mg (M01AB),2017-02-04,8
Diclofenac 50mg (M01AB),2017-02-05,11
Diclofenac 50mg (M01AB),2017-02-06,10
Diclofenac 50mg (M01AB),2017-02-07,3
Diclofenac 50mg (M01AB),2017-02-08,11
Diclofenac 50mg (M01AB),2017-02-09,4
Diclofenac 50mg (M01AB),2017-02-10,4
Diclofenac 50mg (M01AB),2017-02-11,5
Diclofenac 50mg (M01AB),2017-02-12,10
Diclofenac 50mg (M01AB),2017-02-14,4
Diclofenac 50mg (M01AB),2017-02-15,6
Diclofenac 50mg (M01AB),2017-02-16,4
Diclofenac 50mg (M01AB),2017-02-17,3
Diclofenac 50mg (M01AB),2017-02-18,7
Diclofenac 50mg (M01AB),2017-02-19,3
Diclofenac 50mg (M01AB),2017-02-20,5
Diclofenac 50mg (M01AB),2017-02-21,5
Diclofenac 50mg (M01AB),2017-02-22,4
Diclofenac 50mg (M01AB),2017-02-23,7
Diclofenac 50mg (M01AB),2017-02-24,1
Diclofenac 50mg (M01AB),2017-02-25,6
Diclofenac 50mg (M01AB),2017-02-26,5
Diclofenac 50mg (M01AB),2017-02-27,6
Diclofenac 50mg (M01AB),2017-02-28,5
Diclofenac 50mg (M01AB),2017-03-01,4
Diclofenac 50mg (M01AB),2017-03-02,5
Diclofenac 50mg (M01AB),2017-03-03,9
Diclofenac 50mg (M01AB),2017-03-04,5
Diclofenac 50mg (M01AB),2017-03-05,12
Diclofenac 50mg (M01AB),2017-03-06,7
Diclofenac 50mg (M01AB),2017-03-07,2
Diclofenac 50mg (M01AB),2017-03-08,1
Diclofenac 50mg (M01AB),2017-03-09,11
Diclofenac 50mg (M01AB),2017-03-10,2
Diclofenac 50mg (M01AB),2017-03-11,6
Diclofenac 50mg (M01AB),2017-03-12,8
Diclofenac 50mg (M01AB),2017-03-13,2
Diclofenac 50mg (M01AB),2017-03-14,3
Diclofenac 50mg (M01AB),2017-03-15,4
Diclofenac 50mg (M01AB),2017-03-16,6
Diclofenac 50mg (M01AB),2017-03-17,4
Diclofenac 50mg (M01AB),2017-03-18,5
Diclofenac 50mg (M01AB),2017-03-19,10
Diclofenac 50mg (M01AB),2017-03-20,2
Diclofenac 50mg (M01AB),2017-03-21,9
Diclofenac 50mg (M01AB),2017-03-22,2
Diclofenac 50mg (M01AB),2017-03-23,7
Diclofenac 50mg (M01AB),2017-03-24,2
Diclofenac 50mg (M01AB),2017-03-25,10
Diclofenac 50mg (M01AB),2017-03-26,5
Diclofenac 50mg (M01AB),2017-03-27,5
Diclofenac 50mg (M01AB),2017-03-28,3
Diclofenac 50mg (M01AB),2017-03-29,6
Diclofenac 50mg (M01AB),2017-03-30,1
Diclofenac 50mg (M01AB),2017-03-31,4
Diclofenac 50mg (M01AB),2017-04-01,2
Diclofenac 50mg (M01AB),2017-04-02,7
Diclofenac 50mg (M01AB),2017-04-03,6
Diclofenac 50mg (M01AB),2017-04-05,5
Diclofenac 50mg (M01AB),2017-04-06,5
Diclofenac 50mg (M01AB),2017-04-07,4
Diclofenac 50mg (M01AB),2017-04-08,8
Diclofenac 50mg (M01AB),2017-04-09,5
Diclofenac 50mg (M01AB),2017-04-10,9
Diclofenac 50mg (M01AB),2017-04-11,4
Diclofenac 50mg (M01AB),2017-04-12,12
Diclofenac 50mg (M01AB),2017-04-13,5
Diclofenac 50mg (M01AB),2017-04-14,7
Diclofenac 50mg (M01AB),2017-04-15,12
Diclofenac 50mg (M01AB),2017-04-17,4
Diclofenac 50mg (M01AB),2017-04-18,7
Diclofenac 50mg (M01AB),2017-04-19,1
Diclofenac 50mg (M01AB),2017-04-20,5
Diclofenac 50mg (M01AB),2017-04-21,4
Diclofenac 50mg (M01AB),2017-04-22,3
Diclofenac 50mg (M01AB),2017-04-23,9
Diclofenac 50mg (M01AB),2017-04-24,9
Diclofenac 50mg (M01AB),2017-04-25,8
Diclofenac 50mg (M01AB),2017-04-26,3
Diclofenac 50mg (M01AB),2017-04-27,3
Diclofenac 50mg (M01AB),2017-04-28,3
Diclofenac 50mg (M01AB),2017-04-29,5
Diclofenac 50mg (M01AB),2017-04-30,1
Diclofenac 50mg (M01AB),2017-05-02,2
Diclofenac 50mg (M01AB),2017-05-03,1
Diclofenac 50mg (M01AB),2017-05-04,6
Diclofenac 50mg (M01AB),2017-05-05,2
Diclofenac 50mg (M01AB),2017-05-06,7
Diclofenac 50mg (M01AB),2017-05-07,6
Diclofenac 50mg (M01AB),2017-05-08,2
Diclofenac 50mg (M01AB),2017-05-09,7
Diclofenac 50mg (M01AB),2017-05-10,9
Diclofenac 50mg (M01AB),2017-05-11,6
Diclofenac 50mg (M01AB),2017-05-12,5
Diclofenac 50mg (M01AB),2017-05-13,5
Diclofenac 50mg (M01AB),2017-05-14,5
Diclofenac 50mg (M01AB),2017-05-15,5
Diclofenac 50mg (M01AB),2017-05-16,2
Diclofenac 50mg (M01AB),2017-05-17,6
Diclofenac 50mg (M01AB),2017-05-18,3
Diclofenac 50mg (M01AB),2017-05-19,4
Diclofenac 50mg (M01AB),2017-05-20,4
Diclofenac 50mg (M01AB),2017-05-21,6
Diclofenac 50mg (M01AB),2017-05-22,5
Diclofenac 50mg (M01AB),2017-05-23,3
Diclofenac 50mg (M01AB),2017-05-24,7
Diclofenac 50mg (M01AB),2017-05-25,6
Diclofenac 50mg (M01AB),2017-05-26,2
Diclofenac 50mg (M01AB),2017-05-27,7
Diclofenac 50mg (M01AB),2017-05-28,2
Diclofenac 50mg (M01AB),2017-05-29,3
Diclofenac 50mg (M01AB),2017-05-30,8
Diclofenac 50mg (M01AB),2017-05-31,4
Diclofenac 50mg (M01AB),2017-06-01,1
Diclofenac 50mg (M01AB),2017-06-02,2
Diclofenac 50mg (M01AB),2017-06-03,5
Diclofenac 50mg (M01AB),2017-06-04,7
Diclofenac 50mg (M01AB),2017-06-05,3
Diclofenac 50mg (M01AB),2017-06-06,1
Diclofenac 50mg (M01AB),2017-06-07,5
Diclofenac 50mg (M01AB),2017-06-08,5
Diclofenac 50mg (M01AB),2017-06-09,1
Diclofenac 50mg (M01AB),2017-06-10,9
Diclofenac 50mg (M01AB),2017-06-11,6
Diclofenac 50mg (M01AB),2017-06-12,4
Diclofenac 50mg (M01AB),2017-06-13,3
Diclofenac 50mg (M01AB),2017-06-14,1
Diclofenac 50mg (M01AB),2017-06-15,3
Diclofenac 50mg (M01AB),2017-06-16,4
Diclofenac 50mg (M01AB),2017-06-17,2
Diclofenac 50mg (M01AB),2017-06-18,4
Diclofenac 50mg (M01AB),2017-06-19,1
Diclofenac 50mg (M01AB),2017-06-20,9
Diclofenac 50mg (M01AB),2017-06-21,4
Diclofenac 50mg (M01AB),2017-06-22,1
Diclofenac 50mg (M01AB),2017-06-23,1
Diclofenac 50mg (M01AB),2017-06-24,5
Diclofenac 50mg (M01AB),2017-06-25,6
Diclofenac 50mg (M01AB),2017-06-26,8
Diclofenac 50mg (M01AB),2017-06-27,4
Diclofenac 50mg (M01AB),2017-06-28,4
Diclofenac 50mg (M01AB),2017-06-29,4
Diclofenac 50mg (M01AB),2017-06-30,7
Diclofenac 50mg (M01AB),2017-07-01,3
Diclofenac 50mg (M01AB),2017-07-02,5
Diclofenac 50mg (M01AB),2017-07-03,4
Diclofenac 50mg (M01AB),2017-07-04,11
Diclofenac 50mg (M01AB),2017-07-05,4
Diclofenac 50mg (M01AB),2017-07-06,4
Diclofenac 50mg (M01AB),2017-07-07,5
Diclofenac 50mg (M01AB),2017-07-08,5
Diclofenac 50mg (M01AB),2017-07-09,2
Diclofenac 50mg (M01AB),2017-07-10,2
Diclofenac 50mg (M01AB),2017-07-11,3
Diclofenac 50mg (M01AB),2017-07-12,2
Diclofenac 50mg (M01AB),2017-07-13,3
Diclofenac 50mg (M01AB),2017-07-14,2
Diclofenac 50mg (M01AB),2017-07-15,3
Diclofenac 50mg (M01AB),2017-07-16,11
Diclofenac 50mg (M01AB),2017-07-17,9
Diclofenac 50mg (M01AB),2017-07-18,10
Diclofenac 50mg (M01AB),2017-07-19,6
Diclofenac 50mg (M01AB),2017-07-20,5
Diclofenac 50mg (M01AB),2017-07-21,2
Diclofenac 50mg (M01AB),2017-07-22,3
Diclofenac 50mg (M01AB),2017-07-23,6
Diclofenac 50mg (M01AB),2017-07-24,4
Diclofenac 50mg (M01AB),2017-07-25,6
Diclofenac 50mg (M01AB),2017-07-26,3
Diclofenac 50mg (M01AB),2017-07-27,5
Diclofenac 50mg (M01AB),2017-07-28,4
Diclofenac 50mg (M01AB),2017-07-29,3
Diclofenac 50mg (M01AB),2017-07-30,4
Diclofenac 50mg (M01AB),2017-07-31,7
Diclofenac 50mg (M01AB),2017-08-01,7
Diclofenac 50mg (M01AB),2017-08-02,6
Diclofenac 50mg (M01AB),2017-08-03,6
Diclofenac 50mg (M01AB),2017-08-04,8
Diclofenac 50mg (M01AB),2017-08-05,5
Diclofenac 50mg (M01AB),2017-08-06,2
Diclofenac 50mg (M01AB),2017-08-07,1
Diclofenac 50mg (M01AB),2017-08-08,6
Diclofenac 50mg (M01AB),2017-08-09,2
Diclofenac 50mg (M01AB),2017-08-11,4
Diclofenac 50mg (M01AB),2017-08-12,3
Diclofenac 50mg (M01AB),2017-08-13,4
Diclofenac 50mg (M01AB),2017-08-14,11
Diclofenac 50mg (M01AB),2017-08-15,2
Diclofenac 50mg (M01AB),2017-08-16,5
Diclofenac 50mg (M01AB),2017-08-17,5
Diclofenac 50mg (M01AB),2017-08-18,2
Diclofenac 50mg (M01AB),2017-08-19,5
Diclofenac 50mg (M01AB),2017-08-20,4
Diclofenac 50mg (M01AB),2017-08-21,9
Diclofenac 50mg (M01AB),2017-08-22,6
Diclofenac 50mg (M01AB),2017-08-23,3
Diclofenac 50mg (M01AB),2017-08-24,8
Diclofenac 50mg (M01AB),2017-08-25,6
Diclofenac 50mg (M01AB),2017-08-26,5
Diclofenac 50mg (M01AB),2017-08-27,3
Diclofenac 50mg (M01AB),2017-08-28,8
Diclofenac 50mg (M01AB),2017-08-29,7
Diclofenac 50mg (M01AB),2017-08-30,8
Diclofenac 50mg (M01AB),2017-08-31,17
Diclofenac 50mg (M01AB),2017-09-01,3
Diclofenac 50mg (M01AB),2017-09-02,6
Diclofenac 50mg (M01AB),2017-09-03,7
Diclofenac 50mg (M01AB),2017-09-04,6
Diclofenac 50mg (M01AB),2017-09-05,6
Diclofenac 50mg (M01AB),2017-09-06,4
Diclofenac 50mg (M01AB),2017-09-07,3
Diclofenac 50mg (M01AB),2017-09-08,9
Diclofenac 50mg (M01AB),2017-09-09,6
Diclofenac 50mg (M01AB),2017-09-10,3
Diclofenac 50mg (M01AB),2017-09-11,2
Diclofenac 50mg (M01AB),2017-09-12,1
Diclofenac 50mg (M01AB),2017-09-13,4
Diclofenac 50mg (M01AB),2017-09-14,5
Diclofenac 50mg (M01AB),2017-09-15,3
Diclofenac 50mg (M01AB),2017-09-16,7
Diclofenac 50mg (M01AB),2017-09-17,5
Diclofenac 50mg (M01AB),2017-09-18,9
Diclofenac 50mg (M01AB),2017-09-19,3
Diclofenac 50mg (M01AB),2017-09-20,2
Diclofenac 50mg (M01AB),2017-09-21,7
Diclofenac 50mg (M01AB),2017-09-22,5
Diclofenac 50mg (M01AB),2017-09-23,10
Diclofenac 50mg (M01AB),2017-09-24,4
Diclofenac 50mg (M01AB),2017-09-25,1
Diclofenac 50mg (M01AB),2017-09-26,2
Diclofenac 50mg (M01AB),2017-09-27,4
Diclofenac 50mg (M01AB),2017-09-28,3
Diclofenac 50mg (M01AB),2017-09-29,1
Diclofenac 50mg (M01AB),2017-09-30,5
Diclofenac 50mg (M01AB),2017-10-01,4
Diclofenac 50mg (M01AB),2017-10-02,8
Diclofenac 50mg (M01AB),2017-10-04,2
Diclofenac 50mg (M01AB),2017-10-05,5
Diclofenac 50mg (M01AB),2017-10-06,4
Diclofenac 50mg (M01AB),2017-10-07,4
Diclofenac 50mg (M01AB),2017-10-08,9
Diclofenac 50mg (M01AB),2017-10-10,10
Diclofenac 50mg (M01AB),2017-10-11,4
Diclofenac 50mg (M01AB),2017-10-12,4
Diclofenac 50mg (M01AB),2017-10-13,5
Diclofenac 50mg (M01AB),2017-10-14,5
Diclofenac 50mg (M01AB),2017-10-15,6
Diclofenac 50mg (M01AB),2017-10-16,2
Diclofenac 50mg (M01AB),2017-10-17,3
Diclofenac 50mg (M01AB),2017-10-18,5
Diclofenac 50mg (M01AB),2017-10-19,4
Diclofenac 50mg (M01AB),2017-10-20,3
Diclofenac 50mg (M01AB),2017-10-21,3
Diclofenac 50mg (M01AB),2017-10-22,8
Diclofenac 50mg (M01AB),2017-10-23,3
Diclofenac 50mg (M01AB),2017-10-24,2
Diclofenac 50mg (M01AB),2017-10-25,6
Diclofenac 50mg (M01AB),2017-10-26,1
Diclofenac 50mg (M01AB),2017-10-27,6
Diclofenac 50mg (M01AB),2017-10-28,5
Diclofenac 50mg (M01AB),2017-10-29,8
Diclofenac 50mg (M01AB),2017-10-30,2
Diclofenac 50mg (M01AB),2017-10-31,4
Diclofenac 50mg (M01AB),2017-11-01,1
Diclofenac 50mg (M01AB),2017-11-02,4
Diclofenac 50mg (M01AB),2017-11-03,2
Diclofenac 50mg (M01AB),2017-11-04,10
Diclofenac 50mg (M01AB),2017-11-05,6
Diclofenac 50mg (M01AB),2017-11-06,8
Diclofenac 50mg (M01AB),2017-11-07,1
Diclofenac 50mg (M01AB),2017-11-08,6
Diclofenac 50mg (M01AB),2017-11-09,3
Diclofenac 50mg (M01AB),2017-11-10,9
Diclofenac 50mg (M01AB),2017-11-11,8
Diclofenac 50mg (M01AB),2017-11-12,5
Diclofenac 50mg (M01AB),2017-11-13,9
Diclofenac 50mg (M01AB),2017-11-14,3
Diclofenac 50mg (M01AB),2017-11-15,5
Diclofenac 50mg (M01AB),2017-11-16,5
Diclofenac 50mg (M01AB),2017-11-17,3
Diclofenac 50mg (M01AB),2017-11-18,5
Diclofenac 50mg (M01AB),2017-11-19,4
Diclofenac 50mg (M01AB),2017-11-20,2
Diclofenac 50mg (M01AB),2017-11-21,13
Diclofenac 50mg (M01AB),2017-11-22,2
Diclofenac 50mg (M01AB),2017-11-23,9
Diclofenac 50mg (M01AB),2017-11-24,8
Diclofenac 50mg (M01AB),2017-11-25,5
Diclofenac 50mg (M01AB),2017-11-26,6
Diclofenac 50mg (M01AB),2017-11-27,1
Diclofenac 50mg (M01AB),2017-11-28,5
Diclofenac 50mg (M01AB),2017-11-29,6
Diclofenac 50mg (M01AB),2017-11-30,6
Diclofenac 50mg (M01AB),2017-12-01,10
Diclofenac 50mg (M01AB),2017-12-02,4
Diclofenac 50mg (M01AB),2017-12-03,5
Diclofenac 50mg (M01AB),2017-12-04,1
Diclofenac 50mg (M01AB),2017-12-05,4
Diclofenac 50mg (M01AB),2017-12-06,4
Diclofenac 50mg (M01AB),2017-12-07,3
Diclofenac 50mg (M01AB),2017-12-08,5
Diclofenac 50mg (M01AB),2017-12-09,5
Diclofenac 50mg (M01AB),2017-12-10,5
Diclofenac 50mg (M01AB),2017-12-11,8
Diclofenac 50mg (M01AB),2017-12-12,1
Diclofenac 50mg (M01AB),2017-12-13,4
Diclofenac 50mg (M01AB),2017-12-14,3
Diclofenac 50mg (M01AB),2017-12-15,4
Diclofenac 50mg (M01AB),2017-12-16,11
Diclofenac 50mg (M01AB),2017-12-17,7
Diclofenac 50mg (M01AB),2017-12-18,1
Diclofenac 50mg (M01AB),2017-12-20,2
Diclofenac 50mg (M01AB),2017-12-21,2
Diclofenac 50mg (M01AB),2017-12-22,6
Diclofenac 50mg (M01AB),2017-12-23,6
Diclofenac 50mg (M01AB),2017-12-24,8
Diclofenac 50mg (M01AB),2017-12-25,1
Diclofenac 50mg (M01AB),2017-12-26,3
Diclofenac 50mg (M01AB),2017-12-27,7
Diclofenac 50mg (M01AB),2017-12-28,7
Diclofenac 50mg (M01AB),2017-12-29,9
Diclofenac 50mg (M01AB),2017-12-30,9
Diclofenac 50mg (M01AB),2017-12-31,14
Diclofenac 50mg (M01AB),2018-01-02,1
Diclofenac 50mg (M01AB),2018-01-03,5
Diclofenac 50mg (M01AB),2018-01-04,6
Diclofenac 50mg (M01AB),2018-01-05,12
Diclofenac 50mg (M01AB),2018-01-06,5
Diclofenac 50mg (M01AB),2018-01-08,2
Diclofenac 50mg (M01AB),2018-01-09,5
Diclofenac 50mg (M01AB),2018-01-10,9
Diclofenac 50mg (M01AB),2018-01-11,4
Diclofenac 50mg (M01AB),2018-01-12,6
Diclofenac 50mg (M01AB),2018-01-13,4
Diclofenac 50mg (M01AB),2018-01-14,4
Diclofenac 50mg (M01AB),2018-01-15,7
Diclofenac 50mg (M01AB),2018-01-16,6
Diclofenac 50mg (M01AB),2018-01-17,7
Diclofenac 50mg (M01AB),2018-01-18,4
Diclofenac 50mg (M01AB),2018-01-19,6
Diclofenac 50mg (M01AB),2018-01-20,3
Diclofenac 50mg (M01AB),2018-01-21,3
Diclofenac 50mg (M01AB),2018-01-22,6
Diclofenac 50mg (M01AB),2018-01-23,1
Diclofenac 50mg (M01AB),2018-01-24,7
Diclofenac 50mg (M01AB),2018-01-25,4
Diclofenac 50mg (M01AB),2018-01-26,3
Diclofenac 50mg (M01AB),2018-01-27,3
Diclofenac 50mg (M01AB),2018-01-28,2
Diclofenac 50mg (M01AB),2018-01-29,2
Diclofenac 50mg (M01AB),2018-01-30,4
Diclofenac 50mg (M01AB),2018-02-01,5
Diclofenac 50mg (M01AB),2018-02-02,2
Diclofenac 50mg (M01AB),2018-02-03,4
Diclofenac 50mg (M01AB),2018-02-04,8
Diclofenac 50mg (M01AB),2018-02-05,7
Diclofenac 50mg (M01AB),2018-02-06,4
Diclofenac 50mg (M01AB),2018-02-07,5
Diclofenac 50mg (M01AB),2018-02-08,6
Diclofenac 50mg (M01AB),2018-02-09,3
Diclofenac 50mg (M01AB),2018-02-10,10
Diclofenac 50mg (M01AB),2018-02-11,6
Diclofenac 50mg (M01AB),2018-02-12,8
Diclofenac 50mg (M01AB),2018-02-13,6
Diclofenac 50mg (M01AB),2018-02-14,1
Diclofenac 50mg (M01AB),2018-02-15,2
Diclofenac 50mg (M01AB),2018-02-16,8
Diclofenac 50mg (M01AB),2018-02-17,1
Diclofenac 50mg (M01AB),2018-02-18,6
Diclofenac 50mg (M01AB),2018-02-19,1
Diclofenac 50mg (M01AB),2018-02-20,4
Diclofenac 50mg (M01AB),2018-02-21,1
Diclofenac 50mg (M01AB),2018-02-22,5
Diclofenac 50mg (M01AB),2018-02-23,6
Diclofenac 50mg (M01AB),2018-02-24,8
Diclofenac 50mg (M01AB),2018-02-25,4
Diclofenac 50mg (M01AB),2018-02-26,1
Diclofenac 50mg (M01AB),2018-02-27,3
Diclofenac 50mg (M01AB),2018-02-28,1
Diclofenac 50mg (M01AB),2018-03-01,1
Diclofenac 50mg (M01AB),2018-03-02,4
Diclofenac 50mg (M01AB),2018-03-03,8
Diclofenac 50mg (M01AB),2018-03-04,1
Diclofenac 50mg (M01AB),2018-03-05,4
Diclofenac 50mg (M01AB),2018-03-06,10
Diclofenac 50mg (M01AB),2018-03-07,4
Diclofenac 50mg (M01AB),2018-03-08,1
Diclofenac 50mg (M01AB),2018-03-09,6
Diclofenac 50mg (M01AB),2018-03-10,6
Diclofenac 50mg (M01AB),2018-03-11,5
Diclofenac 50mg (M01AB),2018-03-12,9
Diclofenac 50mg (M01AB),2018-03-13,2
Diclofenac 50mg (M01AB),2018-03-14,2
Diclofenac 50mg (M01AB),2018-03-15,3
Diclofenac 50mg (M01AB),2018-03-16,3
Diclofenac 50mg (M01AB),2018-03-17,4
Diclofenac 50mg (M01AB),2018-03-18,7
Diclofenac 50mg (M01AB),2018-03-19,4
Diclofenac 50mg (M01AB),2018-03-20,3
Diclofenac 50mg (M01AB),2018-03-21,2
Diclofenac 50mg (M01AB),2018-03-22,3
Diclofenac 50mg (M01AB),2018-03-23,5
Diclofenac 50mg (M01AB),2018-03-24,7
Diclofenac 50mg (M01AB),2018-03-25,4
Diclofenac 50mg (M01AB),2018-03-26,5
Diclofenac 50mg (M01AB),2018-03-27,4
Diclofenac 50mg (M01AB),2018-03-28,6
Diclofenac 50mg (M01AB),2018-03-29,7
Diclofenac 50mg (M01AB),2018-03-30,5
Diclofenac 50mg (M01AB),2018-03-31,9
Diclofenac 50mg (M01AB),2018-04-01,7
Diclofenac 50mg (M01AB),2018-04-02,6
Diclofenac 50mg (M01AB),2018-04-03,1
Diclofenac 50mg (M01AB),2018-04-04,6
Diclofenac 50mg (M01AB),2018-04-05,6
Diclofenac 50mg (M01AB),2018-04-06,4
Diclofenac 50mg (M01AB),2018-04-07,16
Diclofenac 50mg (M01AB),2018-04-09,5
Diclofenac 50mg (M01AB),2018-04-10,2
Diclofenac 50mg (M01AB),2018-04-11,7
Diclofenac 50mg (M01AB),2018-04-12,5
Diclofenac 50mg (M01AB),2018-04-13,4
Diclofenac 50mg (M01AB),2018-04-14,8
Diclofenac 50mg (M01AB),2018-04-15,8
Diclofenac 50mg (M01AB),2018-04-16,2
Diclofenac 50mg (M01AB),2018-04-17,3
Diclofenac 50mg (M01AB),2018-04-18,5
Diclofenac 50mg (M01AB),2018-04-19,5
Diclofenac 50mg (M01AB),2018-04-20,5
Diclofenac 50mg (M01AB),2018-04-21,4
Diclofenac 50mg (M01AB),2018-04-22,6
Diclofenac 50mg (M01AB),2018-04-23,7
Diclofenac 50mg (M01AB),2018-04-24,6
Diclofenac 50mg (M01AB),2018-04-25,9
Diclofenac 50mg (M01AB),2018-04-26,5
Diclofenac 50mg (M01AB),2018-04-27,7
Diclofenac 50mg (M01AB),2018-04-28,9
Diclofenac 50mg (M01AB),2018-04-29,7
Diclofenac 50mg (M01AB),2018-04-30,5
Diclofenac 50mg (M01AB),2018-05-01,2
Diclofenac 50mg (M01AB),2018-05-02,6
Diclofenac 50mg (M01AB),2018-05-03,2
Diclofenac 50mg (M01AB),2018-05-04,1
Diclofenac 50mg (M01AB),2018-05-05,9
Diclofenac 50mg (M01AB),2018-05-06,3
Diclofenac 50mg (M01AB),2018-05-07,10
Diclofenac 50mg (M01AB),2018-05-08,10
Diclofenac 50mg (M01AB),2018-05-09,9
Diclofenac 50mg (M01AB),2018-05-10,8
Diclofenac 50mg (M01AB),2018-05-11,9
Diclofenac 50mg (M01AB),2018-05-12,1
Diclofenac 50mg (M01AB),2018-05-13,5
Diclofenac 50mg (M01AB),2018-05-14,6
Diclofenac 50mg (M01AB),2018-05-15,4
Diclofenac 50mg (M01AB),2018-05-16,4
Diclofenac 50mg (M01AB),2018-05-17,2
Diclofenac 50mg (M01AB),2018-05-18,2
Diclofenac 50mg (M01AB),2018-05-19,2
Diclofenac 50mg (M01AB),2018-05-20,7
Diclofenac 50mg (M01AB),2018-05-21,12
Diclofenac 50mg (M01AB),2018-05-22,4
Diclofenac 50mg (M01AB),2018-05-23,2
Diclofenac 50mg (M01AB),2018-05-24,2
Diclofenac 50mg (M01AB),2018-05-25,2
Diclofenac 50mg (M01AB),2018-05-26,3
Diclofenac 50mg (M01AB),2018-05-27,6
Diclofenac 50mg (M01AB),2018-05-28,7
Diclofenac 50mg (M01AB),2018-05-29,9
Diclofenac 50mg (M01AB),2018-05-30,4
Diclofenac 50mg (M01AB),2018-05-31,4
Diclofenac 50mg (M01AB),2018-06-01,12
Diclofenac 50mg (M01AB),2018-06-02,8
Diclofenac 50mg (M01AB),2018-06-03,5
Diclofenac 50mg (M01AB),2018-06-04,3
Diclofenac 50mg (M01AB),2018-06-05,4
Diclofenac 50mg (M01AB),2018-06-06,6
Diclofenac 50mg (M01AB),2018-06-07,2
Diclofenac 50mg (M01AB),2018-06-08,4
Diclofenac 50mg (M01AB),2018-06-09,8
Diclofenac 50mg (M01AB),2018-06-10,3
Diclofenac 50mg (M01AB),2018-06-11,8
Diclofenac 50mg (M01AB),2018-06-12,2
Diclofenac 50mg (M01AB),2018-06-13,12
Diclofenac 50mg (M01AB),2018-06-15,1
Diclofenac 50mg (M01AB),2018-06-16,3
Diclofenac 50mg (M01AB),2018-06-17,5
Diclofenac 50mg (M01AB),2018-06-18,4
Diclofenac 50mg (M01AB),2018-06-19,4
Diclofenac 50mg (M01AB),2018-06-20,4
Diclofenac 50mg (M01AB),2018-06-21,3
Diclofenac 50mg (M01AB),2018-06-22,5
Diclofenac 50mg (M01AB),2018-06-23,5
Diclofenac 50mg (M01AB),2018-06-24,2
Diclofenac 50mg (M01AB),2018-06-25,3
Diclofenac 50mg (M01AB),2018-06-26,10
Diclofenac 50mg (M01AB),2018-06-27,2
Diclofenac 50mg (M01AB),2018-06-28,3
Diclofenac 50mg (M01AB),2018-06-29,1
Diclofenac 50mg (M01AB),2018-06-30,7
Diclofenac 50mg (M01AB),2018-07-01,2
Diclofenac 50mg (M01AB),2018-07-02,3
Diclofenac 50mg (M01AB),2018-07-03,6
Diclofenac 50mg (M01AB),2018-07-04,1
Diclofenac 50mg (M01AB),2018-07-05,4
Diclofenac 50mg (M01AB),2018-07-06,2
Diclofenac 50mg (M01AB),2018-07-07,6
Diclofenac 50mg (M01AB),2018-07-08,7
Diclofenac 50mg (M01AB),2018-07-09,3
Diclofenac 50mg (M01AB),2018-07-10,6
Diclofenac 50mg (M01AB),2018-07-11,10
Diclofenac 50mg (M01AB),2018-07-12,3
Diclofenac 50mg (M01AB),2018-07-13,1
Diclofenac 50mg (M01AB),2018-07-15,10
Diclofenac 50mg (M01AB),2018-07-16,9
Diclofenac 50mg (M01AB),2018-07-17,2
Diclofenac 50mg (M01AB),2018-07-18,2
Diclofenac 50mg (M01AB),2018-07-19,7
Diclofenac 50mg (M01AB),2018-07-20,5
Diclofenac 50mg (M01AB),2018-07-21,4
Diclofenac 50mg (M01AB),2018-07-22,4
Diclofenac 50mg (M01AB),2018-07-23,9
Diclofenac 50mg (M01AB),2018-07-24,10
Diclofenac 50mg (M01AB),2018-07-25,5
Diclofenac 50mg (M01AB),2018-07-26,4
Diclofenac 50mg (M01AB),2018-07-27,2
Diclofenac 50mg (M01AB),2018-07-28,6
Diclofenac 50mg (M01AB),2018-07-29,4
Diclofenac 50mg (M01AB),2018-07-30,3
Diclofenac 50mg (M01AB),2018-07-31,7
Diclofenac 50mg (M01AB),2018-08-01,1
Diclofenac 50mg (M01AB),2018-08-03,4
Diclofenac 50mg (M01AB),2018-08-04,5
Diclofenac 50mg (M01AB),2018-08-05,6
Diclofenac 50mg (M01AB),2018-08-06,8
Diclofenac 50mg (M01AB),2018-08-07,2
Diclofenac 50mg (M01AB),2018-08-08,4
Diclofenac 50mg (M01AB),2018-08-09,3
Diclofenac 50mg (M01AB),2018-08-10,6
Diclofenac 50mg (M01AB),2018-08-11,4
Diclofenac 50mg (M01AB),2018-08-12,11
Diclofenac 50mg (M01AB),2018-08-13,3
Diclofenac 50mg (M01AB),2018-08-14,1
Diclofenac 50mg (M01AB),2018-08-15,8
Diclofenac 50mg (M01AB),2018-08-16,3
Diclofenac 50mg (M01AB),2018-08-17,2
Diclofenac 50mg (M01AB),2018-08-18,6
Diclofenac 50mg (M01AB),2018-08-19,6
Diclofenac 50mg (M01AB),2018-08-20,4
Diclofenac 50mg (M01AB),2018-08-21,2
Diclofenac 50mg (M01AB),2018-08-22,5
Diclofenac 50mg (M01AB),2018-08-23,5
Diclofenac 50mg (M01AB),2018-08-24,4
Diclofenac 50mg (M01AB),2018-08-25,4
Diclofenac 50mg (M01AB),2018-08-26,11
Diclofenac 50mg (M01AB),2018-08-27,3
Diclofenac 50mg (M01AB),2018-08-28,2
Diclofenac 50mg (M01AB),2018-08-29,7
Diclofenac 50mg (M01AB),2018-08-30,2
Diclofenac 50mg (M01AB),2018-08-31,4
Diclofenac 50mg (M01AB),2018-09-01,2
Diclofenac 50mg (M01AB),2018-09-02,7
Diclofenac 50mg (M01AB),2018-09-03,1
Diclofenac 50mg (M01AB),2018-09-04,4
Diclofenac 50mg (M01AB),2018-09-05,6
Diclofenac 50mg (M01AB),2018-09-06,7
Diclofenac 50mg (M01AB),2018-09-07,2
Diclofenac 50mg (M01AB),2018-09-08,10
Diclofenac 50mg (M01AB),2018-09-09,4
Diclofenac 50mg (M01AB),2018-09-10,7
Diclofenac 50mg (M01AB),2018-09-11,9
Diclofenac 50mg (M01AB),2018-09-12,4
Diclofenac 50mg (M01AB),2018-09-13,3
Diclofenac 50mg (M01AB),2018-09-14,8
Diclofenac 50mg (M01AB),2018-09-15,6
Diclofenac 50mg (M01AB),2018-09-16,3
Diclofenac 50mg (M01AB),2018-09-17,3
Diclofenac 50mg (M01AB),2018-09-18,4
Diclofenac 50mg (M01AB),2018-09-19,6
Diclofenac 50mg (M01AB),2018-09-20,2
Diclofenac 50mg (M01AB),2018-09-21,5
Diclofenac 50mg (M01AB),2018-09-22,6
Diclofenac 50mg (M01AB),2018-09-23,7
Diclofenac 50mg (M01AB),2018-09-24,7
Diclofenac 50mg (M01AB),2018-09-25,6
Diclofenac 50mg (M01AB),2018-09-26,3
Diclofenac 50mg (M01AB),2018-09-27,4
Diclofenac 50mg (M01AB),2018-09-28,2
Diclofenac 50mg (M01AB),2018-09-29,4
Diclofenac 50mg (M01AB),2018-09-30,11
Diclofenac 50mg (M01AB),2018-10-01,3
Diclofenac 50mg (M01AB),2018-10-02,6
Diclofenac 50mg (M01AB),2018-10-03,6
Diclofenac 50mg (M01AB),2018-10-04,6
Diclofenac 50mg (M01AB),2018-10-05,5
Diclofenac 50mg (M01AB),2018-10-06,2
Diclofenac 50mg (M01AB),2018-10-07,3
Diclofenac 50mg (M01AB),2018-10-08,4
Diclofenac 50mg (M01AB),2018-10-09,2
Diclofenac 50mg (M01AB),2018-10-10,9
Diclofenac 50mg (M01AB),2018-10-11,2
Diclofenac 50mg (M01AB),2018-10-12,6
Diclofenac 50mg (M01AB),2018-10-13,7
Diclofenac 50mg (M01AB),2018-10-14,2
Diclofenac 50mg (M01AB),2018-10-15,7
Diclofenac 50mg (M01AB),2018-10-16,6
Diclofenac 50mg (M01AB),2018-10-17,2
Diclofenac 50mg (M01AB),2018-10-18,4
Diclofenac 50mg (M01AB),2018-10-19,4
Diclofenac 50mg (M01AB),2018-10-20,2
Diclofenac 50mg (M01AB),2018-10-21,7
Diclofenac 50mg (M01AB),2018-10-22,3
Diclofenac 50mg (M01AB),2018-10-23,2
Diclofenac 50mg (M01AB),2018-10-24,4
Diclofenac 50mg (M01AB),2018-10-25,5
Diclofenac 50mg (M01AB),2018-10-26,4
Diclofenac 50mg (M01AB),2018-10-27,8
Diclofenac 50mg (M01AB),2018-10-28,5
Diclofenac 50mg (M01AB),2018-10-29,5
Diclofenac 50mg (M01AB),2018-10-30,9
Diclofenac 50mg (M01AB),2018-10-31,2
Diclofenac 50mg (M01AB),2018-11-01,8
Diclofenac 50mg (M01AB),2018-11-02,5
Diclofenac 50mg (M01AB),2018-11-03,3
Diclofenac 50mg (M01AB),2018-11-04,14
Diclofenac 50mg (M01AB),2018-11-05,6
Diclofenac 50mg (M01AB),2018-11-06,3
Diclofenac 50mg (M01AB),2018-11-07,7
Diclofenac 50mg (M01AB),2018-11-08,3
Diclofenac 50mg (M01AB),2018-11-09,5
Diclofenac 50mg (M01AB),2018-11-10,4
Diclofenac 50mg (M01AB),2018-11-11,11
Diclofenac 50mg (M01AB),2018-11-12,2
Diclofenac 50mg (M01AB),2018-11-13,6
Diclofenac 50mg (M01AB),2018-11-14,6
Diclofenac 50mg (M01AB),2018-11-15,2
Diclofenac 50mg (M01AB),2018-11-16,8
Diclofenac 50mg (M01AB),2018-11-17,8
Diclofenac 50mg (M01AB),2018-11-18,5
Diclofenac 50mg (M01AB),2018-11-19,6
Diclofenac 50mg (M01AB),2018-11-20,5
Diclofenac 50mg (M01AB),2018-11-21,7
Diclofenac 50mg (M01AB),2018-11-22,8
Diclofenac 50mg (M01AB),2018-11-23,6
Diclofenac 50mg (M01AB),2018-11-24,6
Diclofenac 50mg (M01AB),2018-11-25,5
Diclofenac 50mg (M01AB),2018-11-26,5
Diclofenac 50mg (M01AB),2018-11-27,8
Diclofenac 50mg (M01AB),2018-11-28,3
Diclofenac 50mg (M01AB),2018-11-29,4
Diclofenac 50mg (M01AB),2018-11-30,1
Diclofenac 50mg (M01AB),2018-12-01,7
Diclofenac 50mg (M01AB),2018-12-02,3
Diclofenac 50mg (M01AB),2018-12-03,6
Diclofenac 50mg (M01AB),2018-12-04,2
Diclofenac 50mg (M01AB),2018-12-05,5
Diclofenac 50mg (M01AB),2018-12-07,5
Diclofenac 50mg (M01AB),2018-12-09,5
Diclofenac 50mg (M01AB),2018-12-10,4
Diclofenac 50mg (M01AB),2018-12-11,4
Diclofenac 50mg (M01AB),2018-12-12,4
Diclofenac 50mg (M01AB),2018-12-13,4
Diclofenac 50mg (M01AB),2018-12-14,2
Diclofenac 50mg (M01AB),2018-12-15,4
Diclofenac 50mg (M01AB),2018-12-16,1
Diclofenac 50mg (M01AB),2018-12-17,6
Diclofenac 50mg (M01AB),2018-12-20,8
Diclofenac 50mg (M01AB),2018-12-21,2
Diclofenac 50mg (M01AB),2018-12-22,8
Diclofenac 50mg (M01AB),2018-12-23,12
Diclofenac 50mg (M01AB),2018-12-24,9
Diclofenac 50mg (M01AB),2018-12-25,8
Diclofenac 50mg (M01AB),2018-12-26,1
Diclofenac 50mg (M01AB),2018-12-27,4
Diclofenac 50mg (M01AB),2018-12-28,12
Diclofenac 50mg (M01AB),2018-12-29,7
Diclofenac 50mg (M01AB),2018-12-30,5
Diclofenac 50mg (M01AB),2018-12-31,8
Diclofenac 50mg (M01AB),2019-01-02,5
Diclofenac 50mg (M01AB),2019-01-03,4
Diclofenac 50mg (M01AB),2019-01-04,7
Diclofenac 50mg (M01AB),2019-01-05,8
Diclofenac 50mg (M01AB),2019-01-06,8
Diclofenac 50mg (M01AB),2019-01-08,4
Diclofenac 50mg (M01AB),2019-01-09,3
Diclofenac 50mg (M01AB),2019-01-10,8
Diclofenac 50mg (M01AB),2019-01-11,5
Diclofenac 50mg (M01AB),2019-01-12,7
Diclofenac 50mg (M01AB),2019-01-13,8
Diclofenac 50mg (M01AB),2019-01-14,9
Diclofenac 50mg (M01AB),2019-01-15,4
Diclofenac 50mg (M01AB),2019-01-16,8
Diclofenac 50mg (M01AB),2019-01-17,5
Diclofenac 50mg (M01AB),2019-01-18,6
Diclofenac 50mg (M01AB),2019-01-19,7
Diclofenac 50mg (M01AB),2019-01-20,12
Diclofenac 50mg (M01AB),2019-01-21,4
Diclofenac 50mg (M01AB),2019-01-22,7
Diclofenac 50mg (M01AB),2019-01-23,3
Diclofenac 50mg (M01AB),2019-01-24,4
Diclofenac 50mg (M01AB),2019-01-25,2
Diclofenac 50mg (M01AB),2019-01-26,7
Diclofenac 50mg (M01AB),2019-01-27,11
Diclofenac 50mg (M01AB),2019-01-28,8
Diclofenac 50mg (M01AB),2019-01-29,5
Diclofenac 50mg (M01AB),2019-01-30,6
Diclofenac 50mg (M01AB),2019-01-31,2
Diclofenac 50mg (M01AB),2019-02-01,11
Diclofenac 50mg (M01AB),2019-02-02,13
Diclofenac 50mg (M01AB),2019-02-03,6
Diclofenac 50mg (M01AB),2019-02-04,6
Diclofenac 50mg (M01AB),2019-02-05,5
Diclofenac 50mg (M01AB),2019-02-06,6
Diclofenac 50mg (M01AB),2019-02-07,2
Diclofenac 50mg (M01AB),2019-02-08,2
Diclofenac 50mg (M01AB),2019-02-09,7
Diclofenac 50mg (M01AB),2019-02-10,3
Diclofenac 50mg (M01AB),2019-02-11,8
Diclofenac 50mg (M01AB),2019-02-12,7
Diclofenac 50mg (M01AB),2019-02-13,4
Diclofenac 50mg (M01AB),2019-02-14,2
Diclofenac 50mg (M01AB),2019-02-15,5
Diclofenac 50mg (M01AB),2019-02-16,6
Diclofenac 50mg (M01AB),2019-02-17,2
Diclofenac 50mg (M01AB),2019-02-18,3
Diclofenac 50mg (M01AB),2019-02-19,3
Diclofenac 50mg (M01AB),2019-02-20,2
Diclofenac 50mg (M01AB),2019-02-21,2
Diclofenac 50mg (M01AB),2019-02-22,2
Diclofenac 50mg (M01AB),2019-02-23,5
Diclofenac 50mg (M01AB),2019-02-24,4
Diclofenac 50mg (M01AB),2019-02-25,5
Diclofenac 50mg (M01AB),2019-02-26,2
Diclofenac 50mg (M01AB),2019-02-27,5
Diclofenac 50mg (M01AB),2019-02-28,1
Diclofenac 50mg (M01AB),2019-03-01,1
Diclofenac 50mg (M01AB),2019-03-02,4
Diclofenac 50mg (M01AB),2019-03-03,8
Diclofenac 50mg (M01AB),2019-03-04,5
Diclofenac 50mg (M01AB),2019-03-05,3
Diclofenac 50mg (M01AB),2019-03-07,7
Diclofenac 50mg (M01AB),2019-03-08,2
Diclofenac 50mg (M01AB),2019-03-09,6
Diclofenac 50mg (M01AB),2019-03-10,6
Diclofenac 50mg (M01AB),2019-03-11,15
Diclofenac 50mg (M01AB),2019-03-12,4
Diclofenac 50mg (M01AB),2019-03-13,3
Diclofenac 50mg (M01AB),2019-03-14,4
Diclofenac 50mg (M01AB),2019-03-15,3
Diclofenac 50mg (M01AB),2019-03-16,8
Diclofenac 50mg (M01AB),2019-03-17,7
Diclofenac 50mg (M01AB),2019-03-18,2
Diclofenac 50mg (M01AB),2019-03-19,9
Diclofenac 50mg (M01AB),2019-03-20,6
Diclofenac 50mg (M01AB),2019-03-21,2
Diclofenac 50mg (M01AB),2019-03-22,5
Diclofenac 50mg (M01AB),2019-03-23,6
Diclofenac 50mg (M01AB),2019-03-24,6
Diclofenac 50mg (M01AB),2019-03-25,5
Diclofenac 50mg (M01AB),2019-03-26,4
Diclofenac 50mg (M01AB),2019-03-27,6
Diclofenac 50mg (M01AB),2019-03-28,1
Diclofenac 50mg (M01AB),2019-03-29,3
Diclofenac 50mg (M01AB),2019-03-30,5
Diclofenac 50mg (M01AB),2019-03-31,7
Diclofenac 50mg (M01AB),2019-04-01,3
Diclofenac 50mg (M01AB),2019-04-02,8
Diclofenac 50mg (M01AB),2019-04-03,5
Diclofenac 50mg (M01AB),2019-04-04,4
Diclofenac 50mg (M01AB),2019-04-05,6
Diclofenac 50mg (M01AB),2019-04-06,3
Diclofenac 50mg (M01AB),2019-04-07,6
Diclofenac 50mg (M01AB),2019-04-08,5
Diclofenac 50mg (M01AB),2019-04-09,3
Diclofenac 50mg (M01AB),2019-04-10,2
Diclofenac 50mg (M01AB),2019-04-11,7
Diclofenac 50mg (M01AB),2019-04-12,4
Diclofenac 50mg (M01AB),2019-04-13,4
Diclofenac 50mg (M01AB),2019-04-14,4
Diclofenac 50mg (M01AB),2019-04-15,5
Diclofenac 50mg (M01AB),2019-04-16,2
Diclofenac 50mg (M01AB),2019-04-17,7
Diclofenac 50mg (M01AB),2019-04-19,3
Diclofenac 50mg (M01AB),2019-04-20,9
Diclofenac 50mg (M01AB),2019-04-21,4
Diclofenac 50mg (M01AB),2019-04-22,9
Diclofenac 50mg (M01AB),2019-04-23,9
Diclofenac 50mg (M01AB),2019-04-24,2
Diclofenac 50mg (M01AB),2019-04-25,14
Diclofenac 50mg (M01AB),2019-04-26,6
Diclofenac 50mg (M01AB),2019-04-27,17
Diclofenac 50mg (M01AB),2019-04-29,5
Diclofenac 50mg (M01AB),2019-04-30,2
Diclofenac 50mg (M01AB),2019-05-01,2
Diclofenac 50mg (M01AB),2019-05-02,2
Diclofenac 50mg (M01AB),2019-05-03,4
Diclofenac 50mg (M01AB),2019-05-04,9
Diclofenac 50mg (M01AB),2019-05-05,7
Diclofenac 50mg (M01AB),2019-05-06,5
Diclofenac 50mg (M01AB),2019-05-07,3
Diclofenac 50mg (M01AB),2019-05-08,9
Diclofenac 50mg (M01AB),2019-05-09,5
Diclofenac 50mg (M01AB),2019-05-10,5
Diclofenac 50mg (M01AB),2019-05-11,5
Diclofenac 50mg (M01AB),2019-05-12,5
Diclofenac 50mg (M01AB),2019-05-13,5
Diclofenac 50mg (M01AB),2019-05-14,7
Diclofenac 50mg (M01AB),2019-05-15,4
Diclofenac 50mg (M01AB),2019-05-16,5
Diclofenac 50mg (M01AB),2019-05-17,3
Diclofenac 50mg (M01AB),2019-05-18,10
Diclofenac 50mg (M01AB),2019-05-19,7
Diclofenac 50mg (M01AB),2019-05-20,4
Diclofenac 50mg (M01AB),2019-05-21,5
Diclofenac 50mg (M01AB),2019-05-22,8
Diclofenac 50mg (M01AB),2019-05-23,2
Diclofenac 50mg (M01AB),2019-05-24,5
Diclofenac 50mg (M01AB),2019-05-25,11
Diclofenac 50mg (M01AB),2019-05-26,6
Diclofenac 50mg (M01AB),2019-05-27,5
Diclofenac 50mg (M01AB),2019-05-28,4
Diclofenac 50mg (M01AB),2019-05-29,6
Diclofenac 50mg (M01AB),2019-05-30,5
Diclofenac 50mg (M01AB),2019-05-31,6
Diclofenac 50mg (M01AB),2019-06-01,3
Diclofenac 50mg (M01AB),2019-06-02,4
Diclofenac 50mg (M01AB),2019-06-04,6
Diclofenac 50mg (M01AB),2019-06-05,5
Diclofenac 50mg (M01AB),2019-06-06,8
Diclofenac 50mg (M01AB),2019-06-07,6
Diclofenac 50mg (M01AB),2019-06-08,3
Diclofenac 50mg (M01AB),2019-06-09,9
Diclofenac 50mg (M01AB),2019-06-10,3
Diclofenac 50mg (M01AB),2019-06-11,11
Diclofenac 50mg (M01AB),2019-06-12,8
Diclofenac 50mg (M01AB),2019-06-13,1
Diclofenac 50mg (M01AB),2019-06-14,3
Diclofenac 50mg (M01AB),2019-06-15,7
Diclofenac 50mg (M01AB),2019-06-16,4
Diclofenac 50mg (M01AB),2019-06-17,7
Diclofenac 50mg (M01AB),2019-06-18,5
Diclofenac 50mg (M01AB),2019-06-19,4
Diclofenac 50mg (M01AB),2019-06-20,5
Diclofenac 50mg (M01AB),2019-06-21,3
Diclofenac 50mg (M01AB),2019-06-22,3
Diclofenac 50mg (M01AB),2019-06-23,9
Diclofenac 50mg (M01AB),2019-06-24,10
Diclofenac 50mg (M01AB),2019-06-25,2
Diclofenac 50mg (M01AB),2019-06-26,2
Diclofenac 50mg (M01AB),2019-06-27,8
Diclofenac 50mg (M01AB),2019-06-28,4
Diclofenac 50mg (M01AB),2019-06-29,1
Diclofenac 50mg (M01AB),2019-06-30,6
Diclofenac 50mg (M01AB),2019-07-01,5
Diclofenac 50mg (M01AB),2019-07-02,6
Diclofenac 50mg (M01AB),2019-07-03,4
Diclofenac 50mg (M01AB),2019-07-04,5
Diclofenac 50mg (M01AB),2019-07-05,4
Diclofenac 50mg (M01AB),2019-07-06,4
Diclofenac 50mg (M01AB),2019-07-07,6
Diclofenac 50mg (M01AB),2019-07-08,6
Diclofenac 50mg (M01AB),2019-07-09,3
Diclofenac 50mg (M01AB),2019-07-10,10
Diclofenac 50mg (M01AB),2019-07-11,3
Diclofenac 50mg (M01AB),2019-07-12,11
Diclofenac 50mg (M01AB),2019-07-13,5
Diclofenac 50mg (M01AB),2019-07-14,6
Diclofenac 50mg (M01AB),2019-07-15,7
Diclofenac 50mg (M01AB),2019-07-16,7
Diclofenac 50mg (M01AB),2019-07-17,4
Diclofenac 50mg (M01AB),2019-07-18,11
Diclofenac 50mg (M01AB),2019-07-19,7
Diclofenac 50mg (M01AB),2019-07-20,4
Diclofenac 50mg (M01AB),2019-07-21,6
Diclofenac 50mg (M01AB),2019-07-22,1
Diclofenac 50mg (M01AB),2019-07-23,1
Diclofenac 50mg (M01AB),2019-07-24,8
Diclofenac 50mg (M01AB),2019-07-25,6
Diclofenac 50mg (M01AB),2019-07-26,12
Diclofenac 50mg (M01AB),2019-07-27,3
Diclofenac 50mg (M01AB),2019-07-28,4
Diclofenac 50mg (M01AB),2019-07-29,9
Diclofenac 50mg (M01AB),2019-07-30,10
Diclofenac 50mg (M01AB),2019-08-01,9
Diclofenac 50mg (M01AB),2019-08-02,5
Diclofenac 50mg (M01AB),2019-08-03,5
Diclofenac 50mg (M01AB),2019-08-04,6
Diclofenac 50mg (M01AB),2019-08-05,4
Diclofenac 50mg (M01AB),2019-08-06,10
Diclofenac 50mg (M01AB),2019-08-07,6
Diclofenac 50mg (M01AB),2019-08-08,8
Diclofenac 50mg (M01AB),2019-08-09,3
Diclofenac 50mg (M01AB),2019-08-10,3
Diclofenac 50mg (M01AB),2019-08-11,7
Diclofenac 50mg (M01AB),2019-08-12,8
Diclofenac 50mg (M01AB),2019-08-13,8
Diclofenac 50mg (M01AB),2019-08-14,4
Diclofenac 50mg (M01AB),2019-08-15,9
Diclofenac 50mg (M01AB),2019-08-16,3
Diclofenac 50mg (M01AB),2019-08-17,8
Diclofenac 50mg (M01AB),2019-08-18,5
Diclofenac 50mg (M01AB),2019-08-19,4
Diclofenac 50mg (M01AB),2019-08-20,2
Diclofenac 50mg (M01AB),2019-08-21,4
Diclofenac 50mg (M01AB),2019-08-22,5
Diclofenac 50mg (M01AB),2019-08-23,10
Diclofenac 50mg (M01AB),2019-08-24,14
Diclofenac 50mg (M01AB),2019-08-25,3
Diclofenac 50mg (M01AB),2019-08-26,3
Diclofenac 50mg (M01AB),2019-08-27,2
Diclofenac 50mg (M01AB),2019-08-28,3
Diclofenac 50mg (M01AB),2019-08-29,9
Diclofenac 50mg (M01AB),2019-08-30,6
Diclofenac 50mg (M01AB),2019-08-31,5
Diclofenac 50mg (M01AB),2019-09-01,2
Diclofenac 50mg (M01AB),2019-09-02,5
Diclofenac 50mg (M01AB),2019-09-03,9
Diclofenac 50mg (M01AB),2019-09-04,2
Diclofenac 50mg (M01AB),2019-09-05,7
Diclofenac 50mg (M01AB),2019-09-06,2
Diclofenac 50mg (M01AB),2019-09-07,8
Diclofenac 50mg (M01AB),2019-09-08,7
Diclofenac 50mg (M01AB),2019-09-09,1
Diclofenac 50mg (M01AB),2019-09-10,9
Diclofenac 50mg (M01AB),2019-09-11,3
Diclofenac 50mg (M01AB),2019-09-12,2
Diclofenac 50mg (M01AB),2019-09-13,6
Diclofenac 50mg (M01AB),2019-09-14,9
Diclofenac 50mg (M01AB),2019-09-15,5
Diclofenac 50mg (M01AB),2019-09-16,9
Diclofenac 50mg (M01AB),2019-09-17,4
Diclofenac 50mg (M01AB),2019-09-18,6
Diclofenac 50mg (M01AB),2019-09-19,7
Diclofenac 50mg (M01AB),2019-09-20,5
Diclofenac 50mg (M01AB),2019-09-21,11
Diclofenac 50mg (M01AB),2019-09-22,3
Diclofenac 50mg (M01AB),2019-09-23,5
Diclofenac 50mg (M01AB),2019-09-24,2
Diclofenac 50mg (M01AB),2019-09-25,6
Diclofenac 50mg (M01AB),2019-09-26,6
Diclofenac 50mg (M01AB),2019-09-27,5
Diclofenac 50mg (M01AB),2019-09-28,7
Diclofenac 50mg (M01AB),2019-09-29,4
Diclofenac 50mg (M01AB),2019-09-30,2
Diclofenac 50mg (M01AB),2019-10-01,11
Diclofenac 50mg (M01AB),2019-10-02,5
Diclofenac 50mg (M01AB),2019-10-03,5
Diclofenac 50mg (M01AB),2019-10-04,7
Diclofenac 50mg (M01AB),2019-10-05,4
Diclofenac 50mg (M01AB),2019-10-06,4
Diclofenac 50mg (M01AB),2019-10-07,7
Ibuprofen 400mg (M01AE),2014-01-02,4
Ibuprofen 400mg (M01AE),2014-01-03,4
Ibuprofen 400mg (M01AE),2014-01-04,1
Ibuprofen 400mg (M01AE),2014-01-05,3
Ibuprofen 400mg (M01AE),2014-01-06,1
Ibuprofen 400mg (M01AE),2014-01-08,3
Ibuprofen 400mg (M01AE),2014-01-09,2
Ibuprofen 400mg (M01AE),2014-01-10,2
Ibuprofen 400mg (M01AE),2014-01-11,4
Ibuprofen 400mg (M01AE),2014-01-12,1
Ibuprofen 400mg (M01AE),2014-01-13,8
Ibuprofen 400mg (M01AE),2014-01-14,1
Ibuprofen 400mg (M01AE),2014-01-15,2
Ibuprofen 400mg (M01AE),2014-01-16,2
Ibuprofen 400mg (M01AE),2014-01-17,4
Ibuprofen 400mg (M01AE),2014-01-18,5
Ibuprofen 400mg (M01AE),2014-01-19,4
Ibuprofen 400mg (M01AE),2014-01-20,3
Ibuprofen 400mg (M01AE),2014-01-21,3
Ibuprofen 400mg (M01AE),2014-01-22,3
Ibuprofen 400mg (M01AE),2014-01-23,5
Ibuprofen 400mg (M01AE),2014-01-24,7
Ibuprofen 400mg (M01AE),2014-01-25,9
Ibuprofen 400mg (M01AE),2014-01-26,2
Ibuprofen 400mg (M01AE),2014-01-27,5
Ibuprofen 400mg (M01AE),2014-01-28,3
Ibuprofen 400mg (M01AE),2014-01-29,4
Ibuprofen 400mg (M01AE),2014-01-30,1
Ibuprofen 400mg (M01AE),2014-01-31,3
Ibuprofen 400mg (M01AE),2014-02-01,4
Ibuprofen 400mg (M01AE),2014-02-02,3
Ibuprofen 400mg (M01AE),2014-02-03,1
Ibuprofen 400mg (M01AE),2014-02-04,3
Ibuprofen 400mg (M01AE),2014-02-05,4
Ibuprofen 400mg (M01AE),2014-02-06,7
Ibuprofen 400mg (M01AE),2014-02-07,9
Ibuprofen 400mg (M01AE),2014-02-08,3
Ibuprofen 400mg (M01AE),2014-02-09,3
Ibuprofen 400mg (M01AE),2014-02-10,10
Ibuprofen 400mg (M01AE),2014-02-11,7
Ibuprofen 400mg (M01AE),2014-02-12,2
Ibuprofen 400mg (M01AE),2014-02-13,4
Ibuprofen 400mg (M01AE),2014-02-14,4
Ibuprofen 400mg (M01AE),2014-02-15,2
Ibuprofen 400mg (M01AE),2014-02-16,2
Ibuprofen 400mg (M01AE),2014-02-17,4
Ibuprofen 400mg (M01AE),2014-02-18,7
Ibuprofen 400mg (M01AE),2014-02-19,5
Ibuprofen 400mg (M01AE),2014-02-20,7
Ibuprofen 400mg (M01AE),2014-02-21,4
Ibuprofen 400mg (M01AE),2014-02-22,3
Ibuprofen 400mg (M01AE),2014-02-23,3
Ibuprofen 400mg (M01AE),2014-02-24,5
Ibuprofen 400mg (M01AE),2014-02-25,2
Ibuprofen 400mg (M01AE),2014-02-26,4
Ibuprofen 400mg (M01AE),2014-02-27,6
Ibuprofen 400mg (M01AE),2014-02-28,7
Ibuprofen 400mg (M01AE),2014-03-01,4
Ibuprofen 400mg (M01AE),2014-03-02,1
Ibuprofen 400mg (M01AE),2014-03-03,4
Ibuprofen 400mg (M01AE),2014-03-04,7
Ibuprofen 400mg (M01AE),2014-03-05,1
Ibuprofen 400mg (M01AE),2014-03-06,2
Ibuprofen 400mg (M01AE),2014-03-07,4
Ibuprofen 400mg (M01AE),2014-03-08,3
Ibuprofen 400mg (M01AE),2014-03-10,5
Ibuprofen 400mg (M01AE),2014-03-11,6
Ibuprofen 400mg (M01AE),2014-03-12,3
Ibuprofen 400mg (M01AE),2014-03-13,4
Ibuprofen 400mg (M01AE),2014-03-14,2
Ibuprofen 400mg (M01AE),2014-03-15,2
Ibuprofen 400mg (M01AE),2014-03-16,2
Ibuprofen 400mg (M01AE),2014-03-17,3
Ibuprofen 400mg (M01AE),2014-03-18,4
Ibuprofen 400mg (M01AE),2014-03-19,3
Ibuprofen 400mg (M01AE),2014-03-20,5
Ibuprofen 400mg (M01AE),2014-03-21,4
Ibuprofen 400mg (M01AE),2014-03-22,2
Ibuprofen 400mg (M01AE),2014-03-23,2
Ibuprofen 400mg (M01AE),2014-03-24,1
Ibuprofen 400mg (M01AE),2014-03-25,1
Ibuprofen 400mg (M01AE),2014-03-26,4
Ibuprofen 400mg (M01AE),2014-03-28,2
Ibuprofen 400mg (M01AE),2014-03-29,6
Ibuprofen 400mg (M01AE),2014-03-30,2
Ibuprofen 400mg (M01AE),2014-03-31,2
Ibuprofen 400mg (M01AE),2014-04-01,1
Ibuprofen 400mg (M01AE),2014-04-02,5
Ibuprofen 400mg (M01AE),2014-04-03,1
Ibuprofen 400mg (M01AE),2014-04-04,4
Ibuprofen 400mg (M01AE),2014-04-05,8
Ibuprofen 400mg (M01AE),2014-04-06,1
Ibuprofen 400mg (M01AE),2014-04-07,6
Ibuprofen 400mg (M01AE),2014-04-08,2
Ibuprofen 400mg (M01AE),2014-04-09,1
Ibuprofen 400mg (M01AE),2014-04-10,2
Ibuprofen 400mg (M01AE),2014-04-11,4
Ibuprofen 400mg (M01AE),2014-04-12,3
Ibuprofen 400mg (M01AE),2014-04-13,2
Ibuprofen 400mg (M01AE),2014-04-14,5
Ibuprofen 400mg (M01AE),2014-04-15,3
Ibuprofen 400mg (M01AE),2014-04-16,1
Ibuprofen 400mg (M01AE),2014-04-18,7
Ibuprofen 400mg (M01AE),2014-04-19,3
Ibuprofen 400mg (M01AE),2014-04-21,2
Ibuprofen 400mg (M01AE),2014-04-22,7
Ibuprofen 400mg (M01AE),2014-04-23,2
Ibuprofen 400mg (M01AE),2014-04-24,2
Ibuprofen 400mg (M01AE),2014-04-25,2
Ibuprofen 400mg (M01AE),2014-04-26,3
Ibuprofen 400mg (M01AE),2014-04-27,2
Ibuprofen 400mg (M01AE),2014-04-28,3
Ibuprofen 400mg (M01AE),2014-04-29,4
Ibuprofen 400mg (M01AE),2014-04-30,3
Ibuprofen 400mg (M01AE),2014-05-02,7
Ibuprofen 400mg (M01AE),2014-05-03,5
Ibuprofen 400mg (M01AE),2014-05-04,5
Ibuprofen 400mg (M01AE),2014-05-05,6
Ibuprofen 400mg (M01AE),2014-05-06,4
Ibuprofen 400mg (M01AE),2014-05-07,6
Ibuprofen 400mg (M01AE),2014-05-08,2
Ibuprofen 400mg (M01AE),2014-05-09,5
Ibuprofen 400mg (M01AE),2014-05-10,6
Ibuprofen 400mg (M01AE),2014-05-11,3
Ibuprofen 400mg (M01AE),2014-05-12,3
Ibuprofen 400mg (M01AE),2014-05-14,4
Ibuprofen 400mg (M01AE),2014-05-15,2
Ibuprofen 400mg (M01AE),2014-05-16,7
Ibuprofen 400mg (M01AE),2014-05-17,8
Ibuprofen 400mg (M01AE),2014-05-18,2
Ibuprofen 400mg (M01AE),2014-05-19,4
Ibuprofen 400mg (M01AE),2014-05-20,2
Ibuprofen 400mg (M01AE),2014-05-21,5
Ibuprofen 400mg (M01AE),2014-05-22,1
Ibuprofen 400mg (M01AE),2014-05-23,2
Ibuprofen 400mg (M01AE),2014-05-24,5
Ibuprofen 400mg (M01AE),2014-05-25,3
Ibuprofen 400mg (M01AE),2014-05-26,3
Ibuprofen 400mg (M01AE),2014-05-27,2
Ibuprofen 400mg (M01AE),2014-05-28,5
Ibuprofen 400mg (M01AE),2014-05-29,5
Ibuprofen 400mg (M01AE),2014-05-30,2
Ibuprofen 400mg (M01AE),2014-05-31,3
Ibuprofen 400mg (M01AE),2014-06-01,1
Ibuprofen 400mg (M01AE),2014-06-02,4
Ibuprofen 400mg (M01AE),2014-06-03,2
Ibuprofen 400mg (M01AE),2014-06-04,5
Ibuprofen 400mg (M01AE),2014-06-05,5
Ibuprofen 400mg (M01AE),2014-06-06,2
Ibuprofen 400mg (M01AE),2014-06-07,4
Ibuprofen 400mg (M01AE),2014-06-08,2
Ibuprofen 400mg (M01AE),2014-06-09,1
Ibuprofen 400mg (M01AE),2014-06-10,3
Ibuprofen 400mg (M01AE),2014-06-11,1
Ibuprofen 400mg (M01AE),2014-06-12,3
Ibuprofen 400mg (M01AE),2014-06-13,3
Ibuprofen 400mg (M01AE),2014-06-14,5
Ibuprofen 400mg (M01AE),2014-06-15,2
Ibuprofen 400mg (M01AE),2014-06-16,4
Ibuprofen 400mg (M01AE),2014-06-17,2
Ibuprofen 400mg (M01AE),2014-06-18,2
Ibuprofen 400mg (M01AE),2014-06-19,3
Ibuprofen 400mg (M01AE),2014-06-20,2
Ibuprofen 400mg (M01AE),2014-06-21,6
Ibuprofen 400mg (M01AE),2014-06-22,1
Ibuprofen 400mg (M01AE),2014-06-23,8
Ibuprofen 400mg (M01AE),2014-06-24,5
Ibuprofen 400mg (M01AE),2014-06-25,5
Ibuprofen 400mg (M01AE),2014-06-26,2
Ibuprofen 400mg (M01AE),2014-06-27,1
Ibuprofen 400mg (M01AE),2014-06-28,5
Ibuprofen 400mg (M01AE),2014-06-29,1
Ibuprofen 400mg (M01AE),2014-06-30,5
Ibuprofen 400mg (M01AE),2014-07-01,2
Ibuprofen 400mg (M01AE),2014-07-03,6
Ibuprofen 400mg (M01AE),2014-07-04,5
Ibuprofen 400mg (M01AE),2014-07-05,4
Ibuprofen 400mg (M01AE),2014-07-06,2
Ibuprofen 400mg (M01AE),2014-07-07,3
Ibuprofen 400mg (M01AE),2014-07-08,2
Ibuprofen 400mg (M01AE),2014-07-09,6
Ibuprofen 400mg (M01AE),2014-07-10,5
Ibuprofen 400mg (M01AE),2014-07-11,2
Ibuprofen 400mg (M01AE),2014-07-12,3
Ibuprofen 400mg (M01AE),2014-07-13,1
Ibuprofen 400mg (M01AE),2014-07-14,3
Ibuprofen 400mg (M01AE),2014-07-15,2
Ibuprofen 400mg (M01AE),2014-07-16,3
Ibuprofen 400mg (M01AE),2014-07-17,3
Ibuprofen 400mg (M01AE),2014-07-18,2
Ibuprofen 400mg (M01AE),2014-07-19,7
Ibuprofen 400mg (M01AE),2014-07-21,5
Ibuprofen 400mg (M01AE),2014-07-22,6
Ibuprofen 400mg (M01AE),2014-07-23,6
Ibuprofen 400mg (M01AE),2014-07-24,2
Ibuprofen 400mg (M01AE),2014-07-25,2
Ibuprofen 400mg (M01AE),2014-07-26,7
Ibuprofen 400mg (M01AE),2014-07-27,1
Ibuprofen 400mg (M01AE),2014-07-28,1
Ibuprofen 400mg (M01AE),2014-07-29,1
Ibuprofen 400mg (M01AE),2014-07-30,1
Ibuprofen 400mg (M01AE),2014-08-01,1
Ibuprofen 400mg (M01AE),2014-08-02,2
Ibuprofen 400mg (M01AE),2014-08-03,1
Ibuprofen 400mg (M01AE),2014-08-04,5
Ibuprofen 400mg (M01AE),2014-08-05,1
Ibuprofen 400mg (M01AE),2014-08-06,5
Ibuprofen 400mg (M01AE),2014-08-07,3
Ibuprofen 400mg (M01AE),2014-08-08,4
Ibuprofen 400mg (M01AE),2014-08-09,1
Ibuprofen 400mg (M01AE),2014-08-11,5
Ibuprofen 400mg (M01AE),2014-08-12,1
Ibuprofen 400mg (M01AE),2014-08-13,3
Ibuprofen 400mg (M01AE),2014-08-14,2
Ibuprofen 400mg (M01AE),2014-08-15,4
Ibuprofen 400mg (M01AE),2014-08-16,2
Ibuprofen 400mg (M01AE),2014-08-17,1
Ibuprofen 400mg (M01AE),2014-08-18,6
Ibuprofen 400mg (M01AE),2014-08-19,6
Ibuprofen 400mg (M01AE),2014-08-20,5
Ibuprofen 400mg (M01AE),2014-08-21,1
Ibuprofen 400mg (M01AE),2014-08-22,1
Ibuprofen 400mg (M01AE),2014-08-23,3
Ibuprofen 400mg (M01AE),2014-08-24,2
Ibuprofen 400mg (M01AE),2014-08-25,3
Ibuprofen 400mg (M01AE),2014-08-26,5
Ibuprofen 400mg (M01AE),2014-08-27,8
Ibuprofen 400mg (M01AE),2014-08-28,5
Ibuprofen 400mg (M01AE),2014-08-29,4
Ibuprofen 400mg (M01AE),2014-08-30,3
Ibuprofen 400mg (M01AE),2014-08-31,3
Ibuprofen 400mg (M01AE),2014-09-01,2
Ibuprofen 400mg (M01AE),2014-09-02,5
Ibuprofen 400mg (M01AE),2014-09-03,6
Ibuprofen 400mg (M01AE),2014-09-04,5
Ibuprofen 400mg (M01AE),2014-09-05,1
Ibuprofen 400mg (M01AE),2014-09-06,5
Ibuprofen 400mg (M01AE),2014-09-07,6
Ibuprofen 400mg (M01AE),2014-09-08,5
Ibuprofen 400mg (M01AE),2014-09-09,2
Ibuprofen 400mg (M01AE),2014-09-10,3
Ibuprofen 400mg (M01AE),2014-09-11,1
Ibuprofen 400mg (M01AE),2014-09-12,3
Ibuprofen 400mg (M01AE),2014-09-13,5
Ibuprofen 400mg (M01AE),2014-09-14,2
Ibuprofen 400mg (M01AE),2014-09-15,3
Ibuprofen 400mg (M01AE),2014-09-16,3
Ibuprofen 400mg (M01AE),2014-09-17,6
Ibuprofen 400mg (M01AE),2014-09-18,2
Ibuprofen 400mg (M01AE),2014-09-19,4
Ibuprofen 400mg (M01AE),2014-09-20,2
Ibuprofen 400mg (M01AE),2014-09-21,3
Ibuprofen 400mg (M01AE),2014-09-22,4
Ibuprofen 400mg (M01AE),2014-09-23,3
Ibuprofen 400mg (M01AE),2014-09-24,3
Ibuprofen 400mg (M01AE),2014-09-25,6
Ibuprofen 400mg (M01AE),2014-09-26,4
Ibuprofen 400mg (M01AE),2014-09-27,2
Ibuprofen 400mg (M01AE),2014-09-28,3
Ibuprofen 400mg (M01AE),2014-09-29,4
Ibuprofen 400mg (M01AE),2014-09-30,5
Ibuprofen 400mg (M01AE),2014-10-02,5
Ibuprofen 400mg (M01AE),2014-10-03,1
Ibuprofen 400mg (M01AE),2014-10-04,8
Ibuprofen 400mg (M01AE),2014-10-05,3
Ibuprofen 400mg (M01AE),2014-10-06,1
Ibuprofen 400mg (M01AE),2014-10-07,4
Ibuprofen 400mg (M01AE),2014-10-08,6
Ibuprofen 400mg (M01AE),2014-10-09,5
Ibuprofen 400mg (M01AE),2014-10-10,3
Ibuprofen 400mg (M01AE),2014-10-11,4
Ibuprofen 400mg (M01AE),2014-10-13,4
Ibuprofen 400mg (M01AE),2014-10-14,5
Ibuprofen 400mg (M01AE),2014-10-15,6
Ibuprofen 400mg (M01AE),2014-10-16,4
Ibuprofen 400mg (M01AE),2014-10-17,2
Ibuprofen 400mg (M01AE),2014-10-18,6
Ibuprofen 400mg (M01AE),2014-10-19,3
Ibuprofen 400mg (M01AE),2014-10-20,6
Ibuprofen 400mg (M01AE),2014-10-21,4
Ibuprofen 400mg (M01AE),2014-10-22,2
Ibuprofen 400mg (M01AE),2014-10-23,4
Ibuprofen 400mg (M01AE),2014-10-24,3
Ibuprofen 400mg (M01AE),2014-10-25,5
Ibuprofen 400mg (M01AE),2014-10-26,1
Ibuprofen 400mg (M01AE),2014-10-27,5
Ibuprofen 400mg (M01AE),2014-10-28,3
Ibuprofen 400mg (M01AE),2014-10-29,1
Ibuprofen 400mg (M01AE),2014-10-30,1
Ibuprofen 400mg (M01AE),2014-10-31,2
Ibuprofen 400mg (M01AE),2014-11-01,2
Ibuprofen 400mg (M01AE),2014-11-03,4
Ibuprofen 400mg (M01AE),2014-11-04,1
Ibuprofen 400mg (M01AE),2014-11-05,2
Ibuprofen 400mg (M01AE),2014-11-06,2
Ibuprofen 400mg (M01AE),2014-11-07,10
Ibuprofen 400mg (M01AE),2014-11-08,7
Ibuprofen 400mg (M01AE),2014-11-09,4
Ibuprofen 400mg (M01AE),2014-11-10,5
Ibuprofen 400mg (M01AE),2014-11-11,4
Ibuprofen 400mg (M01AE),2014-11-12,5
Ibuprofen 400mg (M01AE),2014-11-13,2
Ibuprofen 400mg (M01AE),2014-11-15,5
Ibuprofen 400mg (M01AE),2014-11-16,3
Ibuprofen 400mg (M01AE),2014-11-17,5
Ibuprofen 400mg (M01AE),2014-11-18,2
Ibuprofen 400mg (M01AE),2014-11-19,4
Ibuprofen 400mg (M01AE),2014-11-20,7
Ibuprofen 400mg (M01AE),2014-11-21,1
Ibuprofen 400mg (M01AE),2014-11-22,2
Ibuprofen 400mg (M01AE),2014-11-23,4
Ibuprofen 400mg (M01AE),2014-11-24,3
Ibuprofen 400mg (M01AE),2014-11-25,2
Ibuprofen 400mg (M01AE),2014-11-26,5
Ibuprofen 400mg (M01AE),2014-11-27,4
Ibuprofen 400mg (M01AE),2014-11-28,1
Ibuprofen 400mg (M01AE),2014-11-29,2
Ibuprofen 400mg (M01AE),2014-11-30,1
Ibuprofen 400mg (M01AE),2014-12-01,4
Ibuprofen 400mg (M01AE),2014-12-02,4
Ibuprofen 400mg (M01AE),2014-12-03,3
Ibuprofen 400mg (M01AE),2014-12-04,4
Ibuprofen 400mg (M01AE),2014-12-05,6
Ibuprofen 400mg (M01AE),2014-12-06,4
Ibuprofen 400mg (M01AE),2014-12-07,5
Ibuprofen 400mg (M01AE),2014-12-08,3
Ibuprofen 400mg (M01AE),2014-12-09,2
Ibuprofen 400mg (M01AE),2014-12-10,3
Ibuprofen 400mg (M01AE),2014-12-11,5
Ibuprofen 400mg (M01AE),2014-12-12,2
Ibuprofen 400mg (M01AE),2014-12-13,3
Ibuprofen 400mg (M01AE),2014-12-14,2
Ibuprofen 400mg (M01AE),2014-12-15,4
Ibuprofen 400mg (M01AE),2014-12-16,1
Ibuprofen 400mg (M01AE),2014-12-17,4
Ibuprofen 400mg (M01AE),2014-12-18,4
Ibuprofen 400mg (M01AE),2014-12-20,4
Ibuprofen 400mg (M01AE),2014-12-21,4
Ibuprofen 400mg (M01AE),2014-12-22,5
Ibuprofen 400mg (M01AE),2014-12-23,3
Ibuprofen 400mg (M01AE),2014-12-24,3
Ibuprofen 400mg (M01AE),2014-12-25,2
Ibuprofen 400mg (M01AE),2014-12-26,4
Ibuprofen 400mg (M01AE),2014-12-27,5
Ibuprofen 400mg (M01AE),2014-12-28,11
Ibuprofen 400mg (M01AE),2014-12-29,4
Ibuprofen 400mg (M01AE),2014-12-30,6
Ibuprofen 400mg (M01AE),2014-12-31,6
Ibuprofen 400mg (M01AE),2015-01-02,5
Ibuprofen 400mg (M01AE),2015-01-03,5
Ibuprofen 400mg (M01AE),2015-01-04,9
Ibuprofen 400mg (M01AE),2015-01-05,3
Ibuprofen 400mg (M01AE),2015-01-06,9
Ibuprofen 400mg (M01AE),2015-01-08,7
Ibuprofen 400mg (M01AE),2015-01-09,4
Ibuprofen 400mg (M01AE),2015-01-10,6
Ibuprofen 400mg (M01AE),2015-01-11,7
Ibuprofen 400mg (M01AE),2015-01-12,3
Ibuprofen 400mg (M01AE),2015-01-13,5
Ibuprofen 400mg (M01AE),2015-01-14,3
Ibuprofen 400mg (M01AE),2015-01-15,3
Ibuprofen 400mg (M01AE),2015-01-16,6
Ibuprofen 400mg (M01AE),2015-01-17,6
Ibuprofen 400mg (M01AE),2015-01-18,4
Ibuprofen 400mg (M01AE),2015-01-19,3
Ibuprofen 400mg (M01AE),2015-01-21,1
Ibuprofen 400mg (M01AE),2015-01-22,1
Ibuprofen 400mg (M01AE),2015-01-23,5
Ibuprofen 400mg (M01AE),2015-01-24,3
Ibuprofen 400mg (M01AE),2015-01-25,1
Ibuprofen 400mg (M01AE),2015-01-26,5
Ibuprofen 400mg (M01AE),2015-01-27,6
Ibuprofen 400mg (M01AE),2015-01-28,5
Ibuprofen 400mg (M01AE),2015-01-29,6
Ibuprofen 400mg (M01AE),2015-01-30,1
Ibuprofen 400mg (M01AE),2015-01-31,6
Ibuprofen 400mg (M01AE),2015-02-01,7
Ibuprofen 400mg (M01AE),2015-02-02,4
Ibuprofen 400mg (M01AE),2015-02-03,3
Ibuprofen 400mg (M01AE),2015-02-04,3
Ibuprofen 400mg (M01AE),2015-02-05,6
Ibuprofen 400mg (M01AE),2015-02-06,3
Ibuprofen 400mg (M01AE),2015-02-07,5
Ibuprofen 400mg (M01AE),2015-02-08,8
Ibuprofen 400mg (M01AE),2015-02-09,4
Ibuprofen 400mg (M01AE),2015-02-10,9
Ibuprofen 400mg (M01AE),2015-02-11,5
Ibuprofen 400mg (M01AE),2015-02-12,4
Ibuprofen 400mg (M01AE),2015-02-13,4
Ibuprofen 400mg (M01AE),2015-02-14,2
Ibuprofen 400mg (M01AE),2015-02-15,2
Ibuprofen 400mg (M01AE),2015-02-16,4
Ibuprofen 400mg (M01AE),2015-02-17,9
Ibuprofen 400mg (M01AE),2015-02-18,3
Ibuprofen 400mg (M01AE),2015-02-19,3
Ibuprofen 400mg (M01AE),2015-02-20,5
Ibuprofen 400mg (M01AE),2015-02-21,5
Ibuprofen 400mg (M01AE),2015-02-22,4
Ibuprofen 400mg (M01AE),2015-02-23,3
Ibuprofen 400mg (M01AE),2015-02-24,3
Ibuprofen 400mg (M01AE),2015-02-25,6
Ibuprofen 400mg (M01AE),2015-02-26,2
Ibuprofen 400mg (M01AE),2015-02-27,4
Ibuprofen 400mg (M01AE),2015-02-28,3
Ibuprofen 400mg (M01AE),2015-03-01,8
Ibuprofen 400mg (M01AE),2015-03-02,5
Ibuprofen 400mg (M01AE),2015-03-03,6
Ibuprofen 400mg (M01AE),2015-03-04,6
Ibuprofen 400mg (M01AE),2015-03-05,2
Ibuprofen 400mg (M01AE),2015-03-06,3
Ibuprofen 400mg (M01AE),2015-03-07,1
Ibuprofen 400mg (M01AE),2015-03-08,3
Ibuprofen 400mg (M01AE),2015-03-09,3
Ibuprofen 400mg (M01AE),2015-03-10,4
Ibuprofen 400mg (M01AE),2015-03-11,5
Ibuprofen 400mg (M01AE),2015-03-12,6
Ibuprofen 400mg (M01AE),2015-03-13,3
Ibuprofen 400mg (M01AE),2015-03-14,4
Ibuprofen 400mg (M01AE),2015-03-15,4
Ibuprofen 400mg (M01AE),2015-03-16,3
Ibuprofen 400mg (M01AE),2015-03-17,3
Ibuprofen 400mg (M01AE),2015-03-18,2
Ibuprofen 400mg (M01AE),2015-03-19,2
Ibuprofen 400mg (M01AE),2015-03-20,7
Ibuprofen 400mg (M01AE),2015-03-21,3
Ibuprofen 400mg (M01AE),2015-03-22,7
Ibuprofen 400mg (M01AE),2015-03-23,4
Ibuprofen 400mg (M01AE),2015-03-24,5
Ibuprofen 400mg (M01AE),2015-03-25,9
Ibuprofen 400mg (M01AE),2015-03-26,2
Ibuprofen 400mg (M01AE),2015-03-27,3
Ibuprofen 400mg (M01AE),2015-03-28,3
Ibuprofen 400mg (M01AE),2015-03-29,6
Ibuprofen 400mg (M01AE),2015-03-30,5
Ibuprofen 400mg (M01AE),2015-03-31,2
Ibuprofen 400mg (M01AE),2015-04-01,1
Ibuprofen 400mg (M01AE),2015-04-02,4
Ibuprofen 400mg (M01AE),2015-04-03,2
Ibuprofen 400mg (M01AE),2015-04-04,4
Ibuprofen 400mg (M01AE),2015-04-05,5
Ibuprofen 400mg (M01AE),2015-04-06,3
Ibuprofen 400mg (M01AE),2015-04-07,4
Ibuprofen 400mg (M01AE),2015-04-08,2
Ibuprofen 400mg (M01AE),2015-04-09,6
Ibuprofen 400mg (M01AE),2015-04-10,7
Ibuprofen 400mg (M01AE),2015-04-11,3
Ibuprofen 400mg (M01AE),2015-04-13,1
Ibuprofen 400mg (M01AE),2015-04-14,6
Ibuprofen 400mg (M01AE),2015-04-15,2
Ibuprofen 400mg (M01AE),2015-04-16,1
Ibuprofen 400mg (M01AE),2015-04-17,4
Ibuprofen 400mg (M01AE),2015-04-18,3
Ibuprofen 400mg (M01AE),2015-04-19,6
Ibuprofen 400mg (M01AE),2015-04-20,5
Ibuprofen 400mg (M01AE),2015-04-21,1
Ibuprofen 400mg (M01AE),2015-04-22,5
Ibuprofen 400mg (M01AE),2015-04-23,1
Ibuprofen 400mg (M01AE),2015-04-24,1
Ibuprofen 400mg (M01AE),2015-04-25,3
Ibuprofen 400mg (M01AE),2015-04-26,6
Ibuprofen 400mg (M01AE),2015-04-27,1
Ibuprofen 400mg (M01AE),2015-04-28,5
Ibuprofen 400mg (M01AE),2015-04-30,9
Ibuprofen 400mg (M01AE),2015-05-01,2
Ibuprofen 400mg (M01AE),2015-05-02,4
Ibuprofen 400mg (M01AE),2015-05-03,1
Ibuprofen 400mg (M01AE),2015-05-04,5
Ibuprofen 400mg (M01AE),2015-05-05,3
Ibuprofen 400mg (M01AE),2015-05-06,6
Ibuprofen 400mg (M01AE),2015-05-07,3
Ibuprofen 400mg (M01AE),2015-05-08,6
Ibuprofen 400mg (M01AE),2015-05-09,4
Ibuprofen 400mg (M01AE),2015-05-10,5
Ibuprofen 400mg (M01AE),2015-05-11,7
Ibuprofen 400mg (M01AE),2015-05-12,2
Ibuprofen 400mg (M01AE),2015-05-13,3
Ibuprofen 400mg (M01AE),2015-05-14,5
Ibuprofen 400mg (M01AE),2015-05-15,7
Ibuprofen 400mg (M01AE),2015-05-16,4
Ibuprofen 400mg (M01AE),2015-05-17,3
Ibuprofen 400mg (M01AE),2015-05-18,3
Ibuprofen 400mg (M01AE),2015-05-19,2
Ibuprofen 400mg (M01AE),2015-05-20,6
Ibuprofen 400mg (M01AE),2015-05-21,2
Ibuprofen 400mg (M01AE),2015-05-23,3
Ibuprofen 400mg (M01AE),2015-05-24,8
Ibuprofen 400mg (M01AE),2015-05-25,3
Ibuprofen 400mg (M01AE),2015-05-26,3
Ibuprofen 400mg (M01AE),2015-05-27,3
Ibuprofen 400mg (M01AE),2015-05-28,2
Ibuprofen 400mg (M01AE),2015-05-29,5
Ibuprofen 400mg (M01AE),2015-05-30,3
Ibuprofen 400mg (M01AE),2015-05-31,5
Ibuprofen 400mg (M01AE),2015-06-01,5
Ibuprofen 400mg (M01AE),2015-06-02,8
Ibuprofen 400mg (M01AE),2015-06-03,2
Ibuprofen 400mg (M01AE),2015-06-04,4
Ibuprofen 400mg (M01AE),2015-06-05,1
Ibuprofen 400mg (M01AE),2015-06-06,4
Ibuprofen 400mg (M01AE),2015-06-07,5
Ibuprofen 400mg (M01AE),2015-06-08,6
Ibuprofen 400mg (M01AE),2015-06-09,4
Ibuprofen 400mg (M01AE),2015-06-10,3
Ibuprofen 400mg (M01AE),2015-06-11,2
Ibuprofen 400mg (M01AE),2015-06-12,2
Ibuprofen 400mg (M01AE),2015-06-13,5
Ibuprofen 400mg (M01AE),2015-06-14,4
Ibuprofen 400mg (M01AE),2015-06-15,3
Ibuprofen 400mg (M01AE),2015-06-16,3
Ibuprofen 400mg (M01AE),2015-06-17,3
Ibuprofen 400mg (M01AE),2015-06-18,5
Ibuprofen 400mg (M01AE),2015-06-19,4
Ibuprofen 400mg (M01AE),2015-06-20,3
Ibuprofen 400mg (M01AE),2015-06-21,1
Ibuprofen 400mg (M01AE),2015-06-22,7
Ibuprofen 400mg (M01AE),2015-06-23,6
Ibuprofen 400mg (M01AE),2015-06-24,4
Ibuprofen 400mg (M01AE),2015-06-25,4
Ibuprofen 400mg (M01AE),2015-06-27,3
Ibuprofen 400mg (M01AE),2015-06-28,5
Ibuprofen 400mg (M01AE),2015-06-29,4
Ibuprofen 400mg (M01AE),2015-06-30,5
Ibuprofen 400mg (M01AE),2015-07-01,6
Ibuprofen 400mg (M01AE),2015-07-02,2
Ibuprofen 400mg (M01AE),2015-07-03,4
Ibuprofen 400mg (M01AE),2015-07-04,2
Ibuprofen 400mg (M01AE),2015-07-05,4
Ibuprofen 400mg (M01AE),2015-07-06,5
Ibuprofen 400mg (M01AE),2015-07-07,5
Ibuprofen 400mg (M01AE),2015-07-08,1
Ibuprofen 400mg (M01AE),2015-07-09,2
Ibuprofen 400mg (M01AE),2015-07-10,6
Ibuprofen 400mg (M01AE),2015-07-11,2
Ibuprofen 400mg (M01AE),2015-07-12,5
Ibuprofen 400mg (M01AE),2015-07-13,1
Ibuprofen 400mg (M01AE),2015-07-14,4
Ibuprofen 400mg (M01AE),2015-07-15,2
Ibuprofen 400mg (M01AE),2015-07-16,3
Ibuprofen 400mg (M01AE),2015-07-17,1
Ibuprofen 400mg (M01AE),2015-07-18,7
Ibuprofen 400mg (M01AE),2015-07-19,2
Ibuprofen 400mg (M01AE),2015-07-20,5
Ibuprofen 400mg (M01AE),2015-07-21,1
Ibuprofen 400mg (M01AE),2015-07-23,4
Ibuprofen 400mg (M01AE),2015-07-24,6
Ibuprofen 400mg (M01AE),2015-07-25,4
Ibuprofen 400mg (M01AE),2015-07-26,3
Ibuprofen 400mg (M01AE),2015-07-27,3
Ibuprofen 400mg (M01AE),2015-07-28,6
Ibuprofen 400mg (M01AE),2015-07-29,3
Ibuprofen 400mg (M01AE),2015-07-30,3
Ibuprofen 400mg (M01AE),2015-07-31,9
Ibuprofen 400mg (M01AE),2015-08-01,5
Ibuprofen 400mg (M01AE),2015-08-02,7
Ibuprofen 400mg (M01AE),2015-08-03,2
Ibuprofen 400mg (M01AE),2015-08-04,2
Ibuprofen 400mg (M01AE),2015-08-05,3
Ibuprofen 400mg (M01AE),2015-08-06,2
Ibuprofen 400mg (M01AE),2015-08-07,4
Ibuprofen 400mg (M01AE),2015-08-08,5
Ibuprofen 400mg (M01AE),2015-08-09,4
Ibuprofen 400mg (M01AE),2015-08-10,6
Ibuprofen 400mg (M01AE),2015-08-11,7
Ibuprofen 400mg (M01AE),2015-08-12,8
Ibuprofen 400mg (M01AE),2015-08-13,2
Ibuprofen 400mg (M01AE),2015-08-14,5
Ibuprofen 400mg (M01AE),2015-08-15,6
Ibuprofen 400mg (M01AE),2015-08-16,5
Ibuprofen 400mg (M01AE),2015-08-17,3
Ibuprofen 400mg (M01AE),2015-08-18,3
Ibuprofen 400mg (M01AE),2015-08-19,3
Ibuprofen 400mg (M01AE),2015-08-20,4
Ibuprofen 400mg (M01AE),2015-08-21,1
Ibuprofen 400mg (M01AE),2015-08-22,7
Ibuprofen 400mg (M01AE),2015-08-23,5
Ibuprofen 400mg (M01AE),2015-08-24,4
Ibuprofen 400mg (M01AE),2015-08-25,3
Ibuprofen 400mg (M01AE),2015-08-26,4
Ibuprofen 400mg (M01AE),2015-08-27,3
Ibuprofen 400mg (M01AE),2015-08-28,9
Ibuprofen 400mg (M01AE),2015-08-29,10
Ibuprofen 400mg (M01AE),2015-08-30,6
Ibuprofen 400mg (M01AE),2015-08-31,9
Ibuprofen 400mg (M01AE),2015-09-01,3
Ibuprofen 400mg (M01AE),2015-09-02,7
Ibuprofen 400mg (M01AE),2015-09-03,4
Ibuprofen 400mg (M01AE),2015-09-04,3
Ibuprofen 400mg (M01AE),2015-09-05,6
Ibuprofen 400mg (M01AE),2015-09-06,10
Ibuprofen 400mg (M01AE),2015-09-07,6
Ibuprofen 400mg (M01AE),2015-09-08,2
Ibuprofen 400mg (M01AE),2015-09-09,3
Ibuprofen 400mg (M01AE),2015-09-10,4
Ibuprofen 400mg (M01AE),2015-09-11,5
Ibuprofen 400mg (M01AE),2015-09-12,8
Ibuprofen 400mg (M01AE),2015-09-13,6
Ibuprofen 400mg (M01AE),2015-09-14,5
Ibuprofen 400mg (M01AE),2015-09-15,5
Ibuprofen 400mg (M01AE),2015-09-16,5
Ibuprofen 400mg (M01AE),2015-09-17,6
Ibuprofen 400mg (M01AE),2015-09-18,1
Ibuprofen 400mg (M01AE),2015-09-19,1
Ibuprofen 400mg (M01AE),2015-09-20,4
Ibuprofen 400mg (M01AE),2015-09-21,10
Ibuprofen 400mg (M01AE),2015-09-22,1
Ibuprofen 400mg (M01AE),2015-09-23,4
Ibuprofen 400mg (M01AE),2015-09-24,4
Ibuprofen 400mg (M01AE),2015-09-25,5
Ibuprofen 400mg (M01AE),2015-09-26,3
Ibuprofen 400mg (M01AE),2015-09-27,3
Ibuprofen 400mg (M01AE),2015-09-28,1
Ibuprofen 400mg (M01AE),2015-09-29,4
Ibuprofen 400mg (M01AE),2015-09-30,4
Ibuprofen 400mg (M01AE),2015-10-01,6
Ibuprofen 400mg (M01AE),2015-10-02,5
Ibuprofen 400mg (M01AE),2015-10-03,5
Ibuprofen 400mg (M01AE),2015-10-04,4
Ibuprofen 400mg (M01AE),2015-10-05,2
Ibuprofen 400mg (M01AE),2015-10-06,4
Ibuprofen 400mg (M01AE),2015-10-07,3
Ibuprofen 400mg (M01AE),2015-10-08,4
Ibuprofen 400mg (M01AE),2015-10-09,3
Ibuprofen 400mg (M01AE),2015-10-10,6
Ibuprofen 400mg (M01AE),2015-10-11,3
Ibuprofen 400mg (M01AE),2015-10-12,7
Ibuprofen 400mg (M01AE),2015-10-13,7
Ibuprofen 400mg (M01AE),2015-10-14,7
Ibuprofen 400mg (M01AE),2015-10-15,6
Ibuprofen 400mg (M01AE),2015-10-16,3
Ibuprofen 400mg (M01AE),2015-10-17,3
Ibuprofen 400mg (M01AE),2015-10-18,7
Ibuprofen 400mg (M01AE),2015-10-19,4
Ibuprofen 400mg (M01AE),2015-10-20,2
Ibuprofen 400mg (M01AE),2015-10-21,2
Ibuprofen 400mg (M01AE),2015-10-23,2
Ibuprofen 400mg (M01AE),2015-10-24,8
Ibuprofen 400mg (M01AE),2015-10-25,3
Ibuprofen 400mg (M01AE),2015-10-26,5
Ibuprofen 400mg (M01AE),2015-10-27,2
Ibuprofen 400mg (M01AE),2015-10-28,2
Ibuprofen 400mg (M01AE),2015-10-29,4
Ibuprofen 400mg (M01AE),2015-10-30,4
Ibuprofen 400mg (M01AE),2015-10-31,5
Ibuprofen 400mg (M01AE),2015-11-01,8
Ibuprofen 400mg (M01AE),2015-11-02,4
Ibuprofen 400mg (M01AE),2015-11-03,4
Ibuprofen 400mg (M01AE),2015-11-04,2
Ibuprofen 400mg (M01AE),2015-11-05,4
Ibuprofen 400mg (M01AE),2015-11-06,7
Ibuprofen 400mg (M01AE),2015-11-07,3
Ibuprofen 400mg (M01AE),2015-11-08,4
Ibuprofen 400mg (M01AE),2015-11-09,6
Ibuprofen 400mg (M01AE),2015-11-10,7
Ibuprofen 400mg (M01AE),2015-11-11,5
Ibuprofen 400mg (M01AE),2015-11-12,4
Ibuprofen 400mg (M01AE),2015-11-13,2
Ibuprofen 400mg (M01AE),2015-11-15,12
Ibuprofen 400mg (M01AE),2015-11-16,4
Ibuprofen 400mg (M01AE),2015-11-17,5
Ibuprofen 400mg (M01AE),2015-11-18,5
Ibuprofen 400mg (M01AE),2015-11-19,3
Ibuprofen 400mg (M01AE),2015-11-20,2
Ibuprofen 400mg (M01AE),2015-11-21,2
Ibuprofen 400mg (M01AE),2015-11-22,3
Ibuprofen 400mg (M01AE),2015-11-23,1
Ibuprofen 400mg (M01AE),2015-11-24,6
Ibuprofen 400mg (M01AE),2015-11-25,5
Ibuprofen 400mg (M01AE),2015-11-26,4
Ibuprofen 400mg (M01AE),2015-11-27,4
Ibuprofen 400mg (M01AE),2015-11-28,4
Ibuprofen 400mg (M01AE),2015-11-29,4
Ibuprofen 400mg (M01AE),2015-11-30,2
Ibuprofen 400mg (M01AE),2015-12-01,2
Ibuprofen 400mg (M01AE),2015-12-02,3
Ibuprofen 400mg (M01AE),2015-12-03,3
Ibuprofen 400mg (M01AE),2015-12-04,5
Ibuprofen 400mg (M01AE),2015-12-05,3
Ibuprofen 400mg (M01AE),2015-12-06,7
Ibuprofen 400mg (M01AE),2015-12-07,2
Ibuprofen 400mg (M01AE),2015-12-08,6
Ibuprofen 400mg (M01AE),2015-12-09,3
Ibuprofen 400mg (M01AE),2015-12-10,11
Ibuprofen 400mg (M01AE),2015-12-11,6
Ibuprofen 400mg (M01AE),2015-12-12,3
Ibuprofen 400mg (M01AE),2015-12-13,4
Ibuprofen 400mg (M01AE),2015-12-14,3
Ibuprofen 400mg (M01AE),2015-12-15,2
Ibuprofen 400mg (M01AE),2015-12-16,4
Ibuprofen 400mg (M01AE),2015-12-17,3
Ibuprofen 400mg (M01AE),2015-12-18,9
Ibuprofen 400mg (M01AE),2015-12-20,3
Ibuprofen 400mg (M01AE),2015-12-21,6
Ibuprofen 400mg (M01AE),2015-12-23,4
Ibuprofen 400mg (M01AE),2015-12-24,3
Ibuprofen 400mg (M01AE),2015-12-25,5
Ibuprofen 400mg (M01AE),2015-12-26,2
Ibuprofen 400mg (M01AE),2015-12-27,7
Ibuprofen 400mg (M01AE),2015-12-28,5
Ibuprofen 400mg (M01AE),2015-12-29,2
Ibuprofen 400mg (M01AE),2015-12-30,7
Ibuprofen 400mg (M01AE),2015-12-31,6
Ibuprofen 400mg (M01AE),2016-01-02,1
Ibuprofen 400mg (M01AE),2016-01-03,4
Ibuprofen 400mg (M01AE),2016-01-04,6
Ibuprofen 400mg (M01AE),2016-01-05,6
Ibuprofen 400mg (M01AE),2016-01-06,3
Ibuprofen 400mg (M01AE),2016-01-08,3
Ibuprofen 400mg (M01AE),2016-01-09,3
Ibuprofen 400mg (M01AE),2016-01-10,4
Ibuprofen 400mg (M01AE),2016-01-11,6
Ibuprofen 400mg (M01AE),2016-01-12,3
Ibuprofen 400mg (M01AE),2016-01-13,2
Ibuprofen 400mg (M01AE),2016-01-14,5
Ibuprofen 400mg (M01AE),2016-01-15,5
Ibuprofen 400mg (M01AE),2016-01-16,5
Ibuprofen 400mg (M01AE),2016-01-17,2
Ibuprofen 400mg (M01AE),2016-01-18,3
Ibuprofen 400mg (M01AE),2016-01-19,6
Ibuprofen 400mg (M01AE),2016-01-20,3
Ibuprofen 400mg (M01AE),2016-01-21,1
Ibuprofen 400mg (M01AE),2016-01-22,8
Ibuprofen 400mg (M01AE),2016-01-23,6
Ibuprofen 400mg (M01AE),2016-01-24,6
Ibuprofen 400mg (M01AE),2016-01-25,4
Ibuprofen 400mg (M01AE),2016-01-26,4
Ibuprofen 400mg (M01AE),2016-01-27,4
Ibuprofen 400mg (M01AE),2016-01-28,7
Ibuprofen 400mg (M01AE),2016-01-29,9
Ibuprofen 400mg (M01AE),2016-01-30,4
Ibuprofen 400mg (M01AE),2016-01-31,5
Ibuprofen 400mg (M01AE),2016-02-01,5
Ibuprofen 400mg (M01AE),2016-02-02,5
Ibuprofen 400mg (M01AE),2016-02-03,7
Ibuprofen 400mg (M01AE),2016-02-04,4
Ibuprofen 400mg (M01AE),2016-02-05,2
Ibuprofen 400mg (M01AE),2016-02-06,10
Ibuprofen 400mg (M01AE),2016-02-07,6
Ibuprofen 400mg (M01AE),2016-02-08,7
Ibuprofen 400mg (M01AE),2016-02-09,3
Ibuprofen 400mg (M01AE),2016-02-10,5
Ibuprofen 400mg (M01AE),2016-02-11,4
Ibuprofen 400mg (M01AE),2016-02-12,6
Ibuprofen 400mg (M01AE),2016-02-13,4
Ibuprofen 400mg (M01AE),2016-02-14,7
Ibuprofen 400mg (M01AE),2016-02-15,5
Ibuprofen 400mg (M01AE),2016-02-16,2
Ibuprofen 400mg (M01AE),2016-02-17,5
Ibuprofen 400mg (M01AE),2016-02-18,1
Ibuprofen 400mg (M01AE),2016-02-19,2
Ibuprofen 400mg (M01AE),2016-02-20,4
Ibuprofen 400mg (M01AE),2016-02-21,4
Ibuprofen 400mg (M01AE),2016-02-22,5
Ibuprofen 400mg (M01AE),2016-02-23,2
Ibuprofen 400mg (M01AE),2016-02-24,2
Ibuprofen 400mg (M01AE),2016-02-25,4
Ibuprofen 400mg (M01AE),2016-02-26,6
Ibuprofen 400mg (M01AE),2016-02-27,7
Ibuprofen 400mg (M01AE),2016-02-28,4
Ibuprofen 400mg (M01AE),2016-02-29,8
Ibuprofen 400mg (M01AE),2016-03-01,4
Ibuprofen 400mg (M01AE),2016-03-02,10
Ibuprofen 400mg (M01AE),2016-03-03,2
Ibuprofen 400mg (M01AE),2016-03-04,1
Ibuprofen 400mg (M01AE),2016-03-05,5
Ibuprofen 400mg (M01AE),2016-03-06,8
Ibuprofen 400mg (M01AE),2016-03-07,7
Ibuprofen 400mg (M01AE),2016-03-08,7
Ibuprofen 400mg (M01AE),2016-03-09,6
Ibuprofen 400mg (M01AE),2016-03-10,10
Ibuprofen 400mg (M01AE),2016-03-11,4
Ibuprofen 400mg (M01AE),2016-03-12,6
Ibuprofen 400mg (M01AE),2016-03-13,4
Ibuprofen 400mg (M01AE),2016-03-14,3
Ibuprofen 400mg (M01AE),2016-03-15,3
Ibuprofen 400mg (M01AE),2016-03-16,13
Ibuprofen 400mg (M01AE),2016-03-17,5
Ibuprofen 400mg (M01AE),2016-03-18,5
Ibuprofen 400mg (M01AE),2016-03-19,8
Ibuprofen 400mg (M01AE),2016-03-20,10
Ibuprofen 400mg (M01AE),2016-03-21,8
Ibuprofen 400mg (M01AE),2016-03-23,3
Ibuprofen 400mg (M01AE),2016-03-24,2
Ibuprofen 400mg (M01AE),2016-03-25,7
Ibuprofen 400mg (M01AE),2016-03-26,1
Ibuprofen 400mg (M01AE),2016-03-27,5
Ibuprofen 400mg (M01AE),2016-03-28,2
Ibuprofen 400mg (M01AE),2016-03-29,1
Ibuprofen 400mg (M01AE),2016-03-30,3
Ibuprofen 400mg (M01AE),2016-03-31,9
Ibuprofen 400mg (M01AE),2016-04-01,3
Ibuprofen 400mg (M01AE),2016-04-02,2
Ibuprofen 400mg (M01AE),2016-04-03,7
Ibuprofen 400mg (M01AE),2016-04-04,5
Ibuprofen 400mg (M01AE),2016-04-05,5
Ibuprofen 400mg (M01AE),2016-04-06,5
Ibuprofen 400mg (M01AE),2016-04-07,6
Ibuprofen 400mg (M01AE),2016-04-08,4
Ibuprofen 400mg (M01AE),2016-04-09,9
Ibuprofen 400mg (M01AE),2016-04-10,7
Ibuprofen 400mg (M01AE),2016-04-11,5
Ibuprofen 400mg (M01AE),2016-04-12,5
Ibuprofen 400mg (M01AE),2016-04-13,3
Ibuprofen 400mg (M01AE),2016-04-14,2
Ibuprofen 400mg (M01AE),2016-04-15,3
Ibuprofen 400mg (M01AE),2016-04-16,7
Ibuprofen 400mg (M01AE),2016-04-17,8
Ibuprofen 400mg (M01AE),2016-04-18,2
Ibuprofen 400mg (M01AE),2016-04-19,1
Ibuprofen 400mg (M01AE),2016-04-20,3
Ibuprofen 400mg (M01AE),2016-04-21,3
Ibuprofen 400mg (M01AE),2016-04-22,6
Ibuprofen 400mg (M01AE),2016-04-23,4
Ibuprofen 400mg (M01AE),2016-04-24,7
Ibuprofen 400mg (M01AE),2016-04-25,2
Ibuprofen 400mg (M01AE),2016-04-26,5
Ibuprofen 400mg (M01AE),2016-04-27,7
Ibuprofen 400mg (M01AE),2016-04-28,6
Ibuprofen 400mg (M01AE),2016-04-29,3
Ibuprofen 400mg (M01AE),2016-04-30,10
Ibuprofen 400mg (M01AE),2016-05-02,1
Ibuprofen 400mg (M01AE),2016-05-03,6
Ibuprofen 400mg (M01AE),2016-05-04,3
Ibuprofen 400mg (M01AE),2016-05-05,3
Ibuprofen 400mg (M01AE),2016-05-06,3
Ibuprofen 400mg (M01AE),2016-05-07,8
Ibuprofen 400mg (M01AE),2016-05-08,11
Ibuprofen 400mg (M01AE),2016-05-09,6
Ibuprofen 400mg (M01AE),2016-05-10,4
Ibuprofen 400mg (M01AE),2016-05-11,5
Ibuprofen 400mg (M01AE),2016-05-12,2
Ibuprofen 400mg (M01AE),2016-05-13,2
Ibuprofen 400mg (M01AE),2016-05-14,5
Ibuprofen 400mg (M01AE),2016-05-15,8
Ibuprofen 400mg (M01AE),2016-05-16,4
Ibuprofen 400mg (M01AE),2016-05-17,2
Ibuprofen 400mg (M01AE),2016-05-18,5
Ibuprofen 400mg (M01AE),2016-05-19,6
Ibuprofen 400mg (M01AE),2016-05-20,1
Ibuprofen 400mg (M01AE),2016-05-21,5
Ibuprofen 400mg (M01AE),2016-05-22,5
Ibuprofen 400mg (M01AE),2016-05-23,2
Ibuprofen 400mg (M01AE),2016-05-24,3
Ibuprofen 400mg (M01AE),2016-05-25,2
Ibuprofen 400mg (M01AE),2016-05-26,5
Ibuprofen 400mg (M01AE),2016-05-27,3
Ibuprofen 400mg (M01AE),2016-05-29,4
Ibuprofen 400mg (M01AE),2016-05-30,3
Ibuprofen 400mg (M01AE),2016-05-31,3
Ibuprofen 400mg (M01AE),2016-06-01,1
Ibuprofen 400mg (M01AE),2016-06-02,6
Ibuprofen 400mg (M01AE),2016-06-03,3
Ibuprofen 400mg (M01AE),2016-06-04,3
Ibuprofen 400mg (M01AE),2016-06-05,3
Ibuprofen 400mg (M01AE),2016-06-06,3
Ibuprofen 400mg (M01AE),2016-06-07,3
Ibuprofen 400mg (M01AE),2016-06-08,1
Ibuprofen 400mg (M01AE),2016-06-09,4
Ibuprofen 400mg (M01AE),2016-06-10,4
Ibuprofen 400mg (M01AE),2016-06-11,3
Ibuprofen 400mg (M01AE),2016-06-12,7
Ibuprofen 400mg (M01AE),2016-06-13,5
Ibuprofen 400mg (M01AE),2016-06-14,6
Ibuprofen 400mg (M01AE),2016-06-15,5
Ibuprofen 400mg (M01AE),2016-06-17,4
Ibuprofen 400mg (M01AE),2016-06-18,4
Ibuprofen 400mg (M01AE),2016-06-19,6
Ibuprofen 400mg (M01AE),2016-06-20,3
Ibuprofen 400mg (M01AE),2016-06-21,5
Ibuprofen 400mg (M01AE),2016-06-22,6
Ibuprofen 400mg (M01AE),2016-06-24,2
Ibuprofen 400mg (M01AE),2016-06-25,5
Ibuprofen 400mg (M01AE),2016-06-26,4
Ibuprofen 400mg (M01AE),2016-06-27,3
Ibuprofen 400mg (M01AE),2016-06-28,1
Ibuprofen 400mg (M01AE),2016-06-29,8
Ibuprofen 400mg (M01AE),2016-06-30,4
Ibuprofen 400mg (M01AE),2016-07-01,2
Ibuprofen 400mg (M01AE),2016-07-02,5
Ibuprofen 400mg (M01AE),2016-07-03,4
Ibuprofen 400mg (M01AE),2016-07-04,5
Ibuprofen 400mg (M01AE),2016-07-05,4
Ibuprofen 400mg (M01AE),2016-07-06,6
Ibuprofen 400mg (M01AE),2016-07-07,5
Ibuprofen 400mg (M01AE),2016-07-08,7
Ibuprofen 400mg (M01AE),2016-07-09,6
Ibuprofen 400mg (M01AE),2016-07-10,8
Ibuprofen 400mg (M01AE),2016-07-11,2
Ibuprofen 400mg (M01AE),2016-07-12,3
Ibuprofen 400mg (M01AE),2016-07-13,7
Ibuprofen 400mg (M01AE),2016-07-14,2
Ibuprofen 400mg (M01AE),2016-07-15,8
Ibuprofen 400mg (M01AE),2016-07-16,7
Ibuprofen 400mg (M01AE),2016-07-17,4
Ibuprofen 400mg (M01AE),2016-07-18,2
Ibuprofen 400mg (M01AE),2016-07-19,1
Ibuprofen 400mg (M01AE),2016-07-20,5
Ibuprofen 400mg (M01AE),2016-07-21,5
Ibuprofen 400mg (M01AE),2016-07-22,2
Ibuprofen 400mg (M01AE),2016-07-23,5
Ibuprofen 400mg (M01AE),2016-07-24,5
Ibuprofen 400mg (M01AE),2016-07-25,3
Ibuprofen 400mg (M01AE),2016-07-26,3
Ibuprofen 400mg (M01AE),2016-07-27,6
Ibuprofen 400mg (M01AE),2016-07-28,4
Ibuprofen 400mg (M01AE),2016-07-29,5
Ibuprofen 400mg (M01AE),2016-07-30,4
Ibuprofen 400mg (M01AE),2016-07-31,5
Ibuprofen 400mg (M01AE),2016-08-01,1
Ibuprofen 400mg (M01AE),2016-08-02,7
Ibuprofen 400mg (M01AE),2016-08-03,3
Ibuprofen 400mg (M01AE),2016-08-04,3
Ibuprofen 400mg (M01AE),2016-08-05,3
Ibuprofen 400mg (M01AE),2016-08-06,4
Ibuprofen 400mg (M01AE),2016-08-07,4
Ibuprofen 400mg (M01AE),2016-08-08,6
Ibuprofen 400mg (M01AE),2016-08-09,5
Ibuprofen 400mg (M01AE),2016-08-10,3
Ibuprofen 400mg (M01AE),2016-08-11,4
Ibuprofen 400mg (M01AE),2016-08-12,6
Ibuprofen 400mg (M01AE),2016-08-13,7
Ibuprofen 400mg (M01AE),2016-08-14,5
Ibuprofen 400mg (M01AE),2016-08-15,2
Ibuprofen 400mg (M01AE),2016-08-16,5
Ibuprofen 400mg (M01AE),2016-08-17,2
Ibuprofen 400mg (M01AE),2016-08-18,3
Ibuprofen 400mg (M01AE),2016-08-19,4
Ibuprofen 400mg (M01AE),2016-08-20,3
Ibuprofen 400mg (M01AE),2016-08-21,4
Ibuprofen 400mg (M01AE),2016-08-22,3
Ibuprofen 400mg (M01AE),2016-08-23,3
Ibuprofen 400mg (M01AE),2016-08-24,3
Ibuprofen 400mg (M01AE),2016-08-25,3
Ibuprofen 400mg (M01AE),2016-08-26,2
Ibuprofen 400mg (M01AE),2016-08-27,2
Ibuprofen 400mg (M01AE),2016-08-28,7
Ibuprofen 400mg (M01AE),2016-08-29,1
Ibuprofen 400mg (M01AE),2016-08-30,1
Ibuprofen 400mg (M01AE),2016-08-31,6
Ibuprofen 400mg (M01AE),2016-09-01,4
Ibuprofen 400mg (M01AE),2016-09-02,4
Ibuprofen 400mg (M01AE),2016-09-03,4
Ibuprofen 400mg (M01AE),2016-09-04,4
Ibuprofen 400mg (M01AE),2016-09-05,4
Ibuprofen 400mg (M01AE),2016-09-06,1
Ibuprofen 400mg (M01AE),2016-09-07,2
Ibuprofen 400mg (M01AE),2016-09-08,3
Ibuprofen 400mg (M01AE),2016-09-09,4
Ibuprofen 400mg (M01AE),2016-09-10,11
Ibuprofen 400mg (M01AE),2016-09-11,7
Ibuprofen 400mg (M01AE),2016-09-12,6
Ibuprofen 400mg (M01AE),2016-09-13,6
Ibuprofen 400mg (M01AE),2016-09-14,4
Ibuprofen 400mg (M01AE),2016-09-15,7
Ibuprofen 400mg (M01AE),2016-09-16,1
Ibuprofen 400mg (M01AE),2016-09-17,4
Ibuprofen 400mg (M01AE),2016-09-18,7
Ibuprofen 400mg (M01AE),2016-09-19,3
Ibuprofen 400mg (M01AE),2016-09-20,3
Ibuprofen 400mg (M01AE),2016-09-21,4
Ibuprofen 400mg (M01AE),2016-09-22,2
Ibuprofen 400mg (M01AE),2016-09-23,7
Ibuprofen 400mg (M01AE),2016-09-24,4
Ibuprofen 400mg (M01AE),2016-09-25,4
Ibuprofen 400mg (M01AE),2016-09-26,1
Ibuprofen 400mg (M01AE),2016-09-27,5
Ibuprofen 400mg (M01AE),2016-09-28,2
Ibuprofen 400mg (M01AE),2016-09-29,2
Ibuprofen 400mg (M01AE),2016-09-30,5
Ibuprofen 400mg (M01AE),2016-10-01,8
Ibuprofen 400mg (M01AE),2016-10-02,4
Ibuprofen 400mg (M01AE),2016-10-03,5
Ibuprofen 400mg (M01AE),2016-10-04,3
Ibuprofen 400mg (M01AE),2016-10-05,4
Ibuprofen 400mg (M01AE),2016-10-06,4
Ibuprofen 400mg (M01AE),2016-10-07,4
Ibuprofen 400mg (M01AE),2016-10-08,6
Ibuprofen 400mg (M01AE),2016-10-09,5
Ibuprofen 400mg (M01AE),2016-10-10,5
Ibuprofen 400mg (M01AE),2016-10-11,2
Ibuprofen 400mg (M01AE),2016-10-12,2
Ibuprofen 400mg (M01AE),2016-10-13,4
Ibuprofen 400mg (M01AE),2016-10-14,4
Ibuprofen 400mg (M01AE),2016-10-15,6
Ibuprofen 400mg (M01AE),2016-10-16,5
Ibuprofen 400mg (M01AE),2016-10-17,5
Ibuprofen 400mg (M01AE),2016-10-18,5
Ibuprofen 400mg (M01AE),2016-10-19,7
Ibuprofen 400mg (M01AE),2016-10-20,6
Ibuprofen 400mg (M01AE),2016-10-21,4
Ibuprofen 400mg (M01AE),2016-10-22,3
Ibuprofen 400mg (M01AE),2016-10-23,6
Ibuprofen 400mg (M01AE),2016-10-24,3
Ibuprofen 400mg (M01AE),2016-10-25,5
Ibuprofen 400mg (M01AE),2016-10-26,2
Ibuprofen 400mg (M01AE),2016-10-27,2
Ibuprofen 400mg (M01AE),2016-10-28,4
Ibuprofen 400mg (M01AE),2016-10-29,5
Ibuprofen 400mg (M01AE),2016-10-30,10
Ibuprofen 400mg (M01AE),2016-10-31,4
Ibuprofen 400mg (M01AE),2016-11-01,2
Ibuprofen 400mg (M01AE),2016-11-02,4
Ibuprofen 400mg (M01AE),2016-11-03,1
Ibuprofen 400mg (M01AE),2016-11-04,4
Ibuprofen 400mg (M01AE),2016-11-05,3
Ibuprofen 400mg (M01AE),2016-11-06,4
Ibuprofen 400mg (M01AE),2016-11-07,3
Ibuprofen 400mg (M01AE),2016-11-08,2
Ibuprofen 400mg (M01AE),2016-11-09,6
Ibuprofen 400mg (M01AE),2016-11-10,6
Ibuprofen 400mg (M01AE),2016-11-11,2
Ibuprofen 400mg (M01AE),2016-11-12,4
Ibuprofen 400mg (M01AE),2016-11-13,11
Ibuprofen 400mg (M01AE),2016-11-14,5
Ibuprofen 400mg (M01AE),2016-11-16,3
Ibuprofen 400mg (M01AE),2016-11-17,3
Ibuprofen 400mg (M01AE),2016-11-18,4
Ibuprofen 400mg (M01AE),2016-11-19,3
Ibuprofen 400mg (M01AE),2016-11-20,4
Ibuprofen 400mg (M01AE),2016-11-21,3
Ibuprofen 400mg (M01AE),2016-11-22,5
Ibuprofen 400mg (M01AE),2016-11-23,4
Ibuprofen 400mg (M01AE),2016-11-24,4
Ibuprofen 400mg (M01AE),2016-11-25,5
Ibuprofen 400mg (M01AE),2016-11-26,5
Ibuprofen 400mg (M01AE),2016-11-27,6
Ibuprofen 400mg (M01AE),2016-11-28,1
Ibuprofen 400mg (M01AE),2016-11-29,6
Ibuprofen 400mg (M01AE),2016-11-30,3
Ibuprofen 400mg (M01AE),2016-12-01,2
Ibuprofen 400mg (M01AE),2016-12-02,1
Ibuprofen 400mg (M01AE),2016-12-03,3
Ibuprofen 400mg (M01AE),2016-12-04,9
Ibuprofen 400mg (M01AE),2016-12-05,2
Ibuprofen 400mg (M01AE),2016-12-06,5
Ibuprofen 400mg (M01AE),2016-12-07,3
Ibuprofen 400mg (M01AE),2016-12-08,2
Ibuprofen 400mg (M01AE),2016-12-09,2
Ibuprofen 400mg (M01AE),2016-12-10,6
Ibuprofen 400mg (M01AE),2016-12-11,5
Ibuprofen 400mg (M01AE),2016-12-12,2
Ibuprofen 400mg (M01AE),2016-12-13,4
Ibuprofen 400mg (M01AE),2016-12-14,4
Ibuprofen 400mg (M01AE),2016-12-15,3
Ibuprofen 400mg (M01AE),2016-12-16,6
Ibuprofen 400mg (M01AE),2016-12-17,3
Ibuprofen 400mg (M01AE),2016-12-18,5
Ibuprofen 400mg (M01AE),2016-12-20,4
Ibuprofen 400mg (M01AE),2016-12-21,3
Ibuprofen 400mg (M01AE),2016-12-22,4
Ibuprofen 400mg (M01AE),2016-12-23,5
Ibuprofen 400mg (M01AE),2016-12-24,7
Ibuprofen 400mg (M01AE),2016-12-25,8
Ibuprofen 400mg (M01AE),2016-12-26,5
Ibuprofen 400mg (M01AE),2016-12-27,5
Ibuprofen 400mg (M01AE),2016-12-28,6
Ibuprofen 400mg (M01AE),2016-12-29,6
Ibuprofen 400mg (M01AE),2016-12-30,9
Ibuprofen 400mg (M01AE),2016-12-31,8
Ibuprofen 400mg (M01AE),2017-01-01,4
Ibuprofen 400mg (M01AE),2017-01-02,1
Ibuprofen 400mg (M01AE),2017-01-03,6
Ibuprofen 400mg (M01AE),2017-01-04,6
Ibuprofen 400mg (M01AE),2017-01-05,8
Ibuprofen 400mg (M01AE),2017-01-06,3
Ibuprofen 400mg (M01AE),2017-01-07,5
Ibuprofen 400mg (M01AE),2017-01-08,2
Ibuprofen 400mg (M01AE),2017-01-09,4
Ibuprofen 400mg (M01AE),2017-01-10,5
Ibuprofen 400mg (M01AE),2017-01-11,6
Ibuprofen 400mg (M01AE),2017-01-12,5
Ibuprofen 400mg (M01AE),2017-01-13,4
Ibuprofen 400mg (M01AE),2017-01-14,4
Ibuprofen 400mg (M01AE),2017-01-15,7
Ibuprofen 400mg (M01AE),2017-01-16,4
Ibuprofen 400mg (M01AE),2017-01-17,4
Ibuprofen 400mg (M01AE),2017-01-18,4
Ibuprofen 400mg (M01AE),2017-01-19,6
Ibuprofen 400mg (M01AE),2017-01-20,5
Ibuprofen 400mg (M01AE),2017-01-21,2
Ibuprofen 400mg (M01AE),2017-01-22,5
Ibuprofen 400mg (M01AE),2017-01-23,5
Ibuprofen 400mg (M01AE),2017-01-24,6
Ibuprofen 400mg (M01AE),2017-01-25,5
Ibuprofen 400mg (M01AE),2017-01-26,5
Ibuprofen 400mg (M01AE),2017-01-27,8
Ibuprofen 400mg (M01AE),2017-01-28,6
Ibuprofen 400mg (M01AE),2017-01-29,8
Ibuprofen 400mg (M01AE),2017-01-30,6
Ibuprofen 400mg (M01AE),2017-01-31,4
Ibuprofen 400mg (M01AE),2017-02-01,5
Ibuprofen 400mg (M01AE),2017-02-02,6
Ibuprofen 400mg (M01AE),2017-02-03,6
Ibuprofen 400mg (M01AE),2017-02-04,4
Ibuprofen 400mg (M01AE),2017-02-05,11
Ibuprofen 400mg (M01AE),2017-02-06,5
Ibuprofen 400mg (M01AE),2017-02-08,2
Ibuprofen 400mg (M01AE),2017-02-09,2
Ibuprofen 400mg (M01AE),2017-02-10,3
Ibuprofen 400mg (M01AE),2017-02-11,6
Ibuprofen 400mg (M01AE),2017-02-12,11
Ibuprofen 400mg (M01AE),2017-02-14,5
Ibuprofen 400mg (M01AE),2017-02-15,3
Ibuprofen 400mg (M01AE),2017-02-16,5
Ibuprofen 400mg (M01AE),2017-02-17,3
Ibuprofen 400mg (M01AE),2017-02-18,4
Ibuprofen 400mg (M01AE),2017-02-19,4
Ibuprofen 400mg (M01AE),2017-02-20,4
Ibuprofen 400mg (M01AE),2017-02-21,4
Ibuprofen 400mg (M01AE),2017-02-22,2
Ibuprofen 400mg (M01AE),2017-02-23,6
Ibuprofen 400mg (M01AE),2017-02-24,5
Ibuprofen 400mg (M01AE),2017-02-25,6
Ibuprofen 400mg (M01AE),2017-02-26,5
Ibuprofen 400mg (M01AE),2017-02-27,4
Ibuprofen 400mg (M01AE),2017-02-28,5
Ibuprofen 400mg (M01AE),2017-03-01,5
Ibuprofen 400mg (M01AE),2017-03-02,7
Ibuprofen 400mg (M01AE),2017-03-03,3
Ibuprofen 400mg (M01AE),2017-03-04,4
Ibuprofen 400mg (M01AE),2017-03-05,4
Ibuprofen 400mg (M01AE),2017-03-06,2
Ibuprofen 400mg (M01AE),2017-03-07,5
Ibuprofen 400mg (M01AE),2017-03-08,2
Ibuprofen 400mg (M01AE),2017-03-09,2
Ibuprofen 400mg (M01AE),2017-03-10,4
Ibuprofen 400mg (M01AE),2017-03-11,4
Ibuprofen 400mg (M01AE),2017-03-12,7
Ibuprofen 400mg (M01AE),2017-03-13,1
Ibuprofen 400mg (M01AE),2017-03-14,1
Ibuprofen 400mg (M01AE),2017-03-15,2
Ibuprofen 400mg (M01AE),2017-03-16,4
Ibuprofen 400mg (M01AE),2017-03-17,3
Ibuprofen 400mg (M01AE),2017-03-18,4
Ibuprofen 400mg (M01AE),2017-03-19,4
Ibuprofen 400mg (M01AE),2017-03-20,7
Ibuprofen 400mg (M01AE),2017-03-21,2
Ibuprofen 400mg (M01AE),2017-03-22,5
Ibuprofen 400mg (M01AE),2017-03-23,2
Ibuprofen 400mg (M01AE),2017-03-24,3
Ibuprofen 400mg (M01AE),2017-03-25,5
Ibuprofen 400mg (M01AE),2017-03-26,5
Ibuprofen 400mg (M01AE),2017-03-27,3
Ibuprofen 400mg (M01AE),2017-03-28,3
Ibuprofen 400mg (M01AE),2017-03-29,1
Ibuprofen 400mg (M01AE),2017-03-30,3
Ibuprofen 400mg (M01AE),2017-03-31,2
Ibuprofen 400mg (M01AE),2017-04-01,2
Ibuprofen 400mg (M01AE),2017-04-02,4
Ibuprofen 400mg (M01AE),2017-04-03,1
Ibuprofen 400mg (M01AE),2017-04-04,1
Ibuprofen 400mg (M01AE),2017-04-06,1
Ibuprofen 400mg (M01AE),2017-04-07,4
Ibuprofen 400mg (M01AE),2017-04-08,9
Ibuprofen 400mg (M01AE),2017-04-09,5
Ibuprofen 400mg (M01AE),2017-04-10,1
Ibuprofen 400mg (M01AE),2017-04-11,2
Ibuprofen 400mg (M01AE),2017-04-12,3
Ibuprofen 400mg (M01AE),2017-04-13,2
Ibuprofen 400mg (M01AE),2017-04-14,5
Ibuprofen 400mg (M01AE),2017-04-15,1
Ibuprofen 400mg (M01AE),2017-04-17,4
Ibuprofen 400mg (M01AE),2017-04-18,5
Ibuprofen 400mg (M01AE),2017-04-19,3
Ibuprofen 400mg (M01AE),2017-04-20,2
Ibuprofen 400mg (M01AE),2017-04-21,2
Ibuprofen 400mg (M01AE),2017-04-22,5
Ibuprofen 400mg (M01AE),2017-04-23,5
Ibuprofen 400mg (M01AE),2017-04-24,4
Ibuprofen 400mg (M01AE),2017-04-25,3
Ibuprofen 400mg (M01AE),2017-04-26,4
Ibuprofen 400mg (M01AE),2017-04-27,4
Ibuprofen 400mg (M01AE),2017-04-28,4
Ibuprofen 400mg (M01AE),2017-04-29,9
Ibuprofen 400mg (M01AE),2017-04-30,4
Ibuprofen 400mg (M01AE),2017-05-01,1
Ibuprofen 400mg (M01AE),2017-05-02,6
Ibuprofen 400mg (M01AE),2017-05-03,3
Ibuprofen 400mg (M01AE),2017-05-04,6
Ibuprofen 400mg (M01AE),2017-05-05,5
Ibuprofen 400mg (M01AE),2017-05-06,2
Ibuprofen 400mg (M01AE),2017-05-07,4
Ibuprofen 400mg (M01AE),2017-05-08,4
Ibuprofen 400mg (M01AE),2017-05-09,4
Ibuprofen 400mg (M01AE),2017-05-11,7
Ibuprofen 400mg (M01AE),2017-05-12,5
Ibuprofen 400mg (M01AE),2017-05-13,2
Ibuprofen 400mg (M01AE),2017-05-14,2
Ibuprofen 400mg (M01AE),2017-05-15,5
Ibuprofen 400mg (M01AE),2017-05-16,6
Ibuprofen 400mg (M01AE),2017-05-17,5
Ibuprofen 400mg (M01AE),2017-05-18,5
Ibuprofen 400mg (M01AE),2017-05-19,3
Ibuprofen 400mg (M01AE),2017-05-20,5
Ibuprofen 400mg (M01AE),2017-05-21,3
Ibuprofen 400mg (M01AE),2017-05-22,1
Ibuprofen 400mg (M01AE),2017-05-23,2
Ibuprofen 400mg (M01AE),2017-05-24,3
Ibuprofen 400mg (M01AE),2017-05-25,5
Ibuprofen 400mg (M01AE),2017-05-26,4
Ibuprofen 400mg (M01AE),2017-05-27,3
Ibuprofen 400mg (M01AE),2017-05-28,6
Ibuprofen 400mg (M01AE),2017-05-29,4
Ibuprofen 400mg (M01AE),2017-05-30,3
Ibuprofen 400mg (M01AE),2017-05-31,2
Ibuprofen 400mg (M01AE),2017-06-01,4
Ibuprofen 400mg (M01AE),2017-06-02,4
Ibuprofen 400mg (M01AE),2017-06-03,2
Ibuprofen 400mg (M01AE),2017-06-04,2
Ibuprofen 400mg (M01AE),2017-06-05,6
Ibuprofen 400mg (M01AE),2017-06-06,3
Ibuprofen 400mg (M01AE),2017-06-07,5
Ibuprofen 400mg (M01AE),2017-06-08,2
Ibuprofen 400mg (M01AE),2017-06-09,4
Ibuprofen 400mg (M01AE),2017-06-10,7
Ibuprofen 400mg (M01AE),2017-06-11,4
Ibuprofen 400mg (M01AE),2017-06-12,3
Ibuprofen 400mg (M01AE),2017-06-13,3
Ibuprofen 400mg (M01AE),2017-06-14,1
Ibuprofen 400mg (M01AE),2017-06-15,4
Ibuprofen 400mg (M01AE),2017-06-16,2
Ibuprofen 400mg (M01AE),2017-06-17,9
Ibuprofen 400mg (M01AE),2017-06-18,7
Ibuprofen 400mg (M01AE),2017-06-19,2
Ibuprofen 400mg (M01AE),2017-06-20,1
Ibuprofen 400mg (M01AE),2017-06-21,1
Ibuprofen 400mg (M01AE),2017-06-22,3
Ibuprofen 400mg (M01AE),2017-06-23,1
Ibuprofen 400mg (M01AE),2017-06-24,4
Ibuprofen 400mg (M01AE),2017-06-25,2
Ibuprofen 400mg (M01AE),2017-06-26,3
Ibuprofen 400mg (M01AE),2017-06-27,3
Ibuprofen 400mg (M01AE),2017-06-28,4
Ibuprofen 400mg (M01AE),2017-06-29,4
Ibuprofen 400mg (M01AE),2017-06-30,2
Ibuprofen 400mg (M01AE),2017-07-01,2
Ibuprofen 400mg (M01AE),2017-07-02,4
Ibuprofen 400mg (M01AE),2017-07-04,2
Ibuprofen 400mg (M01AE),2017-07-05,2
Ibuprofen 400mg (M01AE),2017-07-06,7
Ibuprofen 400mg (M01AE),2017-07-07,2
Ibuprofen 400mg (M01AE),2017-07-08,4
Ibuprofen 400mg (M01AE),2017-07-09,7
Ibuprofen 400mg (M01AE),2017-07-10,4
Ibuprofen 400mg (M01AE),2017-07-11,1
Ibuprofen 400mg (M01AE),2017-07-12,5
Ibuprofen 400mg (M01AE),2017-07-13,3
Ibuprofen 400mg (M01AE),2017-07-14,4
Ibuprofen 400mg (M01AE),2017-07-15,9
Ibuprofen 400mg (M01AE),2017-07-16,9
Ibuprofen 400mg (M01AE),2017-07-17,5
Ibuprofen 400mg (M01AE),2017-07-18,6
Ibuprofen 400mg (M01AE),2017-07-19,4
Ibuprofen 400mg (M01AE),2017-07-20,4
Ibuprofen 400mg (M01AE),2017-07-21,1
Ibuprofen 400mg (M01AE),2017-07-22,6
Ibuprofen 400mg (M01AE),2017-07-23,2
Ibuprofen 400mg (M01AE),2017-07-24,1
Ibuprofen 400mg (M01AE),2017-07-25,2
Ibuprofen 400mg (M01AE),2017-07-26,7
Ibuprofen 400mg (M01AE),2017-07-27,1
Ibuprofen 400mg (M01AE),2017-07-28,5
Ibuprofen 400mg (M01AE),2017-07-29,3
Ibuprofen 400mg (M01AE),2017-07-30,3
Ibuprofen 400mg (M01AE),2017-07-31,1
Ibuprofen 400mg (M01AE),2017-08-01,3
Ibuprofen 400mg (M01AE),2017-08-02,3
Ibuprofen 400mg (M01AE),2017-08-03,1
Ibuprofen 400mg (M01AE),2017-08-04,4
Ibuprofen 400mg (M01AE),2017-08-05,2
Ibuprofen 400mg (M01AE),2017-08-06,3
Ibuprofen 400mg (M01AE),2017-08-07,5
Ibuprofen 400mg (M01AE),2017-08-08,2
Ibuprofen 400mg (M01AE),2017-08-09,5
Ibuprofen 400mg (M01AE),2017-08-10,4
Ibuprofen 400mg (M01AE),2017-08-11,2
Ibuprofen 400mg (M01AE),2017-08-12,5
Ibuprofen 400mg (M01AE),2017-08-13,4
Ibuprofen 400mg (M01AE),2017-08-14,2
Ibuprofen 400mg (M01AE),2017-08-15,7
Ibuprofen 400mg (M01AE),2017-08-16,4
Ibuprofen 400mg (M01AE),2017-08-17,1
Ibuprofen 400mg (M01AE),2017-08-18,4
Ibuprofen 400mg (M01AE),2017-08-19,5
Ibuprofen 400mg (M01AE),2017-08-20,2
Ibuprofen 400mg (M01AE),2017-08-21,3
Ibuprofen 400mg (M01AE),2017-08-22,1
Ibuprofen 400mg (M01AE),2017-08-23,2
Ibuprofen 400mg (M01AE),2017-08-24,9
Ibuprofen 400mg (M01AE),2017-08-25,3
Ibuprofen 400mg (M01AE),2017-08-26,4
Ibuprofen 400mg (M01AE),2017-08-27,5
Ibuprofen 400mg (M01AE),2017-08-28,7
Ibuprofen 400mg (M01AE),2017-08-29,3
Ibuprofen 400mg (M01AE),2017-08-30,4
Ibuprofen 400mg (M01AE),2017-08-31,3
Ibuprofen 400mg (M01AE),2017-09-01,3
Ibuprofen 400mg (M01AE),2017-09-02,2
Ibuprofen 400mg (M01AE),2017-09-03,5
Ibuprofen 400mg (M01AE),2017-09-04,3
Ibuprofen 400mg (M01AE),2017-09-05,4
Ibuprofen 400mg (M01AE),2017-09-06,3
Ibuprofen 400mg (M01AE),2017-09-07,1
Ibuprofen 400mg (M01AE),2017-09-08,7
Ibuprofen 400mg (M01AE),2017-09-09,8
Ibuprofen 400mg (M01AE),2017-09-10,5
Ibuprofen 400mg (M01AE),2017-09-11,3
Ibuprofen 400mg (M01AE),2017-09-12,4
Ibuprofen 400mg (M01AE),2017-09-13,1
Ibuprofen 400mg (M01AE),2017-09-14,5
Ibuprofen 400mg (M01AE),2017-09-15,3
Ibuprofen 400mg (M01AE),2017-09-16,3
Ibuprofen 400mg (M01AE),2017-09-17,4
Ibuprofen 400mg (M01AE),2017-09-18,4
Ibuprofen 400mg (M01AE),2017-09-19,6
Ibuprofen 400mg (M01AE),2017-09-20,2
Ibuprofen 400mg (M01AE),2017-09-21,4
Ibuprofen 400mg (M01AE),2017-09-22,2
Ibuprofen 400mg (M01AE),2017-09-23,7
Ibuprofen 400mg (M01AE),2017-09-24,5
Ibuprofen 400mg (M01AE),2017-09-25,3
Ibuprofen 400mg (M01AE),2017-09-26,6
Ibuprofen 400mg (M01AE),2017-09-27,2
Ibuprofen 400mg (M01AE),2017-09-28,3
Ibuprofen 400mg (M01AE),2017-09-29,5
Ibuprofen 400mg (M01AE),2017-09-30,3
Ibuprofen 400mg (M01AE),2017-10-01,6
Ibuprofen 400mg (M01AE),2017-10-02,2
Ibuprofen 400mg (M01AE),2017-10-03,2
Ibuprofen 400mg (M01AE),2017-10-04,4
Ibuprofen 400mg (M01AE),2017-10-05,4
Ibuprofen 400mg (M01AE),2017-10-06,5
Ibuprofen 400mg (M01AE),2017-10-07,2
Ibuprofen 400mg (M01AE),2017-10-08,3
Ibuprofen 400mg (M01AE),2017-10-10,3
Ibuprofen 400mg (M01AE),2017-10-11,1
Ibuprofen 400mg (M01AE),2017-10-12,2
Ibuprofen 400mg (M01AE),2017-10-13,1
Ibuprofen 400mg (M01AE),2017-10-14,4
Ibuprofen 400mg (M01AE),2017-10-15,7
Ibuprofen 400mg (M01AE),2017-10-16,1
Ibuprofen 400mg (M01AE),2017-10-17,2
Ibuprofen 400mg (M01AE),2017-10-18,1
Ibuprofen 400mg (M01AE),2017-10-19,6
Ibuprofen 400mg (M01AE),2017-10-20,4
Ibuprofen 400mg (M01AE),2017-10-21,4
Ibuprofen 400mg (M01AE),2017-10-22,5
Ibuprofen 400mg (M01AE),2017-10-23,1
Ibuprofen 400mg (M01AE),2017-10-24,2
Ibuprofen 400mg (M01AE),2017-10-25,3
Ibuprofen 400mg (M01AE),2017-10-26,1
Ibuprofen 400mg (M01AE),2017-10-27,2
Ibuprofen 400mg (M01AE),2017-10-28,2
Ibuprofen 400mg (M01AE),2017-10-29,2
Ibuprofen 400mg (M01AE),2017-10-30,4
Ibuprofen 400mg (M01AE),2017-10-31,1
Ibuprofen 400mg (M01AE),2017-11-01,3
Ibuprofen 400mg (M01AE),2017-11-02,2
Ibuprofen 400mg (M01AE),2017-11-03,8
Ibuprofen 400mg (M01AE),2017-11-04,7
Ibuprofen 400mg (M01AE),2017-11-05,6
Ibuprofen 400mg (M01AE),2017-11-06,3
Ibuprofen 400mg (M01AE),2017-11-07,4
Ibuprofen 400mg (M01AE),2017-11-08,1
Ibuprofen 400mg (M01AE),2017-11-09,4
Ibuprofen 400mg (M01AE),2017-11-10,7
Ibuprofen 400mg (M01AE),2017-11-11,3
Ibuprofen 400mg (M01AE),2017-11-12,4
Ibuprofen 400mg (M01AE),2017-11-13,2
Ibuprofen 400mg (M01AE),2017-11-14,1
Ibuprofen 400mg (M01AE),2017-11-15,3
Ibuprofen 400mg (M01AE),2017-11-16,2
Ibuprofen 400mg (M01AE),2017-11-17,5
Ibuprofen 400mg (M01AE),2017-11-18,8
Ibuprofen 400mg (M01AE),2017-11-19,7
Ibuprofen 400mg (M01AE),2017-11-20,5
Ibuprofen 400mg (M01AE),2017-11-21,1
Ibuprofen 400mg (M01AE),2017-11-22,4
Ibuprofen 400mg (M01AE),2017-11-23,6
Ibuprofen 400mg (M01AE),2017-11-24,3
Ibuprofen 400mg (M01AE),2017-11-25,6
Ibuprofen 400mg (M01AE),2017-11-26,6
Ibuprofen 400mg (M01AE),2017-11-27,4
Ibuprofen 400mg (M01AE),2017-11-28,1
Ibuprofen 400mg (M01AE),2017-11-29,2
Ibuprofen 400mg (M01AE),2017-11-30,1
Ibuprofen 400mg (M01AE),2017-12-01,8
Ibuprofen 400mg (M01AE),2017-12-02,4
Ibuprofen 400mg (M01AE),2017-12-03,6
Ibuprofen 400mg (M01AE),2017-12-04,2
Ibuprofen 400mg (M01AE),2017-12-05,3
Ibuprofen 400mg (M01AE),2017-12-06,4
Ibuprofen 400mg (M01AE),2017-12-07,3
Ibuprofen 400mg (M01AE),2017-12-08,3
Ibuprofen 400mg (M01AE),2017-12-09,2
Ibuprofen 400mg (M01AE),2017-12-10,3
Ibuprofen 400mg (M01AE),2017-12-11,6
Ibuprofen 400mg (M01AE),2017-12-12,5
Ibuprofen 400mg (M01AE),2017-12-13,3
Ibuprofen 400mg (M01AE),2017-12-14,3
Ibuprofen 400mg (M01AE),2017-12-15,5
Ibuprofen 400mg (M01AE),2017-12-16,6
Ibuprofen 400mg (M01AE),2017-12-18,5
Ibuprofen 400mg (M01AE),2017-12-20,3
Ibuprofen 400mg (M01AE),2017-12-21,3
Ibuprofen 400mg (M01AE),2017-12-22,3
Ibuprofen 400mg (M01AE),2017-12-23,5
Ibuprofen 400mg (M01AE),2017-12-24,3
Ibuprofen 400mg (M01AE),2017-12-25,1
Ibuprofen 400mg (M01AE),2017-12-26,5
Ibuprofen 400mg (M01AE),2017-12-27,5
Ibuprofen 400mg (M01AE),2017-12-28,3
Ibuprofen 400mg (M01AE),2017-12-29,2
Ibuprofen 400mg (M01AE),2017-12-30,8
Ibuprofen 400mg (M01AE),2017-12-31,10
Ibuprofen 400mg (M01AE),2018-01-02,5
Ibuprofen 400mg (M01AE),2018-01-03,2
Ibuprofen 400mg (M01AE),2018-01-04,1
Ibuprofen 400mg (M01AE),2018-01-05,7
Ibuprofen 400mg (M01AE),2018-01-06,2
Ibuprofen 400mg (M01AE),2018-01-08,7
Ibuprofen 400mg (M01AE),2018-01-09,2
Ibuprofen 400mg (M01AE),2018-01-10,7
Ibuprofen 400mg (M01AE),2018-01-11,4
Ibuprofen 400mg (M01AE),2018-01-12,1
Ibuprofen 400mg (M01AE),2018-01-13,3
Ibuprofen 400mg (M01AE),2018-01-14,5
Ibuprofen 400mg (M01AE),2018-01-15,2
Ibuprofen 400mg (M01AE),2018-01-16,3
Ibuprofen 400mg (M01AE),2018-01-17,3
Ibuprofen 400mg (M01AE),2018-01-18,4
Ibuprofen 400mg (M01AE),2018-01-19,3
Ibuprofen 400mg (M01AE),2018-01-20,2
Ibuprofen 400mg (M01AE),2018-01-21,4
Ibuprofen 400mg (M01AE),2018-01-22,3
Ibuprofen 400mg (M01AE),2018-01-23,1
Ibuprofen 400mg (M01AE),2018-01-24,7
Ibuprofen 400mg (M01AE),2018-01-25,5
Ibuprofen 400mg (M01AE),2018-01-26,3
Ibuprofen 400mg (M01AE),2018-01-27,7
Ibuprofen 400mg (M01AE),2018-01-28,2
Ibuprofen 400mg (M01AE),2018-01-29,4
Ibuprofen 400mg (M01AE),2018-01-30,4
Ibuprofen 400mg (M01AE),2018-01-31,5
Ibuprofen 400mg (M01AE),2018-02-01,4
Ibuprofen 400mg (M01AE),2018-02-02,5
Ibuprofen 400mg (M01AE),2018-02-03,7
Ibuprofen 400mg (M01AE),2018-02-04,9
Ibuprofen 400mg (M01AE),2018-02-05,3
Ibuprofen 400mg (M01AE),2018-02-06,2
Ibuprofen 400mg (M01AE),2018-02-07,8
Ibuprofen 400mg (M01AE),2018-02-08,1
Ibuprofen 400mg (M01AE),2018-02-09,4
Ibuprofen 400mg (M01AE),2018-02-10,5
Ibuprofen 400mg (M01AE),2018-02-11,5
Ibuprofen 400mg (M01AE),2018-02-12,5
Ibuprofen 400mg (M01AE),2018-02-13,8
Ibuprofen 400mg (M01AE),2018-02-14,6
Ibuprofen 400mg (M01AE),2018-02-15,7
Ibuprofen 400mg (M01AE),2018-02-16,7
Ibuprofen 400mg (M01AE),2018-02-17,4
Ibuprofen 400mg (M01AE),2018-02-18,7
Ibuprofen 400mg (M01AE),2018-02-19,3
Ibuprofen 400mg (M01AE),2018-02-20,2
Ibuprofen 400mg (M01AE),2018-02-21,7
Ibuprofen 400mg (M01AE),2018-02-22,6
Ibuprofen 400mg (M01AE),2018-02-23,3
Ibuprofen 400mg (M01AE),2018-02-24,6
Ibuprofen 400mg (M01AE),2018-02-25,2
Ibuprofen 400mg (M01AE),2018-02-26,1
Ibuprofen 400mg (M01AE),2018-02-27,3
Ibuprofen 400mg (M01AE),2018-02-28,2
Ibuprofen 400mg (M01AE),2018-03-01,6
Ibuprofen 400mg (M01AE),2018-03-02,3
Ibuprofen 400mg (M01AE),2018-03-03,2
Ibuprofen 400mg (M01AE),2018-03-04,4
Ibuprofen 400mg (M01AE),2018-03-05,5
Ibuprofen 400mg (M01AE),2018-03-06,6
Ibuprofen 400mg (M01AE),2018-03-07,2
Ibuprofen 400mg (M01AE),2018-03-08,3
Ibuprofen 400mg (M01AE),2018-03-09,2
Ibuprofen 400mg (M01AE),2018-03-10,4
Ibuprofen 400mg (M01AE),2018-03-11,8
Ibuprofen 400mg (M01AE),2018-03-12,4
Ibuprofen 400mg (M01AE),2018-03-13,5
Ibuprofen 400mg (M01AE),2018-03-14,2
Ibuprofen 400mg (M01AE),2018-03-15,2
Ibuprofen 400mg (M01AE),2018-03-16,3
Ibuprofen 400mg (M01AE),2018-03-17,2
Ibuprofen 400mg (M01AE),2018-03-18,3
Ibuprofen 400mg (M01AE),2018-03-19,1
Ibuprofen 400mg (M01AE),2018-03-20,4
Ibuprofen 400mg (M01AE),2018-03-21,2
Ibuprofen 400mg (M01AE),2018-03-22,4
Ibuprofen 400mg (M01AE),2018-03-23,5
Ibuprofen 400mg (M01AE),2018-03-24,2
Ibuprofen 400mg (M01AE),2018-03-25,3
Ibuprofen 400mg (M01AE),2018-03-26,10
Ibuprofen 400mg (M01AE),2018-03-27,3
Ibuprofen 400mg (M01AE),2018-03-28,2
Ibuprofen 400mg (M01AE),2018-03-29,2
Ibuprofen 400mg (M01AE),2018-03-30,4
Ibuprofen 400mg (M01AE),2018-03-31,3
Ibuprofen 400mg (M01AE),2018-04-01,3
Ibuprofen 400mg (M01AE),2018-04-02,4
Ibuprofen 400mg (M01AE),2018-04-03,3
Ibuprofen 400mg (M01AE),2018-04-04,5
Ibuprofen 400mg (M01AE),2018-04-05,4
Ibuprofen 400mg (M01AE),2018-04-06,3
Ibuprofen 400mg (M01AE),2018-04-07,5
Ibuprofen 400mg (M01AE),2018-04-09,3
Ibuprofen 400mg (M01AE),2018-04-10,3
Ibuprofen 400mg (M01AE),2018-04-11,3
Ibuprofen 400mg (M01AE),2018-04-12,5
Ibuprofen 400mg (M01AE),2018-04-13,2
Ibuprofen 400mg (M01AE),2018-04-14,4
Ibuprofen 400mg (M01AE),2018-04-15,3
Ibuprofen 400mg (M01AE),2018-04-16,6
Ibuprofen 400mg (M01AE),2018-04-17,1
Ibuprofen 400mg (M01AE),2018-04-18,1
Ibuprofen 400mg (M01AE),2018-04-19,6
Ibuprofen 400mg (M01AE),2018-04-20,5
Ibuprofen 400mg (M01AE),2018-04-21,3
Ibuprofen 400mg (M01AE),2018-04-22,5
Ibuprofen 400mg (M01AE),2018-04-23,1
Ibuprofen 400mg (M01AE),2018-04-24,4
Ibuprofen 400mg (M01AE),2018-04-25,8
Ibuprofen 400mg (M01AE),2018-04-26,1
Ibuprofen 400mg (M01AE),2018-04-27,4
Ibuprofen 400mg (M01AE),2018-04-28,2
Ibuprofen 400mg (M01AE),2018-04-29,6
Ibuprofen 400mg (M01AE),2018-04-30,7
Ibuprofen 400mg (M01AE),2018-05-02,4
Ibuprofen 400mg (M01AE),2018-05-03,2
Ibuprofen 400mg (M01AE),2018-05-04,3
Ibuprofen 400mg (M01AE),2018-05-05,3
Ibuprofen 400mg (M01AE),2018-05-06,11
Ibuprofen 400mg (M01AE),2018-05-08,6
Ibuprofen 400mg (M01AE),2018-05-09,2
Ibuprofen 400mg (M01AE),2018-05-10,5
Ibuprofen 400mg (M01AE),2018-05-11,1
Ibuprofen 400mg (M01AE),2018-05-12,4
Ibuprofen 400mg (M01AE),2018-05-13,6
Ibuprofen 400mg (M01AE),2018-05-14,7
Ibuprofen 400mg (M01AE),2018-05-15,1
Ibuprofen 400mg (M01AE),2018-05-16,2
Ibuprofen 400mg (M01AE),2018-05-17,3
Ibuprofen 400mg (M01AE),2018-05-18,1
Ibuprofen 400mg (M01AE),2018-05-19,3
Ibuprofen 400mg (M01AE),2018-05-20,8
Ibuprofen 400mg (M01AE),2018-05-21,3
Ibuprofen 400mg (M01AE),2018-05-22,2
Ibuprofen 400mg (M01AE),2018-05-23,4
Ibuprofen 400mg (M01AE),2018-05-24,2
Ibuprofen 400mg (M01AE),2018-05-25,2
Ibuprofen 400mg (M01AE),2018-05-26,3
Ibuprofen 400mg (M01AE),2018-05-27,5
Ibuprofen 400mg (M01AE),2018-05-28,3
Ibuprofen 400mg (M01AE),2018-05-29,4
Ibuprofen 400mg (M01AE),2018-05-30,2
Ibuprofen 400mg (M01AE),2018-05-31,4
Ibuprofen 400mg (M01AE),2018-06-01,2
Ibuprofen 400mg (M01AE),2018-06-02,3
Ibuprofen 400mg (M01AE),2018-06-03,3
Ibuprofen 400mg (M01AE),2018-06-04,3
Ibuprofen 400mg (M01AE),2018-06-05,4
Ibuprofen 400mg (M01AE),2018-06-06,2
Ibuprofen 400mg (M01AE),2018-06-07,5
Ibuprofen 400mg (M01AE),2018-06-08,1
Ibuprofen 400mg (M01AE),2018-06-09,6
Ibuprofen 400mg (M01AE),2018-06-10,5
Ibuprofen 400mg (M01AE),2018-06-11,8
Ibuprofen 400mg (M01AE),2018-06-12,4
Ibuprofen 400mg (M01AE),2018-06-13,4
Ibuprofen 400mg (M01AE),2018-06-14,1
Ibuprofen 400mg (M01AE),2018-06-16,6
Ibuprofen 400mg (M01AE),2018-06-17,7
Ibuprofen 400mg (M01AE),2018-06-18,1
Ibuprofen 400mg (M01AE),2018-06-19,3
Ibuprofen 400mg (M01AE),2018-06-20,5
Ibuprofen 400mg (M01AE),2018-06-21,3
Ibuprofen 400mg (M01AE),2018-06-22,5
Ibuprofen 400mg (M01AE),2018-06-23,7
Ibuprofen 400mg (M01AE),2018-06-24,5
Ibuprofen 400mg (M01AE),2018-06-25,3
Ibuprofen 400mg (M01AE),2018-06-26,6
Ibuprofen 400mg (M01AE),2018-06-27,2
Ibuprofen 400mg (M01AE),2018-06-28,2
Ibuprofen 400mg (M01AE),2018-06-29,3
Ibuprofen 400mg (M01AE),2018-06-30,3
Ibuprofen 400mg (M01AE),2018-07-01,4
Ibuprofen 400mg (M01AE),2018-07-02,6
Ibuprofen 400mg (M01AE),2018-07-03,2
Ibuprofen 400mg (M01AE),2018-07-04,3
Ibuprofen 400mg (M01AE),2018-07-05,3
Ibuprofen 400mg (M01AE),2018-07-06,5
Ibuprofen 400mg (M01AE),2018-07-07,9
Ibuprofen 400mg (M01AE),2018-07-08,5
Ibuprofen 400mg (M01AE),2018-07-09,2
Ibuprofen 400mg (M01AE),2018-07-10,6
Ibuprofen 400mg (M01AE),2018-07-11,3
Ibuprofen 400mg (M01AE),2018-07-12,4
Ibuprofen 400mg (M01AE),2018-07-13,3
Ibuprofen 400mg (M01AE),2018-07-14,3
Ibuprofen 400mg (M01AE),2018-07-15,9
Ibuprofen 400mg (M01AE),2018-07-16,5
Ibuprofen 400mg (M01AE),2018-07-17,4
Ibuprofen 400mg (M01AE),2018-07-18,3
Ibuprofen 400mg (M01AE),2018-07-19,4
Ibuprofen 400mg (M01AE),2018-07-20,7
Ibuprofen 400mg (M01AE),2018-07-21,5
Ibuprofen 400mg (M01AE),2018-07-22,4
Ibuprofen 400mg (M01AE),2018-07-23,2
Ibuprofen 400mg (M01AE),2018-07-24,4
Ibuprofen 400mg (M01AE),2018-07-25,3
Ibuprofen 400mg (M01AE),2018-07-26,2
Ibuprofen 400mg (M01AE),2018-07-27,3
Ibuprofen 400mg (M01AE),2018-07-28,4
Ibuprofen 400mg (M01AE),2018-07-29,4
Ibuprofen 400mg (M01AE),2018-07-30,6
Ibuprofen 400mg (M01AE),2018-07-31,4
Ibuprofen 400mg (M01AE),2018-08-01,2
Ibuprofen 400mg (M01AE),2018-08-02,1
Ibuprofen 400mg (M01AE),2018-08-03,3
Ibuprofen 400mg (M01AE),2018-08-04,4
Ibuprofen 400mg (M01AE),2018-08-05,1
Ibuprofen 400mg (M01AE),2018-08-06,6
Ibuprofen 400mg (M01AE),2018-08-07,3
Ibuprofen 400mg (M01AE),2018-08-08,3
Ibuprofen 400mg (M01AE),2018-08-09,3
Ibuprofen 400mg (M01AE),2018-08-10,4
Ibuprofen 400mg (M01AE),2018-08-11,4
Ibuprofen 400mg (M01AE),2018-08-12,5
Ibuprofen 400mg (M01AE),2018-08-13,5
Ibuprofen 400mg (M01AE),2018-08-14,3
Ibuprofen 400mg (M01AE),2018-08-15,4
Ibuprofen 400mg (M01AE),2018-08-16,9
Ibuprofen 400mg (M01AE),2018-08-17,3
Ibuprofen 400mg (M01AE),2018-08-18,5
Ibuprofen 400mg (M01AE),2018-08-19,4
Ibuprofen 400mg (M01AE),2018-08-20,6
Ibuprofen 400mg (M01AE),2018-08-21,3
Ibuprofen 400mg (M01AE),2018-08-22,4
Ibuprofen 400mg (M01AE),2018-08-23,4
Ibuprofen 400mg (M01AE),2018-08-24,2
Ibuprofen 400mg (M01AE),2018-08-25,4
Ibuprofen 400mg (M01AE),2018-08-26,7
Ibuprofen 400mg (M01AE),2018-08-27,1
Ibuprofen 400mg (M01AE),2018-08-28,3
Ibuprofen 400mg (M01AE),2018-08-29,3
Ibuprofen 400mg (M01AE),2018-08-30,3
Ibuprofen 400mg (M01AE),2018-08-31,3
Ibuprofen 400mg (M01AE),2018-09-02,5
Ibuprofen 400mg (M01AE),2018-09-03,2
Ibuprofen 400mg (M01AE),2018-09-04,1
Ibuprofen 400mg (M01AE),2018-09-05,3
Ibuprofen 400mg (M01AE),2018-09-06,4
Ibuprofen 400mg (M01AE),2018-09-07,2
Ibuprofen 400mg (M01AE),2018-09-08,2
Ibuprofen 400mg (M01AE),2018-09-09,6
Ibuprofen 400mg (M01AE),2018-09-10,2
Ibuprofen 400mg (M01AE),2018-09-11,3
Ibuprofen 400mg (M01AE),2018-09-12,3
Ibuprofen 400mg (M01AE),2018-09-13,3
Ibuprofen 400mg (M01AE),2018-09-14,7
Ibuprofen 400mg (M01AE),2018-09-15,2
Ibuprofen 400mg (M01AE),2018-09-16,1
Ibuprofen 400mg (M01AE),2018-09-17,2
Ibuprofen 400mg (M01AE),2018-09-18,3
Ibuprofen 400mg (M01AE),2018-09-19,4
Ibuprofen 400mg (M01AE),2018-09-20,4
Ibuprofen 400mg (M01AE),2018-09-21,6
Ibuprofen 400mg (M01AE),2018-09-22,4
Ibuprofen 400mg (M01AE),2018-09-23,9
Ibuprofen 400mg (M01AE),2018-09-24,4
Ibuprofen 400mg (M01AE),2018-09-25,5
Ibuprofen 400mg (M01AE),2018-09-26,9
Ibuprofen 400mg (M01AE),2018-09-27,7
Ibuprofen 400mg (M01AE),2018-09-28,5
Ibuprofen 400mg (M01AE),2018-09-29,5
Ibuprofen 400mg (M01AE),2018-09-30,2
Ibuprofen 400mg (M01AE),2018-10-01,5
Ibuprofen 400mg (M01AE),2018-10-02,4
Ibuprofen 400mg (M01AE),2018-10-03,3
Ibuprofen 400mg (M01AE),2018-10-04,3
Ibuprofen 400mg (M01AE),2018-10-05,3
Ibuprofen 400mg (M01AE),2018-10-06,5
Ibuprofen 400mg (M01AE),2018-10-07,7
Ibuprofen 400mg (M01AE),2018-10-08,2
Ibuprofen 400mg (M01AE),2018-10-09,2
Ibuprofen 400mg (M01AE),2018-10-10,8
Ibuprofen 400mg (M01AE),2018-10-11,2
Ibuprofen 400mg (M01AE),2018-10-12,4
Ibuprofen 400mg (M01AE),2018-10-13,5
Ibuprofen 400mg (M01AE),2018-10-14,6
Ibuprofen 400mg (M01AE),2018-10-16,5
Ibuprofen 400mg (M01AE),2018-10-17,6
Ibuprofen 400mg (M01AE),2018-10-18,3
Ibuprofen 400mg (M01AE),2018-10-19,2
Ibuprofen 400mg (M01AE),2018-10-20,2
Ibuprofen 400mg (M01AE),2018-10-21,9
Ibuprofen 400mg (M01AE),2018-10-22,7
Ibuprofen 400mg (M01AE),2018-10-23,2
Ibuprofen 400mg (M01AE),2018-10-24,2
Ibuprofen 400mg (M01AE),2018-10-25,5
Ibuprofen 400mg (M01AE),2018-10-26,5
Ibuprofen 400mg (M01AE),2018-10-27,3
Ibuprofen 400mg (M01AE),2018-10-28,5
Ibuprofen 400mg (M01AE),2018-10-29,3
Ibuprofen 400mg (M01AE),2018-10-30,4
Ibuprofen 400mg (M01AE),2018-10-31,5
Ibuprofen 400mg (M01AE),2018-11-02,2
Ibuprofen 400mg (M01AE),2018-11-03,3
Ibuprofen 400mg (M01AE),2018-11-04,5
Ibuprofen 400mg (M01AE),2018-11-05,2
Ibuprofen 400mg (M01AE),2018-11-06,7
Ibuprofen 400mg (M01AE),2018-11-07,2
Ibuprofen 400mg (M01AE),2018-11-08,2
Ibuprofen 400mg (M01AE),2018-11-09,1
Ibuprofen 400mg (M01AE),2018-11-10,2
Ibuprofen 400mg (M01AE),2018-11-11,4
Ibuprofen 400mg (M01AE),2018-11-12,2
Ibuprofen 400mg (M01AE),2018-11-13,5
Ibuprofen 400mg (M01AE),2018-11-14,5
Ibuprofen 400mg (M01AE),2018-11-15,4
Ibuprofen 400mg (M01AE),2018-11-16,3
Ibuprofen 400mg (M01AE),2018-11-17,2
Ibuprofen 400mg (M01AE),2018-11-18,5
Ibuprofen 400mg (M01AE),2018-11-19,2
Ibuprofen 400mg (M01AE),2018-11-20,4
Ibuprofen 400mg (M01AE),2018-11-21,2
Ibuprofen 400mg (M01AE),2018-11-22,7
Ibuprofen 400mg (M01AE),2018-11-23,4
Ibuprofen 400mg (M01AE),2018-11-24,6
Ibuprofen 400mg (M01AE),2018-11-25,4
Ibuprofen 400mg (M01AE),2018-11-26,2
Ibuprofen 400mg (M01AE),2018-11-27,5
Ibuprofen 400mg (M01AE),2018-11-28,6
Ibuprofen 400mg (M01AE),2018-11-29,4
Ibuprofen 400mg (M01AE),2018-11-30,3
Ibuprofen 400mg (M01AE),2018-12-01,9
Ibuprofen 400mg (M01AE),2018-12-02,6
Ibuprofen 400mg (M01AE),2018-12-03,5
Ibuprofen 400mg (M01AE),2018-12-04,3
Ibuprofen 400mg (M01AE),2018-12-05,4
Ibuprofen 400mg (M01AE),2018-12-07,3
Ibuprofen 400mg (M01AE),2018-12-09,7
Ibuprofen 400mg (M01AE),2018-12-10,5
Ibuprofen 400mg (M01AE),2018-12-11,4
Ibuprofen 400mg (M01AE),2018-12-12,2
Ibuprofen 400mg (M01AE),2018-12-13,2
Ibuprofen 400mg (M01AE),2018-12-14,2
Ibuprofen 400mg (M01AE),2018-12-15,2
Ibuprofen 400mg (M01AE),2018-12-16,4
Ibuprofen 400mg (M01AE),2018-12-17,2
Ibuprofen 400mg (M01AE),2018-12-18,2
Ibuprofen 400mg (M01AE),2018-12-20,2
Ibuprofen 400mg (M01AE),2018-12-21,1
Ibuprofen 400mg (M01AE),2018-12-22,3
Ibuprofen 400mg (M01AE),2018-12-23,6
Ibuprofen 400mg (M01AE),2018-12-24,4
Ibuprofen 400mg (M01AE),2018-12-25,6
Ibuprofen 400mg (M01AE),2018-12-26,1
Ibuprofen 400mg (M01AE),2018-12-27,3
Ibuprofen 400mg (M01AE),2018-12-28,6
Ibuprofen 400mg (M01AE),2018-12-29,6
Ibuprofen 400mg (M01AE),2018-12-30,8
Ibuprofen 400mg (M01AE),2018-12-31,5
Ibuprofen 400mg (M01AE),2019-01-02,4
Ibuprofen 400mg (M01AE),2019-01-03,5
Ibuprofen 400mg (M01AE),2019-01-04,4
Ibuprofen 400mg (M01AE),2019-01-05,4
Ibuprofen 400mg (M01AE),2019-01-06,10
Ibuprofen 400mg (M01AE),2019-01-08,3
Ibuprofen 400mg (M01AE),2019-01-09,1
Ibuprofen 400mg (M01AE),2019-01-10,4
Ibuprofen 400mg (M01AE),2019-01-11,7
Ibuprofen 400mg (M01AE),2019-01-12,7
Ibuprofen 400mg (M01AE),2019-01-13,6
Ibuprofen 400mg (M01AE),2019-01-14,10
Ibuprofen 400mg (M01AE),2019-01-15,4
Ibuprofen 400mg (M01AE),2019-01-16,5
Ibuprofen 400mg (M01AE),2019-01-17,4
Ibuprofen 400mg (M01AE),2019-01-18,6
Ibuprofen 400mg (M01AE),2019-01-19,8
Ibuprofen 400mg (M01AE),2019-01-20,14
Ibuprofen 400mg (M01AE),2019-01-21,6
Ibuprofen 400mg (M01AE),2019-01-22,7
Ibuprofen 400mg (M01AE),2019-01-23,8
Ibuprofen 400mg (M01AE),2019-01-24,4
Ibuprofen 400mg (M01AE),2019-01-25,7
Ibuprofen 400mg (M01AE),2019-01-26,8
Ibuprofen 400mg (M01AE),2019-01-27,12
Ibuprofen 400mg (M01AE),2019-01-28,7
Ibuprofen 400mg (M01AE),2019-01-29,5
Ibuprofen 400mg (M01AE),2019-01-30,6
Ibuprofen 400mg (M01AE),2019-01-31,12
Ibuprofen 400mg (M01AE),2019-02-01,2
Ibuprofen 400mg (M01AE),2019-02-02,13
Ibuprofen 400mg (M01AE),2019-02-03,10
Ibuprofen 400mg (M01AE),2019-02-04,7
Ibuprofen 400mg (M01AE),2019-02-05,10
Ibuprofen 400mg (M01AE),2019-02-06,4
Ibuprofen 400mg (M01AE),2019-02-07,5
Ibuprofen 400mg (M01AE),2019-02-08,6
Ibuprofen 400mg (M01AE),2019-02-09,7
Ibuprofen 400mg (M01AE),2019-02-10,7
Ibuprofen 400mg (M01AE),2019-02-11,7
Ibuprofen 400mg (M01AE),2019-02-12,3
Ibuprofen 400mg (M01AE),2019-02-13,4
Ibuprofen 400mg (M01AE),2019-02-14,7
Ibuprofen 400mg (M01AE),2019-02-15,5
Ibuprofen 400mg (M01AE),2019-02-16,6
Ibuprofen 400mg (M01AE),2019-02-17,4
Ibuprofen 400mg (M01AE),2019-02-18,2
Ibuprofen 400mg (M01AE),2019-02-19,4
Ibuprofen 400mg (M01AE),2019-02-20,5
Ibuprofen 400mg (M01AE),2019-02-21,5
Ibuprofen 400mg (M01AE),2019-02-22,2
Ibuprofen 400mg (M01AE),2019-02-23,2
Ibuprofen 400mg (M01AE),2019-02-24,4
Ibuprofen 400mg (M01AE),2019-02-25,1
Ibuprofen 400mg (M01AE),2019-02-26,4
Ibuprofen 400mg (M01AE),2019-02-27,1
Ibuprofen 400mg (M01AE),2019-02-28,3
Ibuprofen 400mg (M01AE),2019-03-01,4
Ibuprofen 400mg (M01AE),2019-03-02,1
Ibuprofen 400mg (M01AE),2019-03-03,4
Ibuprofen 400mg (M01AE),2019-03-04,3
Ibuprofen 400mg (M01AE),2019-03-05,2
Ibuprofen 400mg (M01AE),2019-03-06,1
Ibuprofen 400mg (M01AE),2019-03-07,2
Ibuprofen 400mg (M01AE),2019-03-08,3
Ibuprofen 400mg (M01AE),2019-03-09,2
Ibuprofen 400mg (M01AE),2019-03-10,3
Ibuprofen 400mg (M01AE),2019-03-11,4
Ibuprofen 400mg (M01AE),2019-03-12,3
Ibuprofen 400mg (M01AE),2019-03-13,4
Ibuprofen 400mg (M01AE),2019-03-14,6
Ibuprofen 400mg (M01AE),2019-03-15,1
Ibuprofen 400mg (M01AE),2019-03-16,1
Ibuprofen 400mg (M01AE),2019-03-17,4
Ibuprofen 400mg (M01AE),2019-03-18,1
Ibuprofen 400mg (M01AE),2019-03-19,3
Ibuprofen 400mg (M01AE),2019-03-20,2
Ibuprofen 400mg (M01AE),2019-03-21,1
Ibuprofen 400mg (M01AE),2019-03-22,7
Ibuprofen 400mg (M01AE),2019-03-23,3
Ibuprofen 400mg (M01AE),2019-03-24,3
Ibuprofen 400mg (M01AE),2019-03-25,5
Ibuprofen 400mg (M01AE),2019-03-26,6
Ibuprofen 400mg (M01AE),2019-03-27,8
Ibuprofen 400mg (M01AE),2019-03-28,6
Ibuprofen 400mg (M01AE),2019-03-29,4
Ibuprofen 400mg (M01AE),2019-03-30,11
Ibuprofen 400mg (M01AE),2019-03-31,5
Ibuprofen 400mg (M01AE),2019-04-01,2
Ibuprofen 400mg (M01AE),2019-04-02,1
Ibuprofen 400mg (M01AE),2019-04-03,5
Ibuprofen 400mg (M01AE),2019-04-04,2
Ibuprofen 400mg (M01AE),2019-04-05,4
Ibuprofen 400mg (M01AE),2019-04-06,6
Ibuprofen 400mg (M01AE),2019-04-07,5
Ibuprofen 400mg (M01AE),2019-04-08,4
Ibuprofen 400mg (M01AE),2019-04-09,2
Ibuprofen 400mg (M01AE),2019-04-10,3
Ibuprofen 400mg (M01AE),2019-04-11,6
Ibuprofen 400mg (M01AE),2019-04-12,4
Ibuprofen 400mg (M01AE),2019-04-13,4
Ibuprofen 400mg (M01AE),2019-04-14,4
Ibuprofen 400mg (M01AE),2019-04-15,6
Ibuprofen 400mg (M01AE),2019-04-16,3
Ibuprofen 400mg (M01AE),2019-04-17,4
Ibuprofen 400mg (M01AE),2019-04-19,3
Ibuprofen 400mg (M01AE),2019-04-20,4
Ibuprofen 400mg (M01AE),2019-04-21,5
Ibuprofen 400mg (M01AE),2019-04-22,2
Ibuprofen 400mg (M01AE),2019-04-24,5
Ibuprofen 400mg (M01AE),2019-04-25,4
Ibuprofen 400mg (M01AE),2019-04-26,2
Ibuprofen 400mg (M01AE),2019-04-27,2
Ibuprofen 400mg (M01AE),2019-04-29,6
Ibuprofen 400mg (M01AE),2019-04-30,1
Ibuprofen 400mg (M01AE),2019-05-01,4
Ibuprofen 400mg (M01AE),2019-05-02,5
Ibuprofen 400mg (M01AE),2019-05-03,2
Ibuprofen 400mg (M01AE),2019-05-04,5
Ibuprofen 400mg (M01AE),2019-05-05,2
Ibuprofen 400mg (M01AE),2019-05-07,6
Ibuprofen 400mg (M01AE),2019-05-08,4
Ibuprofen 400mg (M01AE),2019-05-09,2
Ibuprofen 400mg (M01AE),2019-05-10,1
Ibuprofen 400mg (M01AE),2019-05-11,5
Ibuprofen 400mg (M01AE),2019-05-12,2
Ibuprofen 400mg (M01AE),2019-05-13,5
Ibuprofen 400mg (M01AE),2019-05-14,4
Ibuprofen 400mg (M01AE),2019-05-15,1
Ibuprofen 400mg (M01AE),2019-05-16,1
Ibuprofen 400mg (M01AE),2019-05-17,2
Ibuprofen 400mg (M01AE),2019-05-19,5
Ibuprofen 400mg (M01AE),2019-05-20,6
Ibuprofen 400mg (M01AE),2019-05-21,4
Ibuprofen 400mg (M01AE),2019-05-22,3
Ibuprofen 400mg (M01AE),2019-05-23,3
Ibuprofen 400mg (M01AE),2019-05-24,4
Ibuprofen 400mg (M01AE),2019-05-25,3
Ibuprofen 400mg (M01AE),2019-05-26,5
Ibuprofen 400mg (M01AE),2019-05-27,1
Ibuprofen 400mg (M01AE),2019-05-28,4
Ibuprofen 400mg (M01AE),2019-05-29,2
Ibuprofen 400mg (M01AE),2019-05-31,3
Ibuprofen 400mg (M01AE),2019-06-01,1
Ibuprofen 400mg (M01AE),2019-06-02,3
Ibuprofen 400mg (M01AE),2019-06-03,3
Ibuprofen 400mg (M01AE),2019-06-04,3
Ibuprofen 400mg (M01AE),2019-06-05,2
Ibuprofen 400mg (M01AE),2019-06-06,2
Ibuprofen 400mg (M01AE),2019-06-07,3
Ibuprofen 400mg (M01AE),2019-06-08,4
Ibuprofen 400mg (M01AE),2019-06-09,1
Ibuprofen 400mg (M01AE),2019-06-10,1
Ibuprofen 400mg (M01AE),2019-06-11,3
Ibuprofen 400mg (M01AE),2019-06-12,3
Ibuprofen 400mg (M01AE),2019-06-13,3
Ibuprofen 400mg (M01AE),2019-06-14,3
Ibuprofen 400mg (M01AE),2019-06-15,3
Ibuprofen 400mg (M01AE),2019-06-16,5
Ibuprofen 400mg (M01AE),2019-06-17,5
Ibuprofen 400mg (M01AE),2019-06-18,4
Ibuprofen 400mg (M01AE),2019-06-19,3
Ibuprofen 400mg (M01AE),2019-06-20,4
Ibuprofen 400mg (M01AE),2019-06-21,2
Ibuprofen 400mg (M01AE),2019-06-22,4
Ibuprofen 400mg (M01AE),2019-06-23,5
Ibuprofen 400mg (M01AE),2019-06-24,5
Ibuprofen 400mg (M01AE),2019-06-25,3
Ibuprofen 400mg (M01AE),2019-06-26,3
Ibuprofen 400mg (M01AE),2019-06-27,6
Ibuprofen 400mg (M01AE),2019-06-28,1
Ibuprofen 400mg (M01AE),2019-06-29,6
Ibuprofen 400mg (M01AE),2019-06-30,6
Ibuprofen 400mg (M01AE),2019-07-01,2
Ibuprofen 400mg (M01AE),2019-07-02,3
Ibuprofen 400mg (M01AE),2019-07-03,3
Ibuprofen 400mg (M01AE),2019-07-04,2
Ibuprofen 400mg (M01AE),2019-07-05,3
Ibuprofen 400mg (M01AE),2019-07-06,2
Ibuprofen 400mg (M01AE),2019-07-07,6
Ibuprofen 400mg (M01AE),2019-07-08,4
Ibuprofen 400mg (M01AE),2019-07-09,3
Ibuprofen 400mg (M01AE),2019-07-10,6
Ibuprofen 400mg (M01AE),2019-07-11,5
Ibuprofen 400mg (M01AE),2019-07-12,5
Ibuprofen 400mg (M01AE),2019-07-13,3
Ibuprofen 400mg (M01AE),2019-07-14,5
Ibuprofen 400mg (M01AE),2019-07-15,2
Ibuprofen 400mg (M01AE),2019-07-16,3
Ibuprofen 400mg (M01AE),2019-07-18,3
Ibuprofen 400mg (M01AE),2019-07-19,5
Ibuprofen 400mg (M01AE),2019-07-20,4
Ibuprofen 400mg (M01AE),2019-07-22,3
Ibuprofen 400mg (M01AE),2019-07-23,1
Ibuprofen 400mg (M01AE),2019-07-24,4
Ibuprofen 400mg (M01AE),2019-07-25,7
Ibuprofen 400mg (M01AE),2019-07-26,4
Ibuprofen 400mg (M01AE),2019-07-28,1
Ibuprofen 400mg (M01AE),2019-07-29,4
Ibuprofen 400mg (M01AE),2019-07-30,6
Ibuprofen 400mg (M01AE),2019-07-31,3
Ibuprofen 400mg (M01AE),2019-08-01,1
Ibuprofen 400mg (M01AE),2019-08-02,2
Ibuprofen 400mg (M01AE),2019-08-03,5
Ibuprofen 400mg (M01AE),2019-08-04,3
Ibuprofen 400mg (M01AE),2019-08-05,1
Ibuprofen 400mg (M01AE),2019-08-06,5
Ibuprofen 400mg (M01AE),2019-08-07,2
Ibuprofen 400mg (M01AE),2019-08-08,1
Ibuprofen 400mg (M01AE),2019-08-09,3
Ibuprofen 400mg (M01AE),2019-08-10,1
Ibuprofen 400mg (M01AE),2019-08-11,7
Ibuprofen 400mg (M01AE),2019-08-12,4
Ibuprofen 400mg (M01AE),2019-08-13,2
Ibuprofen 400mg (M01AE),2019-08-14,1
Ibuprofen 400mg (M01AE),2019-08-15,2
Ibuprofen 400mg (M01AE),2019-08-16,3
Ibuprofen 400mg (M01AE),2019-08-17,5
Ibuprofen 400mg (M01AE),2019-08-18,3
Ibuprofen 400mg (M01AE),2019-08-19,4
Ibuprofen 400mg (M01AE),2019-08-20,1
Ibuprofen 400mg (M01AE),2019-08-21,4
Ibuprofen 400mg (M01AE),2019-08-22,4
Ibuprofen 400mg (M01AE),2019-08-23,5
Ibuprofen 400mg (M01AE),2019-08-24,6
Ibuprofen 400mg (M01AE),2019-08-25,3
Ibuprofen 400mg (M01AE),2019-08-26,2
Ibuprofen 400mg (M01AE),2019-08-27,2
Ibuprofen 400mg (M01AE),2019-08-28,1
Ibuprofen 400mg (M01AE),2019-08-29,2
Ibuprofen 400mg (M01AE),2019-08-30,1
Ibuprofen 400mg (M01AE),2019-08-31,4
Ibuprofen 400mg (M01AE),2019-09-01,4
Ibuprofen 400mg (M01AE),2019-09-02,2
Ibuprofen 400mg (M01AE),2019-09-03,2
Ibuprofen 400mg (M01AE),2019-09-05,10
Ibuprofen 400mg (M01AE),2019-09-06,3
Ibuprofen 400mg (M01AE),2019-09-07,4
Ibuprofen 400mg (M01AE),2019-09-08,6
Ibuprofen 400mg (M01AE),2019-09-09,2
Ibuprofen 400mg (M01AE),2019-09-10,7
Ibuprofen 400mg (M01AE),2019-09-11,5
Ibuprofen 400mg (M01AE),2019-09-12,1
Ibuprofen 400mg (M01AE),2019-09-13,3
Ibuprofen 400mg (M01AE),2019-09-14,6
Ibuprofen 400mg (M01AE),2019-09-15,6
Ibuprofen 400mg (M01AE),2019-09-16,2
Ibuprofen 400mg (M01AE),2019-09-17,3
Ibuprofen 400mg (M01AE),2019-09-18,4
Ibuprofen 400mg (M01AE),2019-09-19,3
Ibuprofen 400mg (M01AE),2019-09-20,3
Ibuprofen 400mg (M01AE),2019-09-21,6
Ibuprofen 400mg (M01AE),2019-09-22,3
Ibuprofen 400mg (M01AE),2019-09-23,5
Ibuprofen 400mg (M01AE),2019-09-24,1
Ibuprofen 400mg (M01AE),2019-09-25,4
Ibuprofen 400mg (M01AE),2019-09-26,3
Ibuprofen 400mg (M01AE),2019-09-27,4
Ibuprofen 400mg (M01AE),2019-09-28,2
Ibuprofen 400mg (M01AE),2019-09-29,4
Ibuprofen 400mg (M01AE),2019-09-30,1
Ibuprofen 400mg (M01AE),2019-10-01,2
Ibuprofen 400mg (M01AE),2019-10-02,3
Ibuprofen 400mg (M01AE),2019-10-03,3
Ibuprofen 400mg (M01AE),2019-10-04,6
Ibuprofen 400mg (M01AE),2019-10-05,5
Ibuprofen 400mg (M01AE),2019-10-06,12
Ibuprofen 400mg (M01AE),2019-10-07,5
Ibuprofen 400mg (M01AE),2019-10-08,2
Aspirin 325mg (N02BA),2014-01-02,3
Aspirin 325mg (N02BA),2014-01-03,4
Aspirin 325mg (N02BA),2014-01-04,6
Aspirin 325mg (N02BA),2014-01-05,7
Aspirin 325mg (N02BA),2014-01-06,4
Aspirin 325mg (N02BA),2014-01-08,10
Aspirin 325mg (N02BA),2014-01-09,8
Aspirin 325mg (N02BA),2014-01-10,2
Aspirin 325mg (N02BA),2014-01-11,10
Aspirin 325mg (N02BA),2014-01-12,2
Aspirin 325mg (N02BA),2014-01-13,6
Aspirin 325mg (N02BA),2014-01-14,12
Aspirin 325mg (N02BA),2014-01-15,5
Aspirin 325mg (N02BA),2014-01-16,4
Aspirin 325mg (N02BA),2014-01-17,8
Aspirin 325mg (N02BA),2014-01-18,6
Aspirin 325mg (N02BA),2014-01-19,4
Aspirin 325mg (N02BA),2014-01-20,3
Aspirin 325mg (N02BA),2014-01-21,4
Aspirin 325mg (N02BA),2014-01-22,7
Aspirin 325mg (N02BA),2014-01-23,5
Aspirin 325mg (N02BA),2014-01-24,7
Aspirin 325mg (N02BA),2014-01-25,5
Aspirin 325mg (N02BA),2014-01-27,1
Aspirin 325mg (N02BA),2014-01-28,3
Aspirin 325mg (N02BA),2014-01-29,2
Aspirin 325mg (N02BA),2014-01-30,2
Aspirin 325mg (N02BA),2014-01-31,7
Aspirin 325mg (N02BA),2014-02-01,5
Aspirin 325mg (N02BA),2014-02-03,8
Aspirin 325mg (N02BA),2014-02-04,7
Aspirin 325mg (N02BA),2014-02-05,6
Aspirin 325mg (N02BA),2014-02-06,4
Aspirin 325mg (N02BA),2014-02-07,12
Aspirin 325mg (N02BA),2014-02-08,14
Aspirin 325mg (N02BA),2014-02-09,2
Aspirin 325mg (N02BA),2014-02-10,8
Aspirin 325mg (N02BA),2014-02-11,13
Aspirin 325mg (N02BA),2014-02-12,9
Aspirin 325mg (N02BA),2014-02-13,10
Aspirin 325mg (N02BA),2014-02-14,3
Aspirin 325mg (N02BA),2014-02-15,2
Aspirin 325mg (N02BA),2014-02-16,1
Aspirin 325mg (N02BA),2014-02-17,13
Aspirin 325mg (N02BA),2014-02-18,6
Aspirin 325mg (N02BA),2014-02-19,6
Aspirin 325mg (N02BA),2014-02-20,3
Aspirin 325mg (N02BA),2014-02-21,9
Aspirin 325mg (N02BA),2014-02-22,6
Aspirin 325mg (N02BA),2014-02-23,2
Aspirin 325mg (N02BA),2014-02-24,6
Aspirin 325mg (N02BA),2014-02-25,11
Aspirin 325mg (N02BA),2014-02-26,1
Aspirin 325mg (N02BA),2014-02-27,4
Aspirin 325mg (N02BA),2014-02-28,5
Aspirin 325mg (N02BA),2014-03-01,11
Aspirin 325mg (N02BA),2014-03-02,2
Aspirin 325mg (N02BA),2014-03-03,2
Aspirin 325mg (N02BA),2014-03-04,7
Aspirin 325mg (N02BA),2014-03-05,3
Aspirin 325mg (N02BA),2014-03-06,6
Aspirin 325mg (N02BA),2014-03-07,10
Aspirin 325mg (N02BA),2014-03-08,1
Aspirin 325mg (N02BA),2014-03-09,4
Aspirin 325mg (N02BA),2014-03-10,4
Aspirin 325mg (N02BA),2014-03-11,7
Aspirin 325mg (N02BA),2014-03-12,6
Aspirin 325mg (N02BA),2014-03-13,5
Aspirin 325mg (N02BA),2014-03-14,1
Aspirin 325mg (N02BA),2014-03-15,11
Aspirin 325mg (N02BA),2014-03-16,1
Aspirin 325mg (N02BA),2014-03-17,7
Aspirin 325mg (N02BA),2014-03-18,5
Aspirin 325mg (N02BA),2014-03-19,4
Aspirin 325mg (N02BA),2014-03-20,2
Aspirin 325mg (N02BA),2014-03-21,4
Aspirin 325mg (N02BA),2014-03-23,4
Aspirin 325mg (N02BA),2014-03-24,4
Aspirin 325mg (N02BA),2014-03-25,9
Aspirin 325mg (N02BA),2014-03-26,9
Aspirin 325mg (N02BA),2014-03-27,2
Aspirin 325mg (N02BA),2014-03-28,8
Aspirin 325mg (N02BA),2014-03-29,4
Aspirin 325mg (N02BA),2014-03-31,4
Aspirin 325mg (N02BA),2014-04-01,6
Aspirin 325mg (N02BA),2014-04-02,9
Aspirin 325mg (N02BA),2014-04-03,3
Aspirin 325mg (N02BA),2014-04-04,3
Aspirin 325mg (N02BA),2014-04-05,10
Aspirin 325mg (N02BA),2014-04-06,1
Aspirin 325mg (N02BA),2014-04-07,6
Aspirin 325mg (N02BA),2014-04-08,2
Aspirin 325mg (N02BA),2014-04-09,1
Aspirin 325mg (N02BA),2014-04-10,1
Aspirin 325mg (N02BA),2014-04-11,3
Aspirin 325mg (N02BA),2014-04-12,6
Aspirin 325mg (N02BA),2014-04-13,2
Aspirin 325mg (N02BA),2014-04-14,5
Aspirin 325mg (N02BA),2014-04-15,6
Aspirin 325mg (N02BA),2014-04-16,4
Aspirin 325mg (N02BA),2014-04-17,7
Aspirin 325mg (N02BA),2014-04-18,8
Aspirin 325mg (N02BA),2014-04-19,4
Aspirin 325mg (N02BA),2014-04-21,2
Aspirin 325mg (N02BA),2014-04-22,3
Aspirin 325mg (N02BA),2014-04-23,3
Aspirin 325mg (N02BA),2014-04-24,1
Aspirin 325mg (N02BA),2014-04-25,5
Aspirin 325mg (N02BA),2014-04-26,6
Aspirin 325mg (N02BA),2014-04-27,2
Aspirin 325mg (N02BA),2014-04-28,3
Aspirin 325mg (N02BA),2014-04-29,4
Aspirin 325mg (N02BA),2014-04-30,7
Aspirin 325mg (N02BA),2014-05-02,6
Aspirin 325mg (N02BA),2014-05-03,2
Aspirin 325mg (N02BA),2014-05-04,1
Aspirin 325mg (N02BA),2014-05-05,5
Aspirin 325mg (N02BA),2014-05-06,4
Aspirin 325mg (N02BA),2014-05-07,3
Aspirin 325mg (N02BA),2014-05-08,3
Aspirin 325mg (N02BA),2014-05-09,4
Aspirin 325mg (N02BA),2014-05-10,9
Aspirin 325mg (N02BA),2014-05-11,1
Aspirin 325mg (N02BA),2014-05-12,9
Aspirin 325mg (N02BA),2014-05-13,6
Aspirin 325mg (N02BA),2014-05-14,6
Aspirin 325mg (N02BA),2014-05-15,3
Aspirin 325mg (N02BA),2014-05-16,3
Aspirin 325mg (N02BA),2014-05-17,3
Aspirin 325mg (N02BA),2014-05-18,5
Aspirin 325mg (N02BA),2014-05-19,6
Aspirin 325mg (N02BA),2014-05-20,7
Aspirin 325mg (N02BA),2014-05-21,10
Aspirin 325mg (N02BA),2014-05-22,1
Aspirin 325mg (N02BA),2014-05-23,4
Aspirin 325mg (N02BA),2014-05-24,5
Aspirin 325mg (N02BA),2014-05-25,1
Aspirin 325mg (N02BA),2014-05-26,7
Aspirin 325mg (N02BA),2014-05-27,5
Aspirin 325mg (N02BA),2014-05-28,1
Aspirin 325mg (N02BA),2014-05-29,6
Aspirin 325mg (N02BA),2014-05-30,2
Aspirin 325mg (N02BA),2014-05-31,2
Aspirin 325mg (N02BA),2014-06-01,1
Aspirin 325mg (N02BA),2014-06-02,10
Aspirin 325mg (N02BA),2014-06-03,2
Aspirin 325mg (N02BA),2014-06-04,4
Aspirin 325mg (N02BA),2014-06-05,4
Aspirin 325mg (N02BA),2014-06-06,3
Aspirin 325mg (N02BA),2014-06-07,8
Aspirin 325mg (N02BA),2014-06-08,3
Aspirin 325mg (N02BA),2014-06-09,5
Aspirin 325mg (N02BA),2014-06-10,4
Aspirin 325mg (N02BA),2014-06-11,2
Aspirin 325mg (N02BA),2014-06-12,1
Aspirin 325mg (N02BA),2014-06-13,5
Aspirin 325mg (N02BA),2014-06-14,6
Aspirin 325mg (N02BA),2014-06-16,7
Aspirin 325mg (N02BA),2014-06-17,4
Aspirin 325mg (N02BA),2014-06-18,5
Aspirin 325mg (N02BA),2014-06-19,1
Aspirin 325mg (N02BA),2014-06-20,3
Aspirin 325mg (N02BA),2014-06-21,2
Aspirin 325mg (N02BA),2014-06-22,4
Aspirin 325mg (N02BA),2014-06-23,3
Aspirin 325mg (N02BA),2014-06-24,4
Aspirin 325mg (N02BA),2014-06-25,7
Aspirin 325mg (N02BA),2014-06-26,11
Aspirin 325mg (N02BA),2014-06-27,6
Aspirin 325mg (N02BA),2014-06-28,5
Aspirin 325mg (N02BA),2014-06-29,1
Aspirin 325mg (N02BA),2014-06-30,1
Aspirin 325mg (N02BA),2014-07-01,2
Aspirin 325mg (N02BA),2014-07-02,4
Aspirin 325mg (N02BA),2014-07-03,7
Aspirin 325mg (N02BA),2014-07-04,7
Aspirin 325mg (N02BA),2014-07-05,6
Aspirin 325mg (N02BA),2014-07-06,3
Aspirin 325mg (N02BA),2014-07-07,4
Aspirin 325mg (N02BA),2014-07-08,3
Aspirin 325mg (N02BA),2014-07-09,5
Aspirin 325mg (N02BA),2014-07-10,8
Aspirin 325mg (N02BA),2014-07-11,3
Aspirin 325mg (N02BA),2014-07-12,10
Aspirin 325mg (N02BA),2014-07-13,1
Aspirin 325mg (N02BA),2014-07-14,3
Aspirin 325mg (N02BA),2014-07-15,1
Aspirin 325mg (N02BA),2014-07-16,3
Aspirin 325mg (N02BA),2014-07-17,5
Aspirin 325mg (N02BA),2014-07-18,2
Aspirin 325mg (N02BA),2014-07-19,6
Aspirin 325mg (N02BA),2014-07-20,1
Aspirin 325mg (N02BA),2014-07-21,8
Aspirin 325mg (N02BA),2014-07-22,3
Aspirin 325mg (N02BA),2014-07-23,2
Aspirin 325mg (N02BA),2014-07-24,4
Aspirin 325mg (N02BA),2014-07-25,8
Aspirin 325mg (N02BA),2014-07-26,6
Aspirin 325mg (N02BA),2014-07-27,2
Aspirin 325mg (N02BA),2014-07-28,2
Aspirin 325mg (N02BA),2014-07-29,1
Aspirin 325mg (N02BA),2014-07-30,5
Aspirin 325mg (N02BA),2014-07-31,4
Aspirin 325mg (N02BA),2014-08-01,2
Aspirin 325mg (N02BA),2014-08-02,6
Aspirin 325mg (N02BA),2014-08-03,3
Aspirin 325mg (N02BA),2014-08-04,6
Aspirin 325mg (N02BA),2014-08-05,3
Aspirin 325mg (N02BA),2014-08-06,1
Aspirin 325mg (N02BA),2014-08-07,3
Aspirin 325mg (N02BA),2014-08-08,5
Aspirin 325mg (N02BA),2014-08-09,6
Aspirin 325mg (N02BA),2014-08-10,4
Aspirin 325mg (N02BA),2014-08-11,9
Aspirin 325mg (N02BA),2014-08-12,4
Aspirin 325mg (N02BA),2014-08-13,1
Aspirin 325mg (N02BA),2014-08-14,6
Aspirin 325mg (N02BA),2014-08-15,7
Aspirin 325mg (N02BA),2014-08-16,5
Aspirin 325mg (N02BA),2014-08-17,2
Aspirin 325mg (N02BA),2014-08-18,3
Aspirin 325mg (N02BA),2014-08-19,5
Aspirin 325mg (N02BA),2014-08-20,1
Aspirin 325mg (N02BA),2014-08-21,2
Aspirin 325mg (N02BA),2014-08-22,5
Aspirin 325mg (N02BA),2014-08-23,1
Aspirin 325mg (N02BA),2014-08-24,3
Aspirin 325mg (N02BA),2014-08-25,3
Aspirin 325mg (N02BA),2014-08-26,3
Aspirin 325mg (N02BA),2014-08-27,4
Aspirin 325mg (N02BA),2014-08-28,6
Aspirin 325mg (N02BA),2014-08-29,5
Aspirin 325mg (N02BA),2014-08-30,7
Aspirin 325mg (N02BA),2014-08-31,1
Aspirin 325mg (N02BA),2014-09-01,1
Aspirin 325mg (N02BA),2014-09-02,5
Aspirin 325mg (N02BA),2014-09-03,4
Aspirin 325mg (N02BA),2014-09-04,3
Aspirin 325mg (N02BA),2014-09-05,3
Aspirin 325mg (N02BA),2014-09-06,2
Aspirin 325mg (N02BA),2014-09-07,5
Aspirin 325mg (N02BA),2014-09-08,4
Aspirin 325mg (N02BA),2014-09-09,4
Aspirin 325mg (N02BA),2014-09-10,4
Aspirin 325mg (N02BA),2014-09-11,4
Aspirin 325mg (N02BA),2014-09-12,1
Aspirin 325mg (N02BA),2014-09-13,4
Aspirin 325mg (N02BA),2014-09-14,2
Aspirin 325mg (N02BA),2014-09-15,5
Aspirin 325mg (N02BA),2014-09-17,4
Aspirin 325mg (N02BA),2014-09-18,1
Aspirin 325mg (N02BA),2014-09-19,8
Aspirin 325mg (N02BA),2014-09-20,4
Aspirin 325mg (N02BA),2014-09-21,6
Aspirin 325mg (N02BA),2014-09-22,6
Aspirin 325mg (N02BA),2014-09-23,6
Aspirin 325mg (N02BA),2014-09-24,1
Aspirin 325mg (N02BA),2014-09-25,8
Aspirin 325mg (N02BA),2014-09-26,4
Aspirin 325mg (N02BA),2014-09-27,6
Aspirin 325mg (N02BA),2014-09-28,1
Aspirin 325mg (N02BA),2014-09-29,2
Aspirin 325mg (N02BA),2014-09-30,4
Aspirin 325mg (N02BA),2014-10-01,2
Aspirin 325mg (N02BA),2014-10-02,5
Aspirin 325mg (N02BA),2014-10-03,6
Aspirin 325mg (N02BA),2014-10-04,8
Aspirin 325mg (N02BA),2014-10-05,3
Aspirin 325mg (N02BA),2014-10-06,2
Aspirin 325mg (N02BA),2014-10-07,2
Aspirin 325mg (N02BA),2014-10-08,7
Aspirin 325mg (N02BA),2014-10-09,6
Aspirin 325mg (N02BA),2014-10-10,9
Aspirin 325mg (N02BA),2014-10-11,5
Aspirin 325mg (N02BA),2014-10-12,2
Aspirin 325mg (N02BA),2014-10-13,6
Aspirin 325mg (N02BA),2014-10-14,5
Aspirin 325mg (N02BA),2014-10-15,4
Aspirin 325mg (N02BA),2014-10-16,3
Aspirin 325mg (N02BA),2014-10-17,3
Aspirin 325mg (N02BA),2014-10-18,6
Aspirin 325mg (N02BA),2014-10-19,2
Aspirin 325mg (N02BA),2014-10-20,7
Aspirin 325mg (N02BA),2014-10-21,6
Aspirin 325mg (N02BA),2014-10-22,3
Aspirin 325mg (N02BA),2014-10-24,6
Aspirin 325mg (N02BA),2014-10-25,1
Aspirin 325mg (N02BA),2014-10-26,2
Aspirin 325mg (N02BA),2014-10-27,4
Aspirin 325mg (N02BA),2014-10-28,10
Aspirin 325mg (N02BA),2014-10-29,7
Aspirin 325mg (N02BA),2014-10-30,5
Aspirin 325mg (N02BA),2014-10-31,4
Aspirin 325mg (N02BA),2014-11-01,4
Aspirin 325mg (N02BA),2014-11-02,1
Aspirin 325mg (N02BA),2014-11-03,1
Aspirin 325mg (N02BA),2014-11-04,5
Aspirin 325mg (N02BA),2014-11-05,4
Aspirin 325mg (N02BA),2014-11-06,5
Aspirin 325mg (N02BA),2014-11-07,6
Aspirin 325mg (N02BA),2014-11-08,6
Aspirin 325mg (N02BA),2014-11-09,3
Aspirin 325mg (N02BA),2014-11-10,3
Aspirin 325mg (N02BA),2014-11-11,2
Aspirin 325mg (N02BA),2014-11-12,4
Aspirin 325mg (N02BA),2014-11-13,5
Aspirin 325mg (N02BA),2014-11-14,6
Aspirin 325mg (N02BA),2014-11-15,5
Aspirin 325mg (N02BA),2014-11-16,6
Aspirin 325mg (N02BA),2014-11-17,6
Aspirin 325mg (N02BA),2014-11-18,5
Aspirin 325mg (N02BA),2014-11-19,10
Aspirin 325mg (N02BA),2014-11-20,5
Aspirin 325mg (N02BA),2014-11-21,3
Aspirin 325mg (N02BA),2014-11-22,3
Aspirin 325mg (N02BA),2014-11-23,6
Aspirin 325mg (N02BA),2014-11-24,6
Aspirin 325mg (N02BA),2014-11-25,2
Aspirin 325mg (N02BA),2014-11-26,6
Aspirin 325mg (N02BA),2014-11-27,2
Aspirin 325mg (N02BA),2014-11-28,15
Aspirin 325mg (N02BA),2014-11-29,3
Aspirin 325mg (N02BA),2014-11-30,5
Aspirin 325mg (N02BA),2014-12-02,4
Aspirin 325mg (N02BA),2014-12-03,5
Aspirin 325mg (N02BA),2014-12-04,4
Aspirin 325mg (N02BA),2014-12-05,1
Aspirin 325mg (N02BA),2014-12-06,1
Aspirin 325mg (N02BA),2014-12-07,4
Aspirin 325mg (N02BA),2014-12-08,2
Aspirin 325mg (N02BA),2014-12-09,7
Aspirin 325mg (N02BA),2014-12-10,2
Aspirin 325mg (N02BA),2014-12-11,7
Aspirin 325mg (N02BA),2014-12-12,6
Aspirin 325mg (N02BA),2014-12-13,2
Aspirin 325mg (N02BA),2014-12-14,4
Aspirin 325mg (N02BA),2014-12-15,8
Aspirin 325mg (N02BA),2014-12-16,6
Aspirin 325mg (N02BA),2014-12-17,4
Aspirin 325mg (N02BA),2014-12-18,3
Aspirin 325mg (N02BA),2014-12-20,2
Aspirin 325mg (N02BA),2014-12-21,2
Aspirin 325mg (N02BA),2014-12-22,2
Aspirin 325mg (N02BA),2014-12-23,5
Aspirin 325mg (N02BA),2014-12-24,1
Aspirin 325mg (N02BA),2014-12-25,10
Aspirin 325mg (N02BA),2014-12-26,3
Aspirin 325mg (N02BA),2014-12-27,4
Aspirin 325mg (N02BA),2014-12-28,3
Aspirin 325mg (N02BA),2014-12-29,4
Aspirin 325mg (N02BA),2014-12-30,4
Aspirin 325mg (N02BA),2014-12-31,2
Aspirin 325mg (N02BA),2015-01-02,5
Aspirin 325mg (N02BA),2015-01-03,6
Aspirin 325mg (N02BA),2015-01-04,4
Aspirin 325mg (N02BA),2015-01-05,1
Aspirin 325mg (N02BA),2015-01-06,7
Aspirin 325mg (N02BA),2015-01-08,1
Aspirin 325mg (N02BA),2015-01-09,9
Aspirin 325mg (N02BA),2015-01-10,7
Aspirin 325mg (N02BA),2015-01-11,7
Aspirin 325mg (N02BA),2015-01-12,8
Aspirin 325mg (N02BA),2015-01-13,10
Aspirin 325mg (N02BA),2015-01-14,5
Aspirin 325mg (N02BA),2015-01-15,1
Aspirin 325mg (N02BA),2015-01-16,4
Aspirin 325mg (N02BA),2015-01-17,7
Aspirin 325mg (N02BA),2015-01-18,4
Aspirin 325mg (N02BA),2015-01-19,1
Aspirin 325mg (N02BA),2015-01-20,6
Aspirin 325mg (N02BA),2015-01-21,2
Aspirin 325mg (N02BA),2015-01-22,4
Aspirin 325mg (N02BA),2015-01-23,8
Aspirin 325mg (N02BA),2015-01-24,9
Aspirin 325mg (N02BA),2015-01-25,2
Aspirin 325mg (N02BA),2015-01-26,4
Aspirin 325mg (N02BA),2015-01-27,1
Aspirin 325mg (N02BA),2015-01-28,3
Aspirin 325mg (N02BA),2015-01-29,9
Aspirin 325mg (N02BA),2015-01-30,1
Aspirin 325mg (N02BA),2015-01-31,5
Aspirin 325mg (N02BA),2015-02-01,7
Aspirin 325mg (N02BA),2015-02-02,5
Aspirin 325mg (N02BA),2015-02-03,6
Aspirin 325mg (N02BA),2015-02-04,2
Aspirin 325mg (N02BA),2015-02-05,3
Aspirin 325mg (N02BA),2015-02-06,7
Aspirin 325mg (N02BA),2015-02-07,2
Aspirin 325mg (N02BA),2015-02-08,6
Aspirin 325mg (N02BA),2015-02-09,10
Aspirin 325mg (N02BA),2015-02-10,7
Aspirin 325mg (N02BA),2015-02-11,4
Aspirin 325mg (N02BA),2015-02-12,6
Aspirin 325mg (N02BA),2015-02-13,7
Aspirin 325mg (N02BA),2015-02-14,7
Aspirin 325mg (N02BA),2015-02-15,4
Aspirin 325mg (N02BA),2015-02-16,4
Aspirin 325mg (N02BA),2015-02-17,4
Aspirin 325mg (N02BA),2015-02-18,1
Aspirin 325mg (N02BA),2015-02-19,4
Aspirin 325mg (N02BA),2015-02-21,5
Aspirin 325mg (N02BA),2015-02-22,2
Aspirin 325mg (N02BA),2015-02-23,8
Aspirin 325mg (N02BA),2015-02-24,6
Aspirin 325mg (N02BA),2015-02-25,6
Aspirin 325mg (N02BA),2015-02-26,2
Aspirin 325mg (N02BA),2015-02-27,5
Aspirin 325mg (N02BA),2015-02-28,2
Aspirin 325mg (N02BA),2015-03-01,3
Aspirin 325mg (N02BA),2015-03-02,4
Aspirin 325mg (N02BA),2015-03-03,4
Aspirin 325mg (N02BA),2015-03-04,3
Aspirin 325mg (N02BA),2015-03-05,3
Aspirin 325mg (N02BA),2015-03-06,6
Aspirin 325mg (N02BA),2015-03-07,1
Aspirin 325mg (N02BA),2015-03-08,2
Aspirin 325mg (N02BA),2015-03-09,5
Aspirin 325mg (N02BA),2015-03-10,5
Aspirin 325mg (N02BA),2015-03-11,3
Aspirin 325mg (N02BA),2015-03-12,6
Aspirin 325mg (N02BA),2015-03-13,7
Aspirin 325mg (N02BA),2015-03-14,4
Aspirin 325mg (N02BA),2015-03-15,3
Aspirin 325mg (N02BA),2015-03-16,5
Aspirin 325mg (N02BA),2015-03-17,5
Aspirin 325mg (N02BA),2015-03-18,5
Aspirin 325mg (N02BA),2015-03-19,2
Aspirin 325mg (N02BA),2015-03-20,3
Aspirin 325mg (N02BA),2015-03-21,3
Aspirin 325mg (N02BA),2015-03-22,2
Aspirin 325mg (N02BA),2015-03-23,7
Aspirin 325mg (N02BA),2015-03-24,5
Aspirin 325mg (N02BA),2015-03-25,6
Aspirin 325mg (N02BA),2015-03-26,3
Aspirin 325mg (N02BA),2015-03-27,2
Aspirin 325mg (N02BA),2015-03-28,3
Aspirin 325mg (N02BA),2015-03-29,2
Aspirin 325mg (N02BA),2015-03-30,10
Aspirin 325mg (N02BA),2015-03-31,11
Aspirin 325mg (N02BA),2015-04-01,1
Aspirin 325mg (N02BA),2015-04-02,5
Aspirin 325mg (N02BA),2015-04-03,4
Aspirin 325mg (N02BA),2015-04-04,6
Aspirin 325mg (N02BA),2015-04-05,4
Aspirin 325mg (N02BA),2015-04-06,5
Aspirin 325mg (N02BA),2015-04-07,7
Aspirin 325mg (N02BA),2015-04-08,3
Aspirin 325mg (N02BA),2015-04-09,8
Aspirin 325mg (N02BA),2015-04-10,4
Aspirin 325mg (N02BA),2015-04-11,3
Aspirin 325mg (N02BA),2015-04-13,7
Aspirin 325mg (N02BA),2015-04-14,7
Aspirin 325mg (N02BA),2015-04-15,3
Aspirin 325mg (N02BA),2015-04-16,7
Aspirin 325mg (N02BA),2015-04-17,3
Aspirin 325mg (N02BA),2015-04-18,1
Aspirin 325mg (N02BA),2015-04-19,4
Aspirin 325mg (N02BA),2015-04-20,4
Aspirin 325mg (N02BA),2015-04-21,2
Aspirin 325mg (N02BA),2015-04-22,3
Aspirin 325mg (N02BA),2015-04-23,1
Aspirin 325mg (N02BA),2015-04-24,4
Aspirin 325mg (N02BA),2015-04-25,8
Aspirin 325mg (N02BA),2015-04-26,3
Aspirin 325mg (N02BA),2015-04-27,4
Aspirin 325mg (N02BA),2015-04-28,3
Aspirin 325mg (N02BA),2015-04-29,4
Aspirin 325mg (N02BA),2015-04-30,3
Aspirin 325mg (N02BA),2015-05-01,5
Aspirin 325mg (N02BA),2015-05-02,3
Aspirin 325mg (N02BA),2015-05-03,2
Aspirin 325mg (N02BA),2015-05-04,9
Aspirin 325mg (N02BA),2015-05-05,2
Aspirin 325mg (N02BA),2015-05-06,2
Aspirin 325mg (N02BA),2015-05-07,2
Aspirin 325mg (N02BA),2015-05-08,5
Aspirin 325mg (N02BA),2015-05-09,7
Aspirin 325mg (N02BA),2015-05-10,4
Aspirin 325mg (N02BA),2015-05-11,6
Aspirin 325mg (N02BA),2015-05-12,8
Aspirin 325mg (N02BA),2015-05-13,9
Aspirin 325mg (N02BA),2015-05-14,3
Aspirin 325mg (N02BA),2015-05-15,4
Aspirin 325mg (N02BA),2015-05-16,4
Aspirin 325mg (N02BA),2015-05-17,5
Aspirin 325mg (N02BA),2015-05-18,5
Aspirin 325mg (N02BA),2015-05-19,3
Aspirin 325mg (N02BA),2015-05-20,2
Aspirin 325mg (N02BA),2015-05-21,3
Aspirin 325mg (N02BA),2015-05-22,2
Aspirin 325mg (N02BA),2015-05-23,5
Aspirin 325mg (N02BA),2015-05-24,3
Aspirin 325mg (N02BA),2015-05-25,4
Aspirin 325mg (N02BA),2015-05-26,4
Aspirin 325mg (N02BA),2015-05-27,2
Aspirin 325mg (N02BA),2015-05-28,7
Aspirin 325mg (N02BA),2015-05-29,3
Aspirin 325mg (N02BA),2015-05-30,6
Aspirin 325mg (N02BA),2015-05-31,6
Aspirin 325mg (N02BA),2015-06-01,2
Aspirin 325mg (N02BA),2015-06-02,8
Aspirin 325mg (N02BA),2015-06-03,5
Aspirin 325mg (N02BA),2015-06-04,3
Aspirin 325mg (N02BA),2015-06-05,5
Aspirin 325mg (N02BA),2015-06-06,2
Aspirin 325mg (N02BA),2015-06-07,2
Aspirin 325mg (N02BA),2015-06-08,2
Aspirin 325mg (N02BA),2015-06-09,4
Aspirin 325mg (N02BA),2015-06-10,8
Aspirin 325mg (N02BA),2015-06-11,5
Aspirin 325mg (N02BA),2015-06-12,2
Aspirin 325mg (N02BA),2015-06-13,7
Aspirin 325mg (N02BA),2015-06-14,2
Aspirin 325mg (N02BA),2015-06-15,5
Aspirin 325mg (N02BA),2015-06-16,4
Aspirin 325mg (N02BA),2015-06-17,9
Aspirin 325mg (N02BA),2015-06-18,7
Aspirin 325mg (N02BA),2015-06-19,3
Aspirin 325mg (N02BA),2015-06-20,3
Aspirin 325mg (N02BA),2015-06-21,5
Aspirin 325mg (N02BA),2015-06-22,10
Aspirin 325mg (N02BA),2015-06-23,4
Aspirin 325mg (N02BA),2015-06-24,7
Aspirin 325mg (N02BA),2015-06-25,6
Aspirin 325mg (N02BA),2015-06-26,2
Aspirin 325mg (N02BA),2015-06-27,6
Aspirin 325mg (N02BA),2015-06-28,7
Aspirin 325mg (N02BA),2015-06-29,4
Aspirin 325mg (N02BA),2015-06-30,6
Aspirin 325mg (N02BA),2015-07-01,5
Aspirin 325mg (N02BA),2015-07-02,1
Aspirin 325mg (N02BA),2015-07-03,4
Aspirin 325mg (N02BA),2015-07-04,4
Aspirin 325mg (N02BA),2015-07-05,4
Aspirin 325mg (N02BA),2015-07-06,2
Aspirin 325mg (N02BA),2015-07-07,2
Aspirin 325mg (N02BA),2015-07-08,3
Aspirin 325mg (N02BA),2015-07-09,2
Aspirin 325mg (N02BA),2015-07-10,5
Aspirin 325mg (N02BA),2015-07-11,5
Aspirin 325mg (N02BA),2015-07-12,5
Aspirin 325mg (N02BA),2015-07-13,8
Aspirin 325mg (N02BA),2015-07-14,5
Aspirin 325mg (N02BA),2015-07-15,4
Aspirin 325mg (N02BA),2015-07-16,1
Aspirin 325mg (N02BA),2015-07-17,1
Aspirin 325mg (N02BA),2015-07-18,2
Aspirin 325mg (N02BA),2015-07-19,2
Aspirin 325mg (N02BA),2015-07-20,5
Aspirin 325mg (N02BA),2015-07-21,3
Aspirin 325mg (N02BA),2015-07-22,5
Aspirin 325mg (N02BA),2015-07-23,3
Aspirin 325mg (N02BA),2015-07-24,4
Aspirin 325mg (N02BA),2015-07-25,5
Aspirin 325mg (N02BA),2015-07-26,3
Aspirin 325mg (N02BA),2015-07-27,7
Aspirin 325mg (N02BA),2015-07-28,1
Aspirin 325mg (N02BA),2015-07-29,4
Aspirin 325mg (N02BA),2015-07-30,14
Aspirin 325mg (N02BA),2015-07-31,6
Aspirin 325mg (N02BA),2015-08-01,4
Aspirin 325mg (N02BA),2015-08-02,4
Aspirin 325mg (N02BA),2015-08-03,2
Aspirin 325mg (N02BA),2015-08-04,3
Aspirin 325mg (N02BA),2015-08-05,4
Aspirin 325mg (N02BA),2015-08-06,8
Aspirin 325mg (N02BA),2015-08-07,6
Aspirin 325mg (N02BA),2015-08-08,7
Aspirin 325mg (N02BA),2015-08-09,2
Aspirin 325mg (N02BA),2015-08-10,4
Aspirin 325mg (N02BA),2015-08-11,7
Aspirin 325mg (N02BA),2015-08-12,4
Aspirin 325mg (N02BA),2015-08-13,6
Aspirin 325mg (N02BA),2015-08-14,4
Aspirin 325mg (N02BA),2015-08-15,6
Aspirin 325mg (N02BA),2015-08-16,2
Aspirin 325mg (N02BA),2015-08-17,3
Aspirin 325mg (N02BA),2015-08-18,3
Aspirin 325mg (N02BA),2015-08-19,8
Aspirin 325mg (N02BA),2015-08-20,5
Aspirin 325mg (N02BA),2015-08-21,3
Aspirin 325mg (N02BA),2015-08-22,4
Aspirin 325mg (N02BA),2015-08-23,3
Aspirin 325mg (N02BA),2015-08-24,3
Aspirin 325mg (N02BA),2015-08-25,4
Aspirin 325mg (N02BA),2015-08-26,7
Aspirin 325mg (N02BA),2015-08-27,4
Aspirin 325mg (N02BA),2015-08-28,1
Aspirin 325mg (N02BA),2015-08-29,4
Aspirin 325mg (N02BA),2015-08-30,4
Aspirin 325mg (N02BA),2015-08-31,3
Aspirin 325mg (N02BA),2015-09-01,4
Aspirin 325mg (N02BA),2015-09-02,3
Aspirin 325mg (N02BA),2015-09-03,2
Aspirin 325mg (N02BA),2015-09-04,3
Aspirin 325mg (N02BA),2015-09-05,3
Aspirin 325mg (N02BA),2015-09-06,6
Aspirin 325mg (N02BA),2015-09-07,2
Aspirin 325mg (N02BA),2015-09-08,5
Aspirin 325mg (N02BA),2015-09-09,1
Aspirin 325mg (N02BA),2015-09-10,4
Aspirin 325mg (N02BA),2015-09-11,9
Aspirin 325mg (N02BA),2015-09-12,5
Aspirin 325mg (N02BA),2015-09-13,7
Aspirin 325mg (N02BA),2015-09-14,1
Aspirin 325mg (N02BA),2015-09-15,4
Aspirin 325mg (N02BA),2015-09-16,2
Aspirin 325mg (N02BA),2015-09-18,3
Aspirin 325mg (N02BA),2015-09-19,7
Aspirin 325mg (N02BA),2015-09-20,6
Aspirin 325mg (N02BA),2015-09-21,2
Aspirin 325mg (N02BA),2015-09-22,4
Aspirin 325mg (N02BA),2015-09-23,3
Aspirin 325mg (N02BA),2015-09-24,4
Aspirin 325mg (N02BA),2015-09-25,5
Aspirin 325mg (N02BA),2015-09-26,2
Aspirin 325mg (N02BA),2015-09-27,2
Aspirin 325mg (N02BA),2015-09-28,2
Aspirin 325mg (N02BA),2015-09-29,1
Aspirin 325mg (N02BA),2015-09-30,4
Aspirin 325mg (N02BA),2015-10-01,4
Aspirin 325mg (N02BA),2015-10-02,4
Aspirin 325mg (N02BA),2015-10-03,3
Aspirin 325mg (N02BA),2015-10-04,4
Aspirin 325mg (N02BA),2015-10-05,2
Aspirin 325mg (N02BA),2015-10-06,6
Aspirin 325mg (N02BA),2015-10-07,6
Aspirin 325mg (N02BA),2015-10-08,3
Aspirin 325mg (N02BA),2015-10-09,8
Aspirin 325mg (N02BA),2015-10-10,3
Aspirin 325mg (N02BA),2015-10-11,7
Aspirin 325mg (N02BA),2015-10-12,6
Aspirin 325mg (N02BA),2015-10-13,5
Aspirin 325mg (N02BA),2015-10-14,4
Aspirin 325mg (N02BA),2015-10-15,7
Aspirin 325mg (N02BA),2015-10-16,5
Aspirin 325mg (N02BA),2015-10-17,3
Aspirin 325mg (N02BA),2015-10-18,5
Aspirin 325mg (N02BA),2015-10-19,3
Aspirin 325mg (N02BA),2015-10-20,2
Aspirin 325mg (N02BA),2015-10-21,3
Aspirin 325mg (N02BA),2015-10-23,10
Aspirin 325mg (N02BA),2015-10-24,9
Aspirin 325mg (N02BA),2015-10-25,3
Aspirin 325mg (N02BA),2015-10-26,8
Aspirin 325mg (N02BA),2015-10-27,8
Aspirin 325mg (N02BA),2015-10-28,1
Aspirin 325mg (N02BA),2015-10-29,1
Aspirin 325mg (N02BA),2015-10-30,3
Aspirin 325mg (N02BA),2015-10-31,8
Aspirin 325mg (N02BA),2015-11-01,6
Aspirin 325mg (N02BA),2015-11-02,4
Aspirin 325mg (N02BA),2015-11-03,4
Aspirin 325mg (N02BA),2015-11-04,3
Aspirin 325mg (N02BA),2015-11-05,7
Aspirin 325mg (N02BA),2015-11-06,4
Aspirin 325mg (N02BA),2015-11-07,5
Aspirin 325mg (N02BA),2015-11-08,7
Aspirin 325mg (N02BA),2015-11-09,4
Aspirin 325mg (N02BA),2015-11-10,10
Aspirin 325mg (N02BA),2015-11-11,7
Aspirin 325mg (N02BA),2015-11-12,6
Aspirin 325mg (N02BA),2015-11-13,2
Aspirin 325mg (N02BA),2015-11-14,4
Aspirin 325mg (N02BA),2015-11-15,9
Aspirin 325mg (N02BA),2015-11-16,6
Aspirin 325mg (N02BA),2015-11-17,5
Aspirin 325mg (N02BA),2015-11-18,6
Aspirin 325mg (N02BA),2015-11-19,2
Aspirin 325mg (N02BA),2015-11-20,4
Aspirin 325mg (N02BA),2015-11-21,5
Aspirin 325mg (N02BA),2015-11-22,3
Aspirin 325mg (N02BA),2015-11-23,5
Aspirin 325mg (N02BA),2015-11-24,6
Aspirin 325mg (N02BA),2015-11-25,3
Aspirin 325mg (N02BA),2015-11-26,2
Aspirin 325mg (N02BA),2015-11-27,2
Aspirin 325mg (N02BA),2015-11-28,4
Aspirin 325mg (N02BA),2015-11-29,6
Aspirin 325mg (N02BA),2015-11-30,5
Aspirin 325mg (N02BA),2015-12-01,6
Aspirin 325mg (N02BA),2015-12-02,2
Aspirin 325mg (N02BA),2015-12-03,6
Aspirin 325mg (N02BA),2015-12-04,5
Aspirin 325mg (N02BA),2015-12-05,2
Aspirin 325mg (N02BA),2015-12-06,3
Aspirin 325mg (N02BA),2015-12-07,2
Aspirin 325mg (N02BA),2015-12-08,2
Aspirin 325mg (N02BA),2015-12-09,7
Aspirin 325mg (N02BA),2015-12-10,16
Aspirin 325mg (N02BA),2015-12-11,3
Aspirin 325mg (N02BA),2015-12-12,3
Aspirin 325mg (N02BA),2015-12-13,7
Aspirin 325mg (N02BA),2015-12-14,7
Aspirin 325mg (N02BA),2015-12-15,5
Aspirin 325mg (N02BA),2015-12-16,4
Aspirin 325mg (N02BA),2015-12-17,3
Aspirin 325mg (N02BA),2015-12-18,4
Aspirin 325mg (N02BA),2015-12-20,2
Aspirin 325mg (N02BA),2015-12-21,2
Aspirin 325mg (N02BA),2015-12-22,5
Aspirin 325mg (N02BA),2015-12-23,2
Aspirin 325mg (N02BA),2015-12-24,5
Aspirin 325mg (N02BA),2015-12-25,2
Aspirin 325mg (N02BA),2015-12-26,5
Aspirin 325mg (N02BA),2015-12-27,5
Aspirin 325mg (N02BA),2015-12-28,9
Aspirin 325mg (N02BA),2015-12-29,2
Aspirin 325mg (N02BA),2015-12-30,2
Aspirin 325mg (N02BA),2015-12-31,8
Aspirin 325mg (N02BA),2016-01-02,1
Aspirin 325mg (N02BA),2016-01-03,2
Aspirin 325mg (N02BA),2016-01-04,6
Aspirin 325mg (N02BA),2016-01-05,5
Aspirin 325mg (N02BA),2016-01-06,6
Aspirin 325mg (N02BA),2016-01-08,8
Aspirin 325mg (N02BA),2016-01-09,5
Aspirin 325mg (N02BA),2016-01-10,12
Aspirin 325mg (N02BA),2016-01-11,7
Aspirin 325mg (N02BA),2016-01-12,12
Aspirin 325mg (N02BA),2016-01-13,5
Aspirin 325mg (N02BA),2016-01-14,6
Aspirin 325mg (N02BA),2016-01-15,11
Aspirin 325mg (N02BA),2016-01-16,6
Aspirin 325mg (N02BA),2016-01-17,4
Aspirin 325mg (N02BA),2016-01-18,4
Aspirin 325mg (N02BA),2016-01-19,6
Aspirin 325mg (N02BA),2016-01-20,3
Aspirin 325mg (N02BA),2016-01-21,1
Aspirin 325mg (N02BA),2016-01-22,7
Aspirin 325mg (N02BA),2016-01-23,7
Aspirin 325mg (N02BA),2016-01-24,11
Aspirin 325mg (N02BA),2016-01-25,4
Aspirin 325mg (N02BA),2016-01-26,8
Aspirin 325mg (N02BA),2016-01-27,3
Aspirin 325mg (N02BA),2016-01-28,4
Aspirin 325mg (N02BA),2016-01-29,9
Aspirin 325mg (N02BA),2016-01-30,5
Aspirin 325mg (N02BA),2016-01-31,4
Aspirin 325mg (N02BA),2016-02-01,7
Aspirin 325mg (N02BA),2016-02-02,1
Aspirin 325mg (N02BA),2016-02-03,12
Aspirin 325mg (N02BA),2016-02-04,4
Aspirin 325mg (N02BA),2016-02-05,3
Aspirin 325mg (N02BA),2016-02-06,3
Aspirin 325mg (N02BA),2016-02-07,4
Aspirin 325mg (N02BA),2016-02-08,6
Aspirin 325mg (N02BA),2016-02-09,4
Aspirin 325mg (N02BA),2016-02-10,7
Aspirin 325mg (N02BA),2016-02-11,3
Aspirin 325mg (N02BA),2016-02-12,8
Aspirin 325mg (N02BA),2016-02-13,5
Aspirin 325mg (N02BA),2016-02-14,4
Aspirin 325mg (N02BA),2016-02-15,5
Aspirin 325mg (N02BA),2016-02-16,3
Aspirin 325mg (N02BA),2016-02-17,4
Aspirin 325mg (N02BA),2016-02-18,4
Aspirin 325mg (N02BA),2016-02-19,4
Aspirin 325mg (N02BA),2016-02-20,4
Aspirin 325mg (N02BA),2016-02-22,3
Aspirin 325mg (N02BA),2016-02-23,3
Aspirin 325mg (N02BA),2016-02-24,2
Aspirin 325mg (N02BA),2016-02-25,5
Aspirin 325mg (N02BA),2016-02-26,4
Aspirin 325mg (N02BA),2016-02-27,7
Aspirin 325mg (N02BA),2016-02-28,10
Aspirin 325mg (N02BA),2016-02-29,4
Aspirin 325mg (N02BA),2016-03-01,2
Aspirin 325mg (N02BA),2016-03-02,5
Aspirin 325mg (N02BA),2016-03-03,5
Aspirin 325mg (N02BA),2016-03-04,4
Aspirin 325mg (N02BA),2016-03-05,8
Aspirin 325mg (N02BA),2016-03-06,5
Aspirin 325mg (N02BA),2016-03-07,4
Aspirin 325mg (N02BA),2016-03-08,3
Aspirin 325mg (N02BA),2016-03-09,7
Aspirin 325mg (N02BA),2016-03-10,2
Aspirin 325mg (N02BA),2016-03-11,6
Aspirin 325mg (N02BA),2016-03-12,1
Aspirin 325mg (N02BA),2016-03-13,2
Aspirin 325mg (N02BA),2016-03-14,10
Aspirin 325mg (N02BA),2016-03-15,2
Aspirin 325mg (N02BA),2016-03-16,6
Aspirin 325mg (N02BA),2016-03-17,5
Aspirin 325mg (N02BA),2016-03-18,5
Aspirin 325mg (N02BA),2016-03-19,3
Aspirin 325mg (N02BA),2016-03-20,2
Aspirin 325mg (N02BA),2016-03-21,6
Aspirin 325mg (N02BA),2016-03-22,5
Aspirin 325mg (N02BA),2016-03-23,6
Aspirin 325mg (N02BA),2016-03-24,3
Aspirin 325mg (N02BA),2016-03-25,4
Aspirin 325mg (N02BA),2016-03-26,8
Aspirin 325mg (N02BA),2016-03-27,14
Aspirin 325mg (N02BA),2016-03-28,2
Aspirin 325mg (N02BA),2016-03-29,3
Aspirin 325mg (N02BA),2016-03-30,7
Aspirin 325mg (N02BA),2016-03-31,3
Aspirin 325mg (N02BA),2016-04-01,3
Aspirin 325mg (N02BA),2016-04-02,7
Aspirin 325mg (N02BA),2016-04-03,5
Aspirin 325mg (N02BA),2016-04-04,5
Aspirin 325mg (N02BA),2016-04-05,4
Aspirin 325mg (N02BA),2016-04-06,2
Aspirin 325mg (N02BA),2016-04-07,4
Aspirin 325mg (N02BA),2016-04-08,5
Aspirin 325mg (N02BA),2016-04-09,3
Aspirin 325mg (N02BA),2016-04-10,5
Aspirin 325mg (N02BA),2016-04-11,3
Aspirin 325mg (N02BA),2016-04-12,6
Aspirin 325mg (N02BA),2016-04-13,3
Aspirin 325mg (N02BA),2016-04-14,8
Aspirin 325mg (N02BA),2016-04-15,3
Aspirin 325mg (N02BA),2016-04-16,5
Aspirin 325mg (N02BA),2016-04-17,3
Aspirin 325mg (N02BA),2016-04-18,5
Aspirin 325mg (N02BA),2016-04-19,8
Aspirin 325mg (N02BA),2016-04-20,2
Aspirin 325mg (N02BA),2016-04-21,3
Aspirin 325mg (N02BA),2016-04-22,4
Aspirin 325mg (N02BA),2016-04-23,8
Aspirin 325mg (N02BA),2016-04-24,6
Aspirin 325mg (N02BA),2016-04-25,7
Aspirin 325mg (N02BA),2016-04-26,7
Aspirin 325mg (N02BA),2016-04-27,7
Aspirin 325mg (N02BA),2016-04-28,6
Aspirin 325mg (N02BA),2016-04-29,2
Aspirin 325mg (N02BA),2016-04-30,7
Aspirin 325mg (N02BA),2016-05-02,1
Aspirin 325mg (N02BA),2016-05-03,3
Aspirin 325mg (N02BA),2016-05-04,5
Aspirin 325mg (N02BA),2016-05-05,6
Aspirin 325mg (N02BA),2016-05-06,1
Aspirin 325mg (N02BA),2016-05-07,4
Aspirin 325mg (N02BA),2016-05-08,1
Aspirin 325mg (N02BA),2016-05-09,5
Aspirin 325mg (N02BA),2016-05-10,7
Aspirin 325mg (N02BA),2016-05-11,4
Aspirin 325mg (N02BA),2016-05-12,8
Aspirin 325mg (N02BA),2016-05-13,3
Aspirin 325mg (N02BA),2016-05-14,6
Aspirin 325mg (N02BA),2016-05-15,1
Aspirin 325mg (N02BA),2016-05-16,2
Aspirin 325mg (N02BA),2016-05-17,7
Aspirin 325mg (N02BA),2016-05-18,5
Aspirin 325mg (N02BA),2016-05-19,2
Aspirin 325mg (N02BA),2016-05-20,3
Aspirin 325mg (N02BA),2016-05-21,5
Aspirin 325mg (N02BA),2016-05-22,9
Aspirin 325mg (N02BA),2016-05-23,5
Aspirin 325mg (N02BA),2016-05-24,4
Aspirin 325mg (N02BA),2016-05-25,6
Aspirin 325mg (N02BA),2016-05-26,5
Aspirin 325mg (N02BA),2016-05-27,5
Aspirin 325mg (N02BA),2016-05-28,3
Aspirin 325mg (N02BA),2016-05-29,6
Aspirin 325mg (N02BA),2016-05-30,4
Aspirin 325mg (N02BA),2016-05-31,4
Aspirin 325mg (N02BA),2016-06-01,2
Aspirin 325mg (N02BA),2016-06-02,1
Aspirin 325mg (N02BA),2016-06-03,4
Aspirin 325mg (N02BA),2016-06-04,3
Aspirin 325mg (N02BA),2016-06-05,4
Aspirin 325mg (N02BA),2016-06-06,4
Aspirin 325mg (N02BA),2016-06-07,4
Aspirin 325mg (N02BA),2016-06-08,6
Aspirin 325mg (N02BA),2016-06-09,2
Aspirin 325mg (N02BA),2016-06-10,4
Aspirin 325mg (N02BA),2016-06-11,2
Aspirin 325mg (N02BA),2016-06-12,3
Aspirin 325mg (N02BA),2016-06-13,1
Aspirin 325mg (N02BA),2016-06-14,6
Aspirin 325mg (N02BA),2016-06-15,7
Aspirin 325mg (N02BA),2016-06-16,1
Aspirin 325mg (N02BA),2016-06-17,4
Aspirin 325mg (N02BA),2016-06-18,6
Aspirin 325mg (N02BA),2016-06-19,3
Aspirin 325mg (N02BA),2016-06-20,6
Aspirin 325mg (N02BA),2016-06-21,9
Aspirin 325mg (N02BA),2016-06-22,2
Aspirin 325mg (N02BA),2016-06-23,2
Aspirin 325mg (N02BA),2016-06-24,3
Aspirin 325mg (N02BA),2016-06-25,8
Aspirin 325mg (N02BA),2016-06-26,2
Aspirin 325mg (N02BA),2016-06-27,5
Aspirin 325mg (N02BA),2016-06-28,2
Aspirin 325mg (N02BA),2016-06-29,6
Aspirin 325mg (N02BA),2016-06-30,3
Aspirin 325mg (N02BA),2016-07-01,6
Aspirin 325mg (N02BA),2016-07-02,6
Aspirin 325mg (N02BA),2016-07-03,5
Aspirin 325mg (N02BA),2016-07-04,1
Aspirin 325mg (N02BA),2016-07-05,2
Aspirin 325mg (N02BA),2016-07-06,5
Aspirin 325mg (N02BA),2016-07-07,1
Aspirin 325mg (N02BA),2016-07-08,9
Aspirin 325mg (N02BA),2016-07-09,4
Aspirin 325mg (N02BA),2016-07-10,4
Aspirin 325mg (N02BA),2016-07-11,3
Aspirin 325mg (N02BA),2016-07-12,4
Aspirin 325mg (N02BA),2016-07-13,5
Aspirin 325mg (N02BA),2016-07-14,5
Aspirin 325mg (N02BA),2016-07-15,2
Aspirin 325mg (N02BA),2016-07-16,3
Aspirin 325mg (N02BA),2016-07-17,3
Aspirin 325mg (N02BA),2016-07-18,8
Aspirin 325mg (N02BA),2016-07-19,6
Aspirin 325mg (N02BA),2016-07-20,7
Aspirin 325mg (N02BA),2016-07-21,4
Aspirin 325mg (N02BA),2016-07-22,7
Aspirin 325mg (N02BA),2016-07-23,2
Aspirin 325mg (N02BA),2016-07-24,4
Aspirin 325mg (N02BA),2016-07-25,7
Aspirin 325mg (N02BA),2016-07-26,1
Aspirin 325mg (N02BA),2016-07-27,4
Aspirin 325mg (N02BA),2016-07-28,4
Aspirin 325mg (N02BA),2016-07-29,6
Aspirin 325mg (N02BA),2016-07-30,4
Aspirin 325mg (N02BA),2016-07-31,4
Aspirin 325mg (N02BA),2016-08-01,5
Aspirin 325mg (N02BA),2016-08-02,5
Aspirin 325mg (N02BA),2016-08-03,4
Aspirin 325mg (N02BA),2016-08-04,2
Aspirin 325mg (N02BA),2016-08-05,4
Aspirin 325mg (N02BA),2016-08-06,5
Aspirin 325mg (N02BA),2016-08-07,8
Aspirin 325mg (N02BA),2016-08-08,6
Aspirin 325mg (N02BA),2016-08-09,7
Aspirin 325mg (N02BA),2016-08-10,7
Aspirin 325mg (N02BA),2016-08-12,6
Aspirin 325mg (N02BA),2016-08-13,5
Aspirin 325mg (N02BA),2016-08-14,4
Aspirin 325mg (N02BA),2016-08-15,2
Aspirin 325mg (N02BA),2016-08-16,3
Aspirin 325mg (N02BA),2016-08-17,4
Aspirin 325mg (N02BA),2016-08-18,4
Aspirin 325mg (N02BA),2016-08-19,1
Aspirin 325mg (N02BA),2016-08-20,6
Aspirin 325mg (N02BA),2016-08-21,7
Aspirin 325mg (N02BA),2016-08-23,4
Aspirin 325mg (N02BA),2016-08-24,8
Aspirin 325mg (N02BA),2016-08-25,8
Aspirin 325mg (N02BA),2016-08-26,2
Aspirin 325mg (N02BA),2016-08-27,1
Aspirin 325mg (N02BA),2016-08-28,6
Aspirin 325mg (N02BA),2016-08-29,2
Aspirin 325mg (N02BA),2016-08-30,2
Aspirin 325mg (N02BA),2016-08-31,5
Aspirin 325mg (N02BA),2016-09-01,5
Aspirin 325mg (N02BA),2016-09-02,5
Aspirin 325mg (N02BA),2016-09-03,6
Aspirin 325mg (N02BA),2016-09-05,2
Aspirin 325mg (N02BA),2016-09-06,1
Aspirin 325mg (N02BA),2016-09-07,3
Aspirin 325mg (N02BA),2016-09-08,4
Aspirin 325mg (N02BA),2016-09-09,3
Aspirin 325mg (N02BA),2016-09-10,10
Aspirin 325mg (N02BA),2016-09-11,7
Aspirin 325mg (N02BA),2016-09-12,4
Aspirin 325mg (N02BA),2016-09-13,4
Aspirin 325mg (N02BA),2016-09-14,2
Aspirin 325mg (N02BA),2016-09-15,2
Aspirin 325mg (N02BA),2016-09-16,4
Aspirin 325mg (N02BA),2016-09-17,2
Aspirin 325mg (N02BA),2016-09-18,2
Aspirin 325mg (N02BA),2016-09-19,2
Aspirin 325mg (N02BA),2016-09-20,3
Aspirin 325mg (N02BA),2016-09-21,3
Aspirin 325mg (N02BA),2016-09-22,2
Aspirin 325mg (N02BA),2016-09-23,6
Aspirin 325mg (N02BA),2016-09-24,6
Aspirin 325mg (N02BA),2016-09-25,3
Aspirin 325mg (N02BA),2016-09-26,4
Aspirin 325mg (N02BA),2016-09-27,7
Aspirin 325mg (N02BA),2016-09-28,5
Aspirin 325mg (N02BA),2016-09-29,4
Aspirin 325mg (N02BA),2016-09-30,3
Aspirin 325mg (N02BA),2016-10-01,1
Aspirin 325mg (N02BA),2016-10-02,10
Aspirin 325mg (N02BA),2016-10-03,3
Aspirin 325mg (N02BA),2016-10-04,6
Aspirin 325mg (N02BA),2016-10-05,4
Aspirin 325mg (N02BA),2016-10-06,6
Aspirin 325mg (N02BA),2016-10-07,6
Aspirin 325mg (N02BA),2016-10-08,5
Aspirin 325mg (N02BA),2016-10-09,6
Aspirin 325mg (N02BA),2016-10-10,5
Aspirin 325mg (N02BA),2016-10-11,12
Aspirin 325mg (N02BA),2016-10-12,2
Aspirin 325mg (N02BA),2016-10-13,3
Aspirin 325mg (N02BA),2016-10-14,3
Aspirin 325mg (N02BA),2016-10-15,3
Aspirin 325mg (N02BA),2016-10-16,10
Aspirin 325mg (N02BA),2016-10-17,5
Aspirin 325mg (N02BA),2016-10-18,9
Aspirin 325mg (N02BA),2016-10-19,5
Aspirin 325mg (N02BA),2016-10-20,6
Aspirin 325mg (N02BA),2016-10-22,4
Aspirin 325mg (N02BA),2016-10-23,4
Aspirin 325mg (N02BA),2016-10-24,8
Aspirin 325mg (N02BA),2016-10-25,5
Aspirin 325mg (N02BA),2016-10-26,6
Aspirin 325mg (N02BA),2016-10-27,3
Aspirin 325mg (N02BA),2016-10-28,6
Aspirin 325mg (N02BA),2016-10-29,6
Aspirin 325mg (N02BA),2016-10-30,6
Aspirin 325mg (N02BA),2016-10-31,3
Aspirin 325mg (N02BA),2016-11-01,4
Aspirin 325mg (N02BA),2016-11-02,4
Aspirin 325mg (N02BA),2016-11-03,3
Aspirin 325mg (N02BA),2016-11-04,4
Aspirin 325mg (N02BA),2016-11-05,6
Aspirin 325mg (N02BA),2016-11-06,3
Aspirin 325mg (N02BA),2016-11-07,6
Aspirin 325mg (N02BA),2016-11-08,8
Aspirin 325mg (N02BA),2016-11-09,1
Aspirin 325mg (N02BA),2016-11-10,7
Aspirin 325mg (N02BA),2016-11-11,4
Aspirin 325mg (N02BA),2016-11-12,7
Aspirin 325mg (N02BA),2016-11-13,4
Aspirin 325mg (N02BA),2016-11-14,4
Aspirin 325mg (N02BA),2016-11-15,4
Aspirin 325mg (N02BA),2016-11-16,4
Aspirin 325mg (N02BA),2016-11-17,6
Aspirin 325mg (N02BA),2016-11-18,6
Aspirin 325mg (N02BA),2016-11-19,4
Aspirin 325mg (N02BA),2016-11-20,5
Aspirin 325mg (N02BA),2016-11-21,5
Aspirin 325mg (N02BA),2016-11-22,1
Aspirin 325mg (N02BA),2016-11-23,4
Aspirin 325mg (N02BA),2016-11-24,6
Aspirin 325mg (N02BA),2016-11-25,7
Aspirin 325mg (N02BA),2016-11-26,4
Aspirin 325mg (N02BA),2016-11-27,4
Aspirin 325mg (N02BA),2016-11-28,2
Aspirin 325mg (N02BA),2016-11-29,3
Aspirin 325mg (N02BA),2016-11-30,4
Aspirin 325mg (N02BA),2016-12-01,2
Aspirin 325mg (N02BA),2016-12-02,3
Aspirin 325mg (N02BA),2016-12-03,3
Aspirin 325mg (N02BA),2016-12-04,3
Aspirin 325mg (N02BA),2016-12-05,4
Aspirin 325mg (N02BA),2016-12-06,4
Aspirin 325mg (N02BA),2016-12-07,2
Aspirin 325mg (N02BA),2016-12-08,5
Aspirin 325mg (N02BA),2016-12-09,4
Aspirin 325mg (N02BA),2016-12-10,10
Aspirin 325mg (N02BA),2016-12-11,9
Aspirin 325mg (N02BA),2016-12-12,3
Aspirin 325mg (N02BA),2016-12-13,5
Aspirin 325mg (N02BA),2016-12-14,6
Aspirin 325mg (N02BA),2016-12-15,1
Aspirin 325mg (N02BA),2016-12-16,2
Aspirin 325mg (N02BA),2016-12-17,4
Aspirin 325mg (N02BA),2016-12-18,4
Aspirin 325mg (N02BA),2016-12-20,4
Aspirin 325mg (N02BA),2016-12-22,4
Aspirin 325mg (N02BA),2016-12-23,1
Aspirin 325mg (N02BA),2016-12-24,4
Aspirin 325mg (N02BA),2016-12-25,6
Aspirin 325mg (N02BA),2016-12-26,2
Aspirin 325mg (N02BA),2016-12-28,6
Aspirin 325mg (N02BA),2016-12-29,6
Aspirin 325mg (N02BA),2016-12-30,7
Aspirin 325mg (N02BA),2016-12-31,7
Aspirin 325mg (N02BA),2017-01-01,2
Aspirin 325mg (N02BA),2017-01-02,1
Aspirin 325mg (N02BA),2017-01-03,5
Aspirin 325mg (N02BA),2017-01-04,6
Aspirin 325mg (N02BA),2017-01-05,5
Aspirin 325mg (N02BA),2017-01-06,6
Aspirin 325mg (N02BA),2017-01-07,6
Aspirin 325mg (N02BA),2017-01-08,5
Aspirin 325mg (N02BA),2017-01-09,3
Aspirin 325mg (N02BA),2017-01-10,13
Aspirin 325mg (N02BA),2017-01-11,9
Aspirin 325mg (N02BA),2017-01-12,9
Aspirin 325mg (N02BA),2017-01-13,10
Aspirin 325mg (N02BA),2017-01-14,8
Aspirin 325mg (N02BA),2017-01-15,9
Aspirin 325mg (N02BA),2017-01-16,8
Aspirin 325mg (N02BA),2017-01-17,5
Aspirin 325mg (N02BA),2017-01-18,6
Aspirin 325mg (N02BA),2017-01-19,8
Aspirin 325mg (N02BA),2017-01-20,4
Aspirin 325mg (N02BA),2017-01-21,5
Aspirin 325mg (N02BA),2017-01-22,5
Aspirin 325mg (N02BA),2017-01-23,6
Aspirin 325mg (N02BA),2017-01-24,11
Aspirin 325mg (N02BA),2017-01-25,8
Aspirin 325mg (N02BA),2017-01-26,7
Aspirin 325mg (N02BA),2017-01-27,5
Aspirin 325mg (N02BA),2017-01-28,2
Aspirin 325mg (N02BA),2017-01-29,5
Aspirin 325mg (N02BA),2017-01-30,7
Aspirin 325mg (N02BA),2017-01-31,3
Aspirin 325mg (N02BA),2017-02-01,6
Aspirin 325mg (N02BA),2017-02-02,6
Aspirin 325mg (N02BA),2017-02-03,9
Aspirin 325mg (N02BA),2017-02-04,4
Aspirin 325mg (N02BA),2017-02-05,5
Aspirin 325mg (N02BA),2017-02-06,4
Aspirin 325mg (N02BA),2017-02-07,4
Aspirin 325mg (N02BA),2017-02-08,4
Aspirin 325mg (N02BA),2017-02-09,4
Aspirin 325mg (N02BA),2017-02-10,5
Aspirin 325mg (N02BA),2017-02-11,5
Aspirin 325mg (N02BA),2017-02-12,8
Aspirin 325mg (N02BA),2017-02-14,2
Aspirin 325mg (N02BA),2017-02-15,2
Aspirin 325mg (N02BA),2017-02-16,1
Aspirin 325mg (N02BA),2017-02-17,2
Aspirin 325mg (N02BA),2017-02-18,2
Aspirin 325mg (N02BA),2017-02-19,2
Aspirin 325mg (N02BA),2017-02-20,4
Aspirin 325mg (N02BA),2017-02-21,4
Aspirin 325mg (N02BA),2017-02-22,7
Aspirin 325mg (N02BA),2017-02-23,4
Aspirin 325mg (N02BA),2017-02-24,4
Aspirin 325mg (N02BA),2017-02-25,5
Aspirin 325mg (N02BA),2017-02-26,3
Aspirin 325mg (N02BA),2017-02-27,7
Aspirin 325mg (N02BA),2017-02-28,8
Aspirin 325mg (N02BA),2017-03-01,5
Aspirin 325mg (N02BA),2017-03-02,3
Aspirin 325mg (N02BA),2017-03-03,4
Aspirin 325mg (N02BA),2017-03-04,3
Aspirin 325mg (N02BA),2017-03-05,5
Aspirin 325mg (N02BA),2017-03-06,1
Aspirin 325mg (N02BA),2017-03-07,6
Aspirin 325mg (N02BA),2017-03-09,6
Aspirin 325mg (N02BA),2017-03-10,5
Aspirin 325mg (N02BA),2017-03-11,6
Aspirin 325mg (N02BA),2017-03-12,2
Aspirin 325mg (N02BA),2017-03-13,3
Aspirin 325mg (N02BA),2017-03-14,3
Aspirin 325mg (N02BA),2017-03-15,2
Aspirin 325mg (N02BA),2017-03-16,5
Aspirin 325mg (N02BA),2017-03-18,4
Aspirin 325mg (N02BA),2017-03-19,2
Aspirin 325mg (N02BA),2017-03-20,5
Aspirin 325mg (N02BA),2017-03-21,2
Aspirin 325mg (N02BA),2017-03-22,2
Aspirin 325mg (N02BA),2017-03-23,1
Aspirin 325mg (N02BA),2017-03-24,4
Aspirin 325mg (N02BA),2017-03-25,1
Aspirin 325mg (N02BA),2017-03-26,3
Aspirin 325mg (N02BA),2017-03-27,4
Aspirin 325mg (N02BA),2017-03-28,7
Aspirin 325mg (N02BA),2017-03-29,4
Aspirin 325mg (N02BA),2017-03-30,5
Aspirin 325mg (N02BA),2017-03-31,4
Aspirin 325mg (N02BA),2017-04-01,2
Aspirin 325mg (N02BA),2017-04-02,4
Aspirin 325mg (N02BA),2017-04-03,6
Aspirin 325mg (N02BA),2017-04-04,2
Aspirin 325mg (N02BA),2017-04-06,3
Aspirin 325mg (N02BA),2017-04-07,2
Aspirin 325mg (N02BA),2017-04-08,2
Aspirin 325mg (N02BA),2017-04-09,8
Aspirin 325mg (N02BA),2017-04-10,1
Aspirin 325mg (N02BA),2017-04-11,3
Aspirin 325mg (N02BA),2017-04-12,3
Aspirin 325mg (N02BA),2017-04-13,2
Aspirin 325mg (N02BA),2017-04-14,5
Aspirin 325mg (N02BA),2017-04-15,4
Aspirin 325mg (N02BA),2017-04-17,2
Aspirin 325mg (N02BA),2017-04-18,6
Aspirin 325mg (N02BA),2017-04-19,5
Aspirin 325mg (N02BA),2017-04-20,5
Aspirin 325mg (N02BA),2017-04-21,2
Aspirin 325mg (N02BA),2017-04-22,3
Aspirin 325mg (N02BA),2017-04-23,4
Aspirin 325mg (N02BA),2017-04-24,8
Aspirin 325mg (N02BA),2017-04-25,2
Aspirin 325mg (N02BA),2017-04-26,4
Aspirin 325mg (N02BA),2017-04-27,2
Aspirin 325mg (N02BA),2017-04-28,5
Aspirin 325mg (N02BA),2017-04-29,2
Aspirin 325mg (N02BA),2017-04-30,2
Aspirin 325mg (N02BA),2017-05-01,1
Aspirin 325mg (N02BA),2017-05-02,1
Aspirin 325mg (N02BA),2017-05-03,6
Aspirin 325mg (N02BA),2017-05-04,1
Aspirin 325mg (N02BA),2017-05-05,1
Aspirin 325mg (N02BA),2017-05-06,4
Aspirin 325mg (N02BA),2017-05-07,4
Aspirin 325mg (N02BA),2017-05-08,1
Aspirin 325mg (N02BA),2017-05-09,4
Aspirin 325mg (N02BA),2017-05-10,9
Aspirin 325mg (N02BA),2017-05-11,3
Aspirin 325mg (N02BA),2017-05-12,6
Aspirin 325mg (N02BA),2017-05-13,6
Aspirin 325mg (N02BA),2017-05-14,3
Aspirin 325mg (N02BA),2017-05-15,2
Aspirin 325mg (N02BA),2017-05-16,2
Aspirin 325mg (N02BA),2017-05-18,4
Aspirin 325mg (N02BA),2017-05-19,2
Aspirin 325mg (N02BA),2017-05-21,1
Aspirin 325mg (N02BA),2017-05-22,4
Aspirin 325mg (N02BA),2017-05-23,5
Aspirin 325mg (N02BA),2017-05-24,3
Aspirin 325mg (N02BA),2017-05-25,2
Aspirin 325mg (N02BA),2017-05-26,5
Aspirin 325mg (N02BA),2017-05-27,2
Aspirin 325mg (N02BA),2017-05-28,2
Aspirin 325mg (N02BA),2017-05-29,2
Aspirin 325mg (N02BA),2017-05-30,4
Aspirin 325mg (N02BA),2017-05-31,7
Aspirin 325mg (N02BA),2017-06-01,2
Aspirin 325mg (N02BA),2017-06-02,4
Aspirin 325mg (N02BA),2017-06-03,3
Aspirin 325mg (N02BA),2017-06-04,2
Aspirin 325mg (N02BA),2017-06-05,4
Aspirin 325mg (N02BA),2017-06-07,4
Aspirin 325mg (N02BA),2017-06-08,3
Aspirin 325mg (N02BA),2017-06-09,3
Aspirin 325mg (N02BA),2017-06-10,4
Aspirin 325mg (N02BA),2017-06-11,8
Aspirin 325mg (N02BA),2017-06-12,1
Aspirin 325mg (N02BA),2017-06-13,3
Aspirin 325mg (N02BA),2017-06-14,1
Aspirin 325mg (N02BA),2017-06-15,3
Aspirin 325mg (N02BA),2017-06-17,5
Aspirin 325mg (N02BA),2017-06-18,1
Aspirin 325mg (N02BA),2017-06-19,1
Aspirin 325mg (N02BA),2017-06-20,5
Aspirin 325mg (N02BA),2017-06-21,2
Aspirin 325mg (N02BA),2017-06-23,2
Aspirin 325mg (N02BA),2017-06-24,6
Aspirin 325mg (N02BA),2017-06-25,6
Aspirin 325mg (N02BA),2017-06-26,6
Aspirin 325mg (N02BA),2017-06-27,6
Aspirin 325mg (N02BA),2017-06-28,4
Aspirin 325mg (N02BA),2017-06-29,6
Aspirin 325mg (N02BA),2017-06-30,2
Aspirin 325mg (N02BA),2017-07-01,1
Aspirin 325mg (N02BA),2017-07-02,2
Aspirin 325mg (N02BA),2017-07-03,2
Aspirin 325mg (N02BA),2017-07-04,5
Aspirin 325mg (N02BA),2017-07-05,2
Aspirin 325mg (N02BA),2017-07-06,4
Aspirin 325mg (N02BA),2017-07-07,4
Aspirin 325mg (N02BA),2017-07-08,5
Aspirin 325mg (N02BA),2017-07-10,4
Aspirin 325mg (N02BA),2017-07-13,2
Aspirin 325mg (N02BA),2017-07-14,2
Aspirin 325mg (N02BA),2017-07-15,3
Aspirin 325mg (N02BA),2017-07-16,3
Aspirin 325mg (N02BA),2017-07-17,3
Aspirin 325mg (N02BA),2017-07-18,2
Aspirin 325mg (N02BA),2017-07-19,4
Aspirin 325mg (N02BA),2017-07-20,3
Aspirin 325mg (N02BA),2017-07-21,3
Aspirin 325mg (N02BA),2017-07-22,5
Aspirin 325mg (N02BA),2017-07-23,2
Aspirin 325mg (N02BA),2017-07-24,2
Aspirin 325mg (N02BA),2017-07-25,2
Aspirin 325mg (N02BA),2017-07-26,3
Aspirin 325mg (N02BA),2017-07-28,1
Aspirin 325mg (N02BA),2017-07-29,2
Aspirin 325mg (N02BA),2017-07-30,2
Aspirin 325mg (N02BA),2017-07-31,2
Aspirin 325mg (N02BA),2017-08-01,2
Aspirin 325mg (N02BA),2017-08-02,1
Aspirin 325mg (N02BA),2017-08-03,4
Aspirin 325mg (N02BA),2017-08-04,1
Aspirin 325mg (N02BA),2017-08-05,2
Aspirin 325mg (N02BA),2017-08-06,1
Aspirin 325mg (N02BA),2017-08-07,3
Aspirin 325mg (N02BA),2017-08-08,2
Aspirin 325mg (N02BA),2017-08-09,3
Aspirin 325mg (N02BA),2017-08-10,4
Aspirin 325mg (N02BA),2017-08-11,5
Aspirin 325mg (N02BA),2017-08-12,2
Aspirin 325mg (N02BA),2017-08-13,2
Aspirin 325mg (N02BA),2017-08-14,4
Aspirin 325mg (N02BA),2017-08-15,2
Aspirin 325mg (N02BA),2017-08-16,1
Aspirin 325mg (N02BA),2017-08-17,5
Aspirin 325mg (N02BA),2017-08-18,3
Aspirin 325mg (N02BA),2017-08-19,3
Aspirin 325mg (N02BA),2017-08-20,6
Aspirin 325mg (N02BA),2017-08-21,2
Aspirin 325mg (N02BA),2017-08-22,3
Aspirin 325mg (N02BA),2017-08-23,2
Aspirin 325mg (N02BA),2017-08-24,2
Aspirin 325mg (N02BA),2017-08-25,1
Aspirin 325mg (N02BA),2017-08-26,1
Aspirin 325mg (N02BA),2017-08-27,1
Aspirin 325mg (N02BA),2017-08-28,5
Aspirin 325mg (N02BA),2017-08-29,4
Aspirin 325mg (N02BA),2017-08-30,3
Aspirin 325mg (N02BA),2017-08-31,3
Aspirin 325mg (N02BA),2017-09-01,5
Aspirin 325mg (N02BA),2017-09-02,6
Aspirin 325mg (N02BA),2017-09-03,2
Aspirin 325mg (N02BA),2017-09-04,6
Aspirin 325mg (N02BA),2017-09-05,4
Aspirin 325mg (N02BA),2017-09-06,5
Aspirin 325mg (N02BA),2017-09-07,3
Aspirin 325mg (N02BA),2017-09-08,3
Aspirin 325mg (N02BA),2017-09-09,2
Aspirin 325mg (N02BA),2017-09-10,1
Aspirin 325mg (N02BA),2017-09-11,2
Aspirin 325mg (N02BA),2017-09-12,5
Aspirin 325mg (N02BA),2017-09-13,2
Aspirin 325mg (N02BA),2017-09-14,5
Aspirin 325mg (N02BA),2017-09-15,3
Aspirin 325mg (N02BA),2017-09-16,3
Aspirin 325mg (N02BA),2017-09-17,4
Aspirin 325mg (N02BA),2017-09-18,1
Aspirin 325mg (N02BA),2017-09-19,1
Aspirin 325mg (N02BA),2017-09-21,1
Aspirin 325mg (N02BA),2017-09-22,3
Aspirin 325mg (N02BA),2017-09-23,3
Aspirin 325mg (N02BA),2017-09-24,2
Aspirin 325mg (N02BA),2017-09-25,1
Aspirin 325mg (N02BA),2017-09-26,2
Aspirin 325mg (N02BA),2017-09-27,3
Aspirin 325mg (N02BA),2017-09-28,2
Aspirin 325mg (N02BA),2017-09-29,3
Aspirin 325mg (N02BA),2017-09-30,3
Aspirin 325mg (N02BA),2017-10-01,3
Aspirin 325mg (N02BA),2017-10-02,3
Aspirin 325mg (N02BA),2017-10-03,3
Aspirin 325mg (N02BA),2017-10-04,4
Aspirin 325mg (N02BA),2017-10-05,5
Aspirin 325mg (N02BA),2017-10-06,1
Aspirin 325mg (N02BA),2017-10-07,2
Aspirin 325mg (N02BA),2017-10-08,5
Aspirin 325mg (N02BA),2017-10-10,2
Aspirin 325mg (N02BA),2017-10-11,5
Aspirin 325mg (N02BA),2017-10-12,2
Aspirin 325mg (N02BA),2017-10-13,1
Aspirin 325mg (N02BA),2017-10-14,4
Aspirin 325mg (N02BA),2017-10-15,1
Aspirin 325mg (N02BA),2017-10-17,6
Aspirin 325mg (N02BA),2017-10-18,1
Aspirin 325mg (N02BA),2017-10-19,5
Aspirin 325mg (N02BA),2017-10-20,3
Aspirin 325mg (N02BA),2017-10-21,3
Aspirin 325mg (N02BA),2017-10-22,5
Aspirin 325mg (N02BA),2017-10-23,2
Aspirin 325mg (N02BA),2017-10-24,10
Aspirin 325mg (N02BA),2017-10-25,5
Aspirin 325mg (N02BA),2017-10-26,2
Aspirin 325mg (N02BA),2017-10-27,6
Aspirin 325mg (N02BA),2017-10-28,4
Aspirin 325mg (N02BA),2017-10-29,1
Aspirin 325mg (N02BA),2017-10-30,2
Aspirin 325mg (N02BA),2017-10-31,4
Aspirin 325mg (N02BA),2017-11-01,2
Aspirin 325mg (N02BA),2017-11-02,2
Aspirin 325mg (N02BA),2017-11-03,4
Aspirin 325mg (N02BA),2017-11-04,6
Aspirin 325mg (N02BA),2017-11-05,1
Aspirin 325mg (N02BA),2017-11-06,2
Aspirin 325mg (N02BA),2017-11-07,7
Aspirin 325mg (N02BA),2017-11-08,2
Aspirin 325mg (N02BA),2017-11-10,6
Aspirin 325mg (N02BA),2017-11-11,4
Aspirin 325mg (N02BA),2017-11-12,6
Aspirin 325mg (N02BA),2017-11-13,4
Aspirin 325mg (N02BA),2017-11-14,2
Aspirin 325mg (N02BA),2017-11-15,8
Aspirin 325mg (N02BA),2017-11-16,3
Aspirin 325mg (N02BA),2017-11-17,3
Aspirin 325mg (N02BA),2017-11-18,2
Aspirin 325mg (N02BA),2017-11-19,1
Aspirin 325mg (N02BA),2017-11-20,2
Aspirin 325mg (N02BA),2017-11-21,1
Aspirin 325mg (N02BA),2017-11-22,1
Aspirin 325mg (N02BA),2017-11-23,6
Aspirin 325mg (N02BA),2017-11-24,5
Aspirin 325mg (N02BA),2017-11-25,4
Aspirin 325mg (N02BA),2017-11-26,1
Aspirin 325mg (N02BA),2017-11-27,6
Aspirin 325mg (N02BA),2017-11-28,5
Aspirin 325mg (N02BA),2017-11-29,4
Aspirin 325mg (N02BA),2017-11-30,3
Aspirin 325mg (N02BA),2017-12-01,1
Aspirin 325mg (N02BA),2017-12-02,5
Aspirin 325mg (N02BA),2017-12-03,3
Aspirin 325mg (N02BA),2017-12-04,4
Aspirin 325mg (N02BA),2017-12-05,4
Aspirin 325mg (N02BA),2017-12-06,2
Aspirin 325mg (N02BA),2017-12-07,5
Aspirin 325mg (N02BA),2017-12-08,4
Aspirin 325mg (N02BA),2017-12-09,5
Aspirin 325mg (N02BA),2017-12-10,5
Aspirin 325mg (N02BA),2017-12-11,6
Aspirin 325mg (N02BA),2017-12-12,3
Aspirin 325mg (N02BA),2017-12-13,2
Aspirin 325mg (N02BA),2017-12-14,3
Aspirin 325mg (N02BA),2017-12-15,2
Aspirin 325mg (N02BA),2017-12-16,3
Aspirin 325mg (N02BA),2017-12-17,5
Aspirin 325mg (N02BA),2017-12-18,6
Aspirin 325mg (N02BA),2017-12-20,3
Aspirin 325mg (N02BA),2017-12-21,4
Aspirin 325mg (N02BA),2017-12-22,2
Aspirin 325mg (N02BA),2017-12-23,6
Aspirin 325mg (N02BA),2017-12-24,2
Aspirin 325mg (N02BA),2017-12-25,4
Aspirin 325mg (N02BA),2017-12-26,4
Aspirin 325mg (N02BA),2017-12-27,5
Aspirin 325mg (N02BA),2017-12-28,5
Aspirin 325mg (N02BA),2017-12-29,2
Aspirin 325mg (N02BA),2017-12-30,4
Aspirin 325mg (N02BA),2017-12-31,5
Aspirin 325mg (N02BA),2018-01-02,2
Aspirin 325mg (N02BA),2018-01-03,3
Aspirin 325mg (N02BA),2018-01-04,1
Aspirin 325mg (N02BA),2018-01-05,3
Aspirin 325mg (N02BA),2018-01-06,2
Aspirin 325mg (N02BA),2018-01-08,4
Aspirin 325mg (N02BA),2018-01-09,5
Aspirin 325mg (N02BA),2018-01-10,6
Aspirin 325mg (N02BA),2018-01-11,6
Aspirin 325mg (N02BA),2018-01-12,3
Aspirin 325mg (N02BA),2018-01-13,3
Aspirin 325mg (N02BA),2018-01-14,1
Aspirin 325mg (N02BA),2018-01-15,5
Aspirin 325mg (N02BA),2018-01-16,3
Aspirin 325mg (N02BA),2018-01-17,2
Aspirin 325mg (N02BA),2018-01-18,4
Aspirin 325mg (N02BA),2018-01-19,3
Aspirin 325mg (N02BA),2018-01-20,2
Aspirin 325mg (N02BA),2018-01-21,3
Aspirin 325mg (N02BA),2018-01-22,6
Aspirin 325mg (N02BA),2018-01-23,5
Aspirin 325mg (N02BA),2018-01-24,4
Aspirin 325mg (N02BA),2018-01-25,4
Aspirin 325mg (N02BA),2018-01-27,3
Aspirin 325mg (N02BA),2018-01-28,6
Aspirin 325mg (N02BA),2018-01-29,4
Aspirin 325mg (N02BA),2018-01-30,3
Aspirin 325mg (N02BA),2018-01-31,4
Aspirin 325mg (N02BA),2018-02-01,6
Aspirin 325mg (N02BA),2018-02-02,4
Aspirin 325mg (N02BA),2018-02-03,3
Aspirin 325mg (N02BA),2018-02-04,2
Aspirin 325mg (N02BA),2018-02-05,3
Aspirin 325mg (N02BA),2018-02-06,7
Aspirin 325mg (N02BA),2018-02-07,3
Aspirin 325mg (N02BA),2018-02-08,3
Aspirin 325mg (N02BA),2018-02-09,4
Aspirin 325mg (N02BA),2018-02-10,4
Aspirin 325mg (N02BA),2018-02-11,8
Aspirin 325mg (N02BA),2018-02-12,10
Aspirin 325mg (N02BA),2018-02-13,5
Aspirin 325mg (N02BA),2018-02-14,2
Aspirin 325mg (N02BA),2018-02-15,1
Aspirin 325mg (N02BA),2018-02-16,1
Aspirin 325mg (N02BA),2018-02-17,2
Aspirin 325mg (N02BA),2018-02-18,8
Aspirin 325mg (N02BA),2018-02-19,2
Aspirin 325mg (N02BA),2018-02-20,4
Aspirin 325mg (N02BA),2018-02-21,10
Aspirin 325mg (N02BA),2018-02-22,3
Aspirin 325mg (N02BA),2018-02-23,1
Aspirin 325mg (N02BA),2018-02-24,7
Aspirin 325mg (N02BA),2018-02-25,2
Aspirin 325mg (N02BA),2018-02-26,2
Aspirin 325mg (N02BA),2018-02-27,3
Aspirin 325mg (N02BA),2018-02-28,5
Aspirin 325mg (N02BA),2018-03-01,1
Aspirin 325mg (N02BA),2018-03-02,10
Aspirin 325mg (N02BA),2018-03-03,8
Aspirin 325mg (N02BA),2018-03-04,4
Aspirin 325mg (N02BA),2018-03-05,6
Aspirin 325mg (N02BA),2018-03-06,6
Aspirin 325mg (N02BA),2018-03-07,4
Aspirin 325mg (N02BA),2018-03-08,4
Aspirin 325mg (N02BA),2018-03-09,4
Aspirin 325mg (N02BA),2018-03-10,4
Aspirin 325mg (N02BA),2018-03-11,6
Aspirin 325mg (N02BA),2018-03-12,3
Aspirin 325mg (N02BA),2018-03-13,5
Aspirin 325mg (N02BA),2018-03-15,3
Aspirin 325mg (N02BA),2018-03-16,1
Aspirin 325mg (N02BA),2018-03-17,3
Aspirin 325mg (N02BA),2018-03-18,4
Aspirin 325mg (N02BA),2018-03-20,9
Aspirin 325mg (N02BA),2018-03-21,2
Aspirin 325mg (N02BA),2018-03-22,2
Aspirin 325mg (N02BA),2018-03-23,5
Aspirin 325mg (N02BA),2018-03-24,5
Aspirin 325mg (N02BA),2018-03-25,3
Aspirin 325mg (N02BA),2018-03-27,5
Aspirin 325mg (N02BA),2018-03-28,1
Aspirin 325mg (N02BA),2018-03-29,3
Aspirin 325mg (N02BA),2018-03-30,9
Aspirin 325mg (N02BA),2018-03-31,2
Aspirin 325mg (N02BA),2018-04-02,6
Aspirin 325mg (N02BA),2018-04-03,2
Aspirin 325mg (N02BA),2018-04-04,3
Aspirin 325mg (N02BA),2018-04-05,5
Aspirin 325mg (N02BA),2018-04-06,4
Aspirin 325mg (N02BA),2018-04-07,2
Aspirin 325mg (N02BA),2018-04-09,6
Aspirin 325mg (N02BA),2018-04-10,2
Aspirin 325mg (N02BA),2018-04-11,2
Aspirin 325mg (N02BA),2018-04-12,4
Aspirin 325mg (N02BA),2018-04-13,5
Aspirin 325mg (N02BA),2018-04-14,2
Aspirin 325mg (N02BA),2018-04-15,3
Aspirin 325mg (N02BA),2018-04-18,3
Aspirin 325mg (N02BA),2018-04-19,1
Aspirin 325mg (N02BA),2018-04-21,2
Aspirin 325mg (N02BA),2018-04-22,4
Aspirin 325mg (N02BA),2018-04-23,1
Aspirin 325mg (N02BA),2018-04-24,6
Aspirin 325mg (N02BA),2018-04-25,5
Aspirin 325mg (N02BA),2018-04-26,2
Aspirin 325mg (N02BA),2018-04-27,3
Aspirin 325mg (N02BA),2018-04-28,2
Aspirin 325mg (N02BA),2018-04-29,6
Aspirin 325mg (N02BA),2018-04-30,3
Aspirin 325mg (N02BA),2018-05-01,1
Aspirin 325mg (N02BA),2018-05-02,2
Aspirin 325mg (N02BA),2018-05-03,2
Aspirin 325mg (N02BA),2018-05-04,5
Aspirin 325mg (N02BA),2018-05-05,5
Aspirin 325mg (N02BA),2018-05-08,1
Aspirin 325mg (N02BA),2018-05-09,7
Aspirin 325mg (N02BA),2018-05-10,6
Aspirin 325mg (N02BA),2018-05-11,3
Aspirin 325mg (N02BA),2018-05-12,5
Aspirin 325mg (N02BA),2018-05-13,3
Aspirin 325mg (N02BA),2018-05-14,1
Aspirin 325mg (N02BA),2018-05-15,2
Aspirin 325mg (N02BA),2018-05-16,2
Aspirin 325mg (N02BA),2018-05-17,4
Aspirin 325mg (N02BA),2018-05-18,6
Aspirin 325mg (N02BA),2018-05-19,1
Aspirin 325mg (N02BA),2018-05-20,1
Aspirin 325mg (N02BA),2018-05-21,2
Aspirin 325mg (N02BA),2018-05-22,3
Aspirin 325mg (N02BA),2018-05-24,5
Aspirin 325mg (N02BA),2018-05-25,2
Aspirin 325mg (N02BA),2018-05-26,7
Aspirin 325mg (N02BA),2018-05-27,5
Aspirin 325mg (N02BA),2018-05-28,1
Aspirin 325mg (N02BA),2018-05-29,3
Aspirin 325mg (N02BA),2018-05-30,2
Aspirin 325mg (N02BA),2018-05-31,1
Aspirin 325mg (N02BA),2018-06-01,4
Aspirin 325mg (N02BA),2018-06-02,4
Aspirin 325mg (N02BA),2018-06-03,1
Aspirin 325mg (N02BA),2018-06-04,6
Aspirin 325mg (N02BA),2018-06-05,1
Aspirin 325mg (N02BA),2018-06-08,2
Aspirin 325mg (N02BA),2018-06-09,3
Aspirin 325mg (N02BA),2018-06-10,5
Aspirin 325mg (N02BA),2018-06-11,3
Aspirin 325mg (N02BA),2018-06-12,4
Aspirin 325mg (N02BA),2018-06-13,1
Aspirin 325mg (N02BA),2018-06-14,1
Aspirin 325mg (N02BA),2018-06-16,5
Aspirin 325mg (N02BA),2018-06-17,6
Aspirin 325mg (N02BA),2018-06-18,2
Aspirin 325mg (N02BA),2018-06-19,4
Aspirin 325mg (N02BA),2018-06-20,2
Aspirin 325mg (N02BA),2018-06-21,4
Aspirin 325mg (N02BA),2018-06-22,4
Aspirin 325mg (N02BA),2018-06-23,2
Aspirin 325mg (N02BA),2018-06-24,2
Aspirin 325mg (N02BA),2018-06-26,3
Aspirin 325mg (N02BA),2018-06-27,3
Aspirin 325mg (N02BA),2018-06-28,4
Aspirin 325mg (N02BA),2018-06-29,2
Aspirin 325mg (N02BA),2018-06-30,7
Aspirin 325mg (N02BA),2018-07-01,1
Aspirin 325mg (N02BA),2018-07-02,3
Aspirin 325mg (N02BA),2018-07-03,1
Aspirin 325mg (N02BA),2018-07-04,4
Aspirin 325mg (N02BA),2018-07-05,4
Aspirin 325mg (N02BA),2018-07-06,1
Aspirin 325mg (N02BA),2018-07-07,7
Aspirin 325mg (N02BA),2018-07-08,2
Aspirin 325mg (N02BA),2018-07-09,4
Aspirin 325mg (N02BA),2018-07-10,4
Aspirin 325mg (N02BA),2018-07-11,3
Aspirin 325mg (N02BA),2018-07-12,7
Aspirin 325mg (N02BA),2018-07-13,1
Aspirin 325mg (N02BA),2018-07-15,4
Aspirin 325mg (N02BA),2018-07-16,1
Aspirin 325mg (N02BA),2018-07-17,2
Aspirin 325mg (N02BA),2018-07-18,5
Aspirin 325mg (N02BA),2018-07-19,3
Aspirin 325mg (N02BA),2018-07-20,5
Aspirin 325mg (N02BA),2018-07-23,2
Aspirin 325mg (N02BA),2018-07-24,2
Aspirin 325mg (N02BA),2018-07-25,2
Aspirin 325mg (N02BA),2018-07-26,5
Aspirin 325mg (N02BA),2018-07-27,3
Aspirin 325mg (N02BA),2018-07-28,1
Aspirin 325mg (N02BA),2018-07-29,2
Aspirin 325mg (N02BA),2018-07-30,5
Aspirin 325mg (N02BA),2018-07-31,3
Aspirin 325mg (N02BA),2018-08-01,1
Aspirin 325mg (N02BA),2018-08-03,2
Aspirin 325mg (N02BA),2018-08-04,2
Aspirin 325mg (N02BA),2018-08-05,5
Aspirin 325mg (N02BA),2018-08-06,2
Aspirin 325mg (N02BA),2018-08-07,8
Aspirin 325mg (N02BA),2018-08-08,2
Aspirin 325mg (N02BA),2018-08-09,1
Aspirin 325mg (N02BA),2018-08-10,4
Aspirin 325mg (N02BA),2018-08-11,6
Aspirin 325mg (N02BA),2018-08-12,6
Aspirin 325mg (N02BA),2018-08-13,2
Aspirin 325mg (N02BA),2018-08-14,5
Aspirin 325mg (N02BA),2018-08-15,2
Aspirin 325mg (N02BA),2018-08-16,4
Aspirin 325mg (N02BA),2018-08-17,2
Aspirin 325mg (N02BA),2018-08-19,1
Aspirin 325mg (N02BA),2018-08-20,4
Aspirin 325mg (N02BA),2018-08-21,2
Aspirin 325mg (N02BA),2018-08-23,4
Aspirin 325mg (N02BA),2018-08-24,1
Aspirin 325mg (N02BA),2018-08-25,3
Aspirin 325mg (N02BA),2018-08-26,4
Aspirin 325mg (N02BA),2018-08-27,9
Aspirin 325mg (N02BA),2018-08-28,1
Aspirin 325mg (N02BA),2018-08-29,1
Aspirin 325mg (N02BA),2018-08-30,3
Aspirin 325mg (N02BA),2018-09-01,2
Aspirin 325mg (N02BA),2018-09-02,3
Aspirin 325mg (N02BA),2018-09-03,2
Aspirin 325mg (N02BA),2018-09-04,1
Aspirin 325mg (N02BA),2018-09-05,2
Aspirin 325mg (N02BA),2018-09-06,3
Aspirin 325mg (N02BA),2018-09-07,4
Aspirin 325mg (N02BA),2018-09-08,6
Aspirin 325mg (N02BA),2018-09-10,2
Aspirin 325mg (N02BA),2018-09-11,3
Aspirin 325mg (N02BA),2018-09-12,2
Aspirin 325mg (N02BA),2018-09-13,1
Aspirin 325mg (N02BA),2018-09-14,4
Aspirin 325mg (N02BA),2018-09-15,4
Aspirin 325mg (N02BA),2018-09-16,3
Aspirin 325mg (N02BA),2018-09-17,4
Aspirin 325mg (N02BA),2018-09-18,4
Aspirin 325mg (N02BA),2018-09-19,2
Aspirin 325mg (N02BA),2018-09-20,2
Aspirin 325mg (N02BA),2018-09-21,1
Aspirin 325mg (N02BA),2018-09-22,2
Aspirin 325mg (N02BA),2018-09-23,3
Aspirin 325mg (N02BA),2018-09-24,6
Aspirin 325mg (N02BA),2018-09-25,3
Aspirin 325mg (N02BA),2018-09-26,6
Aspirin 325mg (N02BA),2018-09-27,5
Aspirin 325mg (N02BA),2018-09-28,4
Aspirin 325mg (N02BA),2018-09-29,2
Aspirin 325mg (N02BA),2018-09-30,2
Aspirin 325mg (N02BA),2018-10-01,1
Aspirin 325mg (N02BA),2018-10-02,4
Aspirin 325mg (N02BA),2018-10-03,3
Aspirin 325mg (N02BA),2018-10-04,2
Aspirin 325mg (N02BA),2018-10-05,1
Aspirin 325mg (N02BA),2018-10-06,3
Aspirin 325mg (N02BA),2018-10-07,2
Aspirin 325mg (N02BA),2018-10-08,3
Aspirin 325mg (N02BA),2018-10-09,1
Aspirin 325mg (N02BA),2018-10-10,4
Aspirin 325mg (N02BA),2018-10-11,2
Aspirin 325mg (N02BA),2018-10-12,1
Aspirin 325mg (N02BA),2018-10-13,3
Aspirin 325mg (N02BA),2018-10-14,6
Aspirin 325mg (N02BA),2018-10-15,3
Aspirin 325mg (N02BA),2018-10-16,2
Aspirin 325mg (N02BA),2018-10-17,4
Aspirin 325mg (N02BA),2018-10-18,1
Aspirin 325mg (N02BA),2018-10-20,2
Aspirin 325mg (N02BA),2018-10-21,1
Aspirin 325mg (N02BA),2018-10-22,3
Aspirin 325mg (N02BA),2018-10-24,5
Aspirin 325mg (N02BA),2018-10-25,3
Aspirin 325mg (N02BA),2018-10-26,5
Aspirin 325mg (N02BA),2018-10-27,2
Aspirin 325mg (N02BA),2018-10-28,2
Aspirin 325mg (N02BA),2018-10-29,2
Aspirin 325mg (N02BA),2018-10-30,1
Aspirin 325mg (N02BA),2018-10-31,3
Aspirin 325mg (N02BA),2018-11-01,3
Aspirin 325mg (N02BA),2018-11-03,6
Aspirin 325mg (N02BA),2018-11-05,6
Aspirin 325mg (N02BA),2018-11-06,11
Aspirin 325mg (N02BA),2018-11-07,3
Aspirin 325mg (N02BA),2018-11-08,6
Aspirin 325mg (N02BA),2018-11-09,5
Aspirin 325mg (N02BA),2018-11-10,2
Aspirin 325mg (N02BA),2018-11-11,2
Aspirin 325mg (N02BA),2018-11-12,7
Aspirin 325mg (N02BA),2018-11-13,6
Aspirin 325mg (N02BA),2018-11-14,3
Aspirin 325mg (N02BA),2018-11-15,2
Aspirin 325mg (N02BA),2018-11-16,4
Aspirin 325mg (N02BA),2018-11-17,1
Aspirin 325mg (N02BA),2018-11-18,5
Aspirin 325mg (N02BA),2018-11-19,2
Aspirin 325mg (N02BA),2018-11-20,4
Aspirin 325mg (N02BA),2018-11-21,3
Aspirin 325mg (N02BA),2018-11-22,3
Aspirin 325mg (N02BA),2018-11-23,3
Aspirin 325mg (N02BA),2018-11-24,5
Aspirin 325mg (N02BA),2018-11-25,3
Aspirin 325mg (N02BA),2018-11-26,2
Aspirin 325mg (N02BA),2018-11-27,2
Aspirin 325mg (N02BA),2018-11-28,1
Aspirin 325mg (N02BA),2018-11-29,1
Aspirin 325mg (N02BA),2018-11-30,1
Aspirin 325mg (N02BA),2018-12-01,2
Aspirin 325mg (N02BA),2018-12-02,10
Aspirin 325mg (N02BA),2018-12-03,2
Aspirin 325mg (N02BA),2018-12-04,3
Aspirin 325mg (N02BA),2018-12-05,4
Aspirin 325mg (N02BA),2018-12-07,3
Aspirin 325mg (N02BA),2018-12-09,4
Aspirin 325mg (N02BA),2018-12-10,2
Aspirin 325mg (N02BA),2018-12-11,8
Aspirin 325mg (N02BA),2018-12-12,3
Aspirin 325mg (N02BA),2018-12-13,3
Aspirin 325mg (N02BA),2018-12-15,3
Aspirin 325mg (N02BA),2018-12-17,5
Aspirin 325mg (N02BA),2018-12-18,1
Aspirin 325mg (N02BA),2018-12-20,1
Aspirin 325mg (N02BA),2018-12-22,4
Aspirin 325mg (N02BA),2018-12-23,2
Aspirin 325mg (N02BA),2018-12-24,1
Aspirin 325mg (N02BA),2018-12-25,5
Aspirin 325mg (N02BA),2018-12-26,2
Aspirin 325mg (N02BA),2018-12-27,3
Aspirin 325mg (N02BA),2018-12-28,1
Aspirin 325mg (N02BA),2018-12-29,1
Aspirin 325mg (N02BA),2018-12-30,5
Aspirin 325mg (N02BA),2018-12-31,5
Aspirin 325mg (N02BA),2019-01-02,4
Aspirin 325mg (N02BA),2019-01-03,6
Aspirin 325mg (N02BA),2019-01-04,3
Aspirin 325mg (N02BA),2019-01-05,3
Aspirin 325mg (N02BA),2019-01-06,2
Aspirin 325mg (N02BA),2019-01-09,2
Aspirin 325mg (N02BA),2019-01-10,6
Aspirin 325mg (N02BA),2019-01-11,3
Aspirin 325mg (N02BA),2019-01-12,5
Aspirin 325mg (N02BA),2019-01-13,5
Aspirin 325mg (N02BA),2019-01-14,3
Aspirin 325mg (N02BA),2019-01-15,4
Aspirin 325mg (N02BA),2019-01-16,6
Aspirin 325mg (N02BA),2019-01-17,4
Aspirin 325mg (N02BA),2019-01-18,4
Aspirin 325mg (N02BA),2019-01-19,6
Aspirin 325mg (N02BA),2019-01-20,2
Aspirin 325mg (N02BA),2019-01-22,1
Aspirin 325mg (N02BA),2019-01-23,7
Aspirin 325mg (N02BA),2019-01-24,6
Aspirin 325mg (N02BA),2019-01-25,4
Aspirin 325mg (N02BA),2019-01-26,2
Aspirin 325mg (N02BA),2019-01-27,2
Aspirin 325mg (N02BA),2019-01-28,3
Aspirin 325mg (N02BA),2019-01-29,3
Aspirin 325mg (N02BA),2019-01-30,2
Aspirin 325mg (N02BA),2019-01-31,2
Aspirin 325mg (N02BA),2019-02-01,8
Aspirin 325mg (N02BA),2019-02-02,6
Aspirin 325mg (N02BA),2019-02-03,6
Aspirin 325mg (N02BA),2019-02-04,3
Aspirin 325mg (N02BA),2019-02-05,4
Aspirin 325mg (N02BA),2019-02-06,2
Aspirin 325mg (N02BA),2019-02-07,4
Aspirin 325mg (N02BA),2019-02-08,7
Aspirin 325mg (N02BA),2019-02-09,5
Aspirin 325mg (N02BA),2019-02-10,3
Aspirin 325mg (N02BA),2019-02-11,6
Aspirin 325mg (N02BA),2019-02-13,1
Aspirin 325mg (N02BA),2019-02-14,3
Aspirin 325mg (N02BA),2019-02-15,12
Aspirin 325mg (N02BA),2019-02-16,5
Aspirin 325mg (N02BA),2019-02-17,4
Aspirin 325mg (N02BA),2019-02-18,4
Aspirin 325mg (N02BA),2019-02-19,2
Aspirin 325mg (N02BA),2019-02-20,3
Aspirin 325mg (N02BA),2019-02-21,2
Aspirin 325mg (N02BA),2019-02-22,1
Aspirin 325mg (N02BA),2019-02-23,3
Aspirin 325mg (N02BA),2019-02-24,2
Aspirin 325mg (N02BA),2019-02-25,3
Aspirin 325mg (N02BA),2019-02-26,5
Aspirin 325mg (N02BA),2019-02-27,1
Aspirin 325mg (N02BA),2019-02-28,4
Aspirin 325mg (N02BA),2019-03-01,2
Aspirin 325mg (N02BA),2019-03-02,4
Aspirin 325mg (N02BA),2019-03-03,1
Aspirin 325mg (N02BA),2019-03-04,7
Aspirin 325mg (N02BA),2019-03-06,1
Aspirin 325mg (N02BA),2019-03-07,4
Aspirin 325mg (N02BA),2019-03-09,4
Aspirin 325mg (N02BA),2019-03-10,5
Aspirin 325mg (N02BA),2019-03-11,2
Aspirin 325mg (N02BA),2019-03-12,2
Aspirin 325mg (N02BA),2019-03-13,6
Aspirin 325mg (N02BA),2019-03-15,3
Aspirin 325mg (N02BA),2019-03-16,5
Aspirin 325mg (N02BA),2019-03-17,2
Aspirin 325mg (N02BA),2019-03-18,2
Aspirin 325mg (N02BA),2019-03-19,2
Aspirin 325mg (N02BA),2019-03-20,2
Aspirin 325mg (N02BA),2019-03-22,1
Aspirin 325mg (N02BA),2019-03-23,4
Aspirin 325mg (N02BA),2019-03-24,3
Aspirin 325mg (N02BA),2019-03-25,6
Aspirin 325mg (N02BA),2019-03-26,3
Aspirin 325mg (N02BA),2019-03-27,3
Aspirin 325mg (N02BA),2019-03-28,1
Aspirin 325mg (N02BA),2019-03-29,4
Aspirin 325mg (N02BA),2019-03-30,1
Aspirin 325mg (N02BA),2019-03-31,2
Aspirin 325mg (N02BA),2019-04-01,3
Aspirin 325mg (N02BA),2019-04-02,3
Aspirin 325mg (N02BA),2019-04-03,2
Aspirin 325mg (N02BA),2019-04-04,8
Aspirin 325mg (N02BA),2019-04-05,4
Aspirin 325mg (N02BA),2019-04-06,3
Aspirin 325mg (N02BA),2019-04-07,4
Aspirin 325mg (N02BA),2019-04-08,3
Aspirin 325mg (N02BA),2019-04-09,1
Aspirin 325mg (N02BA),2019-04-10,2
Aspirin 325mg (N02BA),2019-04-11,2
Aspirin 325mg (N02BA),2019-04-12,4
Aspirin 325mg (N02BA),2019-04-13,1
Aspirin 325mg (N02BA),2019-04-14,1
Aspirin 325mg (N02BA),2019-04-15,5
Aspirin 325mg (N02BA),2019-04-16,2
Aspirin 325mg (N02BA),2019-04-17,1
Aspirin 325mg (N02BA),2019-04-19,2
Aspirin 325mg (N02BA),2019-04-20,2
Aspirin 325mg (N02BA),2019-04-21,3
Aspirin 325mg (N02BA),2019-04-22,4
Aspirin 325mg (N02BA),2019-04-23,6
Aspirin 325mg (N02BA),2019-04-24,3
Aspirin 325mg (N02BA),2019-04-25,2
Aspirin 325mg (N02BA),2019-04-26,3
Aspirin 325mg (N02BA),2019-04-27,3
Aspirin 325mg (N02BA),2019-04-29,3
Aspirin 325mg (N02BA),2019-04-30,8
Aspirin 325mg (N02BA),2019-05-01,1
Aspirin 325mg (N02BA),2019-05-02,6
Aspirin 325mg (N02BA),2019-05-03,3
Aspirin 325mg (N02BA),2019-05-04,4
Aspirin 325mg (N02BA),2019-05-05,4
Aspirin 325mg (N02BA),2019-05-06,2
Aspirin 325mg (N02BA),2019-05-07,1
Aspirin 325mg (N02BA),2019-05-08,3
Aspirin 325mg (N02BA),2019-05-09,2
Aspirin 325mg (N02BA),2019-05-10,6
Aspirin 325mg (N02BA),2019-05-11,6
Aspirin 325mg (N02BA),2019-05-12,3
Aspirin 325mg (N02BA),2019-05-13,2
Aspirin 325mg (N02BA),2019-05-14,4
Aspirin 325mg (N02BA),2019-05-15,4
Aspirin 325mg (N02BA),2019-05-16,2
Aspirin 325mg (N02BA),2019-05-17,2
Aspirin 325mg (N02BA),2019-05-18,5
Aspirin 325mg (N02BA),2019-05-19,4
Aspirin 325mg (N02BA),2019-05-20,5
Aspirin 325mg (N02BA),2019-05-21,5
Aspirin 325mg (N02BA),2019-05-22,3
Aspirin 325mg (N02BA),2019-05-23,2
Aspirin 325mg (N02BA),2019-05-24,3
Aspirin 325mg (N02BA),2019-05-25,4
Aspirin 325mg (N02BA),2019-05-26,2
Aspirin 325mg (N02BA),2019-05-27,1
Aspirin 325mg (N02BA),2019-05-28,6
Aspirin 325mg (N02BA),2019-05-29,4
Aspirin 325mg (N02BA),2019-05-30,3
Aspirin 325mg (N02BA),2019-05-31,1
Aspirin 325mg (N02BA),2019-06-01,6
Aspirin 325mg (N02BA),2019-06-02,3
Aspirin 325mg (N02BA),2019-06-03,4
Aspirin 325mg (N02BA),2019-06-04,5
Aspirin 325mg (N02BA),2019-06-05,2
Aspirin 325mg (N02BA),2019-06-06,6
Aspirin 325mg (N02BA),2019-06-07,2
Aspirin 325mg (N02BA),2019-06-08,1
Aspirin 325mg (N02BA),2019-06-09,8
Aspirin 325mg (N02BA),2019-06-10,2
Aspirin 325mg (N02BA),2019-06-11,10
Aspirin 325mg (N02BA),2019-06-12,1
Aspirin 325mg (N02BA),2019-06-14,3
Aspirin 325mg (N02BA),2019-06-15,5
Aspirin 325mg (N02BA),2019-06-16,3
Aspirin 325mg (N02BA),2019-06-17,3
Aspirin 325mg (N02BA),2019-06-18,3
Aspirin 325mg (N02BA),2019-06-19,3
Aspirin 325mg (N02BA),2019-06-20,3
Aspirin 325mg (N02BA),2019-06-21,3
Aspirin 325mg (N02BA),2019-06-23,6
Aspirin 325mg (N02BA),2019-06-24,3
Aspirin 325mg (N02BA),2019-06-25,5
Aspirin 325mg (N02BA),2019-06-26,1
Aspirin 325mg (N02BA),2019-06-27,4
Aspirin 325mg (N02BA),2019-06-28,2
Aspirin 325mg (N02BA),2019-06-29,5
Aspirin 325mg (N02BA),2019-07-01,1
Aspirin 325mg (N02BA),2019-07-02,4
Aspirin 325mg (N02BA),2019-07-03,4
Aspirin 325mg (N02BA),2019-07-05,4
Aspirin 325mg (N02BA),2019-07-06,3
Aspirin 325mg (N02BA),2019-07-07,3
Aspirin 325mg (N02BA),2019-07-08,2
Aspirin 325mg (N02BA),2019-07-09,8
Aspirin 325mg (N02BA),2019-07-10,5
Aspirin 325mg (N02BA),2019-07-11,4
Aspirin 325mg (N02BA),2019-07-12,4
Aspirin 325mg (N02BA),2019-07-13,1
Aspirin 325mg (N02BA),2019-07-14,4
Aspirin 325mg (N02BA),2019-07-15,5
Aspirin 325mg (N02BA),2019-07-16,3
Aspirin 325mg (N02BA),2019-07-17,2
Aspirin 325mg (N02BA),2019-07-18,1
Aspirin 325mg (N02BA),2019-07-19,4
Aspirin 325mg (N02BA),2019-07-20,1
Aspirin 325mg (N02BA),2019-07-21,1
Aspirin 325mg (N02BA),2019-07-22,2
Aspirin 325mg (N02BA),2019-07-23,5
Aspirin 325mg (N02BA),2019-07-24,2
Aspirin 325mg (N02BA),2019-07-25,5
Aspirin 325mg (N02BA),2019-07-27,1
Aspirin 325mg (N02BA),2019-07-28,4
Aspirin 325mg (N02BA),2019-07-29,2
Aspirin 325mg (N02BA),2019-07-30,5
Aspirin 325mg (N02BA),2019-07-31,2
Aspirin 325mg (N02BA),2019-08-01,2
Aspirin 325mg (N02BA),2019-08-02,3
Aspirin 325mg (N02BA),2019-08-03,2
Aspirin 325mg (N02BA),2019-08-04,5
Aspirin 325mg (N02BA),2019-08-05,4
Aspirin 325mg (N02BA),2019-08-06,2
Aspirin 325mg (N02BA),2019-08-07,2
Aspirin 325mg (N02BA),2019-08-08,3
Aspirin 325mg (N02BA),2019-08-10,6
Aspirin 325mg (N02BA),2019-08-11,4
Aspirin 325mg (N02BA),2019-08-12,1
Aspirin 325mg (N02BA),2019-08-13,2
Aspirin 325mg (N02BA),2019-08-14,3
Aspirin 325mg (N02BA),2019-08-15,2
Aspirin 325mg (N02BA),2019-08-16,2
Aspirin 325mg (N02BA),2019-08-17,2
Aspirin 325mg (N02BA),2019-08-18,1
Aspirin 325mg (N02BA),2019-08-19,4
Aspirin 325mg (N02BA),2019-08-20,2
Aspirin 325mg (N02BA),2019-08-22,2
Aspirin 325mg (N02BA),2019-08-23,4
Aspirin 325mg (N02BA),2019-08-24,3
Aspirin 325mg (N02BA),2019-08-25,2
Aspirin 325mg (N02BA),2019-08-26,3
Aspirin 325mg (N02BA),2019-08-27,3
Aspirin 325mg (N02BA),2019-08-28,5
Aspirin 325mg (N02BA),2019-08-29,5
Aspirin 325mg (N02BA),2019-08-30,2
Aspirin 325mg (N02BA),2019-08-31,2
Aspirin 325mg (N02BA),2019-09-01,5
Aspirin 325mg (N02BA),2019-09-02,2
Aspirin 325mg (N02BA),2019-09-03,3
Aspirin 325mg (N02BA),2019-09-04,2
Aspirin 325mg (N02BA),2019-09-05,2
Aspirin 325mg (N02BA),2019-09-06,1
Aspirin 325mg (N02BA),2019-09-07,2
Aspirin 325mg (N02BA),2019-09-08,3
Aspirin 325mg (N02BA),2019-09-09,3
Aspirin 325mg (N02BA),2019-09-10,4
Aspirin 325mg (N02BA),2019-09-11,3
Aspirin 325mg (N02BA),2019-09-12,2
Aspirin 325mg (N02BA),2019-09-13,2
Aspirin 325mg (N02BA),2019-09-14,3
Aspirin 325mg (N02BA),2019-09-15,2
Aspirin 325mg (N02BA),2019-09-16,3
Aspirin 325mg (N02BA),2019-09-17,6
Aspirin 325mg (N02BA),2019-09-18,7
Aspirin 325mg (N02BA),2019-09-19,3
Aspirin 325mg (N02BA),2019-09-20,2
Aspirin 325mg (N02BA),2019-09-21,1
Aspirin 325mg (N02BA),2019-09-22,2
Aspirin 325mg (N02BA),2019-09-23,3
Aspirin 325mg (N02BA),2019-09-24,6
Aspirin 325mg (N02BA),2019-09-25,4
Aspirin 325mg (N02BA),2019-09-26,2
Aspirin 325mg (N02BA),2019-09-27,4
Aspirin 325mg (N02BA),2019-09-28,4
Aspirin 325mg (N02BA),2019-09-29,3
Aspirin 325mg (N02BA),2019-09-30,2
Aspirin 325mg (N02BA),2019-10-02,3
Aspirin 325mg (N02BA),2019-10-03,4
Aspirin 325mg (N02BA),2019-10-04,2
Aspirin 325mg (N02BA),2019-10-05,6
Aspirin 325mg (N02BA),2019-10-06,2
Aspirin 325mg (N02BA),2019-10-07,3
Paracetamol 500mg (N02BE),2014-01-02,32
Paracetamol 500mg (N02BE),2014-01-03,51
Paracetamol 500mg (N02BE),2014-01-04,62
Paracetamol 500mg (N02BE),2014-01-05,41
Paracetamol 500mg (N02BE),2014-01-06,22
Paracetamol 500mg (N02BE),2014-01-08,26
Paracetamol 500mg (N02BE),2014-01-09,25
Paracetamol 500mg (N02BE),2014-01-10,53
Paracetamol 500mg (N02BE),2014-01-11,52
Paracetamol 500mg (N02BE),2014-01-12,12
Paracetamol 500mg (N02BE),2014-01-13,52
Paracetamol 500mg (N02BE),2014-01-14,34
Paracetamol 500mg (N02BE),2014-01-15,27
Paracetamol 500mg (N02BE),2014-01-16,28
Paracetamol 500mg (N02BE),2014-01-17,20
Paracetamol 500mg (N02BE),2014-01-18,43
Paracetamol 500mg (N02BE),2014-01-19,14
Paracetamol 500mg (N02BE),2014-01-20,12
Paracetamol 500mg (N02BE),2014-01-21,42
Paracetamol 500mg (N02BE),2014-01-22,18
Paracetamol 500mg (N02BE),2014-01-23,26
Paracetamol 500mg (N02BE),2014-01-24,20
Paracetamol 500mg (N02BE),2014-01-25,38
Paracetamol 500mg (N02BE),2014-01-26,24
Paracetamol 500mg (N02BE),2014-01-27,24
Paracetamol 500mg (N02BE),2014-01-28,13
Paracetamol 500mg (N02BE),2014-01-29,14
Paracetamol 500mg (N02BE),2014-01-30,26
Paracetamol 500mg (N02BE),2014-01-31,27
Paracetamol 500mg (N02BE),2014-02-01,43
Paracetamol 500mg (N02BE),2014-02-02,14
Paracetamol 500mg (N02BE),2014-02-03,32
Paracetamol 500mg (N02BE),2014-02-04,31
Paracetamol 500mg (N02BE),2014-02-05,32
Paracetamol 500mg (N02BE),2014-02-06,41
Paracetamol 500mg (N02BE),2014-02-07,21
Paracetamol 500mg (N02BE),2014-02-08,37
Paracetamol 500mg (N02BE),2014-02-09,32
Paracetamol 500mg (N02BE),2014-02-10,40
Paracetamol 500mg (N02BE),2014-02-11,45
Paracetamol 500mg (N02BE),2014-02-12,74
Paracetamol 500mg (N02BE),2014-02-13,49
Paracetamol 500mg (N02BE),2014-02-14,42
Paracetamol 500mg (N02BE),2014-02-15,37
Paracetamol 500mg (N02BE),2014-02-16,34
Paracetamol 500mg (N02BE),2014-02-17,27
Paracetamol 500mg (N02BE),2014-02-18,45
Paracetamol 500mg (N02BE),2014-02-19,67
Paracetamol 500mg (N02BE),2014-02-20,22
Paracetamol 500mg (N02BE),2014-02-21,25
Paracetamol 500mg (N02BE),2014-02-22,26
Paracetamol 500mg (N02BE),2014-02-23,21
Paracetamol 500mg (N02BE),2014-02-24,26
Paracetamol 500mg (N02BE),2014-02-25,34
Paracetamol 500mg (N02BE),2014-02-26,34
Paracetamol 500mg (N02BE),2014-02-27,33
Paracetamol 500mg (N02BE),2014-02-28,37
Paracetamol 500mg (N02BE),2014-03-01,51
Paracetamol 500mg (N02BE),2014-03-02,7
Paracetamol 500mg (N02BE),2014-03-03,22
Paracetamol 500mg (N02BE),2014-03-04,47
Paracetamol 500mg (N02BE),2014-03-05,25
Paracetamol 500mg (N02BE),2014-03-06,44
Paracetamol 500mg (N02BE),2014-03-07,25
Paracetamol 500mg (N02BE),2014-03-08,28
Paracetamol 500mg (N02BE),2014-03-09,11
Paracetamol 500mg (N02BE),2014-03-10,47
Paracetamol 500mg (N02BE),2014-03-11,30
Paracetamol 500mg (N02BE),2014-03-12,20
Paracetamol 500mg (N02BE),2014-03-13,16
Paracetamol 500mg (N02BE),2014-03-14,16
Paracetamol 500mg (N02BE),2014-03-15,23
Paracetamol 500mg (N02BE),2014-03-16,13
Paracetamol 500mg (N02BE),2014-03-17,37
Paracetamol 500mg (N02BE),2014-03-18,20
Paracetamol 500mg (N02BE),2014-03-19,22
Paracetamol 500mg (N02BE),2014-03-20,38
Paracetamol 500mg (N02BE),2014-03-21,40
Paracetamol 500mg (N02BE),2014-03-22,26
Paracetamol 500mg (N02BE),2014-03-23,19
Paracetamol 500mg (N02BE),2014-03-24,24
Paracetamol 500mg (N02BE),2014-03-25,39
Paracetamol 500mg (N02BE),2014-03-26,7
Paracetamol 500mg (N02BE),2014-03-27,21
Paracetamol 500mg (N02BE),2014-03-28,11
Paracetamol 500mg (N02BE),2014-03-29,24
Paracetamol 500mg (N02BE),2014-03-30,12
Paracetamol 500mg (N02BE),2014-03-31,15
Paracetamol 500mg (N02BE),2014-04-01,28
Paracetamol 500mg (N02BE),2014-04-02,23
Paracetamol 500mg (N02BE),2014-04-03,19
Paracetamol 500mg (N02BE),2014-04-04,24
Paracetamol 500mg (N02BE),2014-04-05,26
Paracetamol 500mg (N02BE),2014-04-06,19
Paracetamol 500mg (N02BE),2014-04-07,32
Paracetamol 500mg (N02BE),2014-04-08,19
Paracetamol 500mg (N02BE),2014-04-09,18
Paracetamol 500mg (N02BE),2014-04-10,18
Paracetamol 500mg (N02BE),2014-04-11,25
Paracetamol 500mg (N02BE),2014-04-12,24
Paracetamol 500mg (N02BE),2014-04-13,6
Paracetamol 500mg (N02BE),2014-04-14,28
Paracetamol 500mg (N02BE),2014-04-15,19
Paracetamol 500mg (N02BE),2014-04-16,26
Paracetamol 500mg (N02BE),2014-04-17,16
Paracetamol 500mg (N02BE),2014-04-18,23
Paracetamol 500mg (N02BE),2014-04-19,22
Paracetamol 500mg (N02BE),2014-04-21,14
Paracetamol 500mg (N02BE),2014-04-22,32
Paracetamol 500mg (N02BE),2014-04-23,25
Paracetamol 500mg (N02BE),2014-04-24,26
Paracetamol 500mg (N02BE),2014-04-25,25
Paracetamol 500mg (N02BE),2014-04-26,35
Paracetamol 500mg (N02BE),2014-04-27,26
Paracetamol 500mg (N02BE),2014-04-28,29
Paracetamol 500mg (N02BE),2014-04-29,30
Paracetamol 500mg (N02BE),2014-04-30,43
Paracetamol 500mg (N02BE),2014-05-02,40
Paracetamol 500mg (N02BE),2014-05-03,15
Paracetamol 500mg (N02BE),2014-05-04,20
Paracetamol 500mg (N02BE),2014-05-05,20
Paracetamol 500mg (N02BE),2014-05-06,22
Paracetamol 500mg (N02BE),2014-05-07,17
Paracetamol 500mg (N02BE),2014-05-08,20
Paracetamol 500mg (N02BE),2014-05-09,16
Paracetamol 500mg (N02BE),2014-05-10,39
Paracetamol 500mg (N02BE),2014-05-11,17
Paracetamol 500mg (N02BE),2014-05-12,12
Paracetamol 500mg (N02BE),2014-05-13,32
Paracetamol 500mg (N02BE),2014-05-14,24
Paracetamol 500mg (N02BE),2014-05-15,19
Paracetamol 500mg (N02BE),2014-05-16,22
Paracetamol 500mg (N02BE),2014-05-17,35
Paracetamol 500mg (N02BE),2014-05-18,9
Paracetamol 500mg (N02BE),2014-05-19,13
Paracetamol 500mg (N02BE),2014-05-20,27
Paracetamol 500mg (N02BE),2014-05-21,15
Paracetamol 500mg (N02BE),2014-05-22,8
Paracetamol 500mg (N02BE),2014-05-23,18
Paracetamol 500mg (N02BE),2014-05-24,28
Paracetamol 500mg (N02BE),2014-05-25,7
Paracetamol 500mg (N02BE),2014-05-26,18
Paracetamol 500mg (N02BE),2014-05-27,29
Paracetamol 500mg (N02BE),2014-05-28,10
Paracetamol 500mg (N02BE),2014-05-29,27
Paracetamol 500mg (N02BE),2014-05-30,22
Paracetamol 500mg (N02BE),2014-05-31,28
Paracetamol 500mg (N02BE),2014-06-01,10
Paracetamol 500mg (N02BE),2014-06-02,23
Paracetamol 500mg (N02BE),2014-06-03,24
Paracetamol 500mg (N02BE),2014-06-04,24
Paracetamol 500mg (N02BE),2014-06-05,22
Paracetamol 500mg (N02BE),2014-06-06,17
Paracetamol 500mg (N02BE),2014-06-07,33
Paracetamol 500mg (N02BE),2014-06-08,11
Paracetamol 500mg (N02BE),2014-06-09,18
Paracetamol 500mg (N02BE),2014-06-10,23
Paracetamol 500mg (N02BE),2014-06-11,12
Paracetamol 500mg (N02BE),2014-06-12,16
Paracetamol 500mg (N02BE),2014-06-13,10
Paracetamol 500mg (N02BE),2014-06-14,8
Paracetamol 500mg (N02BE),2014-06-15,8
Paracetamol 500mg (N02BE),2014-06-16,12
Paracetamol 500mg (N02BE),2014-06-17,14
Paracetamol 500mg (N02BE),2014-06-18,18
Paracetamol 500mg (N02BE),2014-06-19,14
Paracetamol 500mg (N02BE),2014-06-20,14
Paracetamol 500mg (N02BE),2014-06-21,16
Paracetamol 500mg (N02BE),2014-06-22,18
Paracetamol 500mg (N02BE),2014-06-23,25
Paracetamol 500mg (N02BE),2014-06-24,16
Paracetamol 500mg (N02BE),2014-06-25,34
Paracetamol 500mg (N02BE),2014-06-26,19
Paracetamol 500mg (N02BE),2014-06-27,32
Paracetamol 500mg (N02BE),2014-06-28,20
Paracetamol 500mg (N02BE),2014-06-29,10
Paracetamol 500mg (N02BE),2014-06-30,25
Paracetamol 500mg (N02BE),2014-07-01,19
Paracetamol 500mg (N02BE),2014-07-02,22
Paracetamol 500mg (N02BE),2014-07-03,12
Paracetamol 500mg (N02BE),2014-07-04,10
Paracetamol 500mg (N02BE),2014-07-05,37
Paracetamol 500mg (N02BE),2014-07-06,10
Paracetamol 500mg (N02BE),2014-07-07,13
Paracetamol 500mg (N02BE),2014-07-08,14
Paracetamol 500mg (N02BE),2014-07-09,13
Paracetamol 500mg (N02BE),2014-07-10,21
Paracetamol 500mg (N02BE),2014-07-11,16
Paracetamol 500mg (N02BE),2014-07-12,28
Paracetamol 500mg (N02BE),2014-07-13,17
Paracetamol 500mg (N02BE),2014-07-14,12
Paracetamol 500mg (N02BE),2014-07-15,16
Paracetamol 500mg (N02BE),2014-07-16,13
Paracetamol 500mg (N02BE),2014-07-17,25
Paracetamol 500mg (N02BE),2014-07-18,14
Paracetamol 500mg (N02BE),2014-07-19,8
Paracetamol 500mg (N02BE),2014-07-20,8
Paracetamol 500mg (N02BE),2014-07-21,20
Paracetamol 500mg (N02BE),2014-07-22,9
Paracetamol 500mg (N02BE),2014-07-23,8
Paracetamol 500mg (N02BE),2014-07-24,23
Paracetamol 500mg (N02BE),2014-07-25,10
Paracetamol 500mg (N02BE),2014-07-26,36
Paracetamol 500mg (N02BE),2014-07-27,10
Paracetamol 500mg (N02BE),2014-07-28,9
Paracetamol 500mg (N02BE),2014-07-29,13
Paracetamol 500mg (N02BE),2014-07-30,14
Paracetamol 500mg (N02BE),2014-07-31,10
Paracetamol 500mg (N02BE),2014-08-01,14
Paracetamol 500mg (N02BE),2014-08-02,29
Paracetamol 500mg (N02BE),2014-08-03,6
Paracetamol 500mg (N02BE),2014-08-04,22
Paracetamol 500mg (N02BE),2014-08-05,17
Paracetamol 500mg (N02BE),2014-08-06,17
Paracetamol 500mg (N02BE),2014-08-07,33
Paracetamol 500mg (N02BE),2014-08-08,13
Paracetamol 500mg (N02BE),2014-08-09,19
Paracetamol 500mg (N02BE),2014-08-10,3
Paracetamol 500mg (N02BE),2014-08-11,20
Paracetamol 500mg (N02BE),2014-08-12,10
Paracetamol 500mg (N02BE),2014-08-13,20
Paracetamol 500mg (N02BE),2014-08-14,14
Paracetamol 500mg (N02BE),2014-08-15,13
Paracetamol 500mg (N02BE),2014-08-16,19
Paracetamol 500mg (N02BE),2014-08-17,6
Paracetamol 500mg (N02BE),2014-08-18,16
Paracetamol 500mg (N02BE),2014-08-19,16
Paracetamol 500mg (N02BE),2014-08-20,9
Paracetamol 500mg (N02BE),2014-08-21,18
Paracetamol 500mg (N02BE),2014-08-22,19
Paracetamol 500mg (N02BE),2014-08-23,26
Paracetamol 500mg (N02BE),2014-08-24,7
Paracetamol 500mg (N02BE),2014-08-25,21
Paracetamol 500mg (N02BE),2014-08-26,31
Paracetamol 500mg (N02BE),2014-08-27,21
Paracetamol 500mg (N02BE),2014-08-28,33
Paracetamol 500mg (N02BE),2014-08-29,26
Paracetamol 500mg (N02BE),2014-08-30,13
Paracetamol 500mg (N02BE),2014-08-31,15
Paracetamol 500mg (N02BE),2014-09-01,16
Paracetamol 500mg (N02BE),2014-09-02,20
Paracetamol 500mg (N02BE),2014-09-03,22
Paracetamol 500mg (N02BE),2014-09-04,18
Paracetamol 500mg (N02BE),2014-09-05,16
Paracetamol 500mg (N02BE),2014-09-06,16
Paracetamol 500mg (N02BE),2014-09-07,7
Paracetamol 500mg (N02BE),2014-09-08,21
Paracetamol 500mg (N02BE),2014-09-09,29
Paracetamol 500mg (N02BE),2014-09-10,38
Paracetamol 500mg (N02BE),2014-09-11,32
Paracetamol 500mg (N02BE),2014-09-12,20
Paracetamol 500mg (N02BE),2014-09-13,57
Paracetamol 500mg (N02BE),2014-09-14,20
Paracetamol 500mg (N02BE),2014-09-15,28
Paracetamol 500mg (N02BE),2014-09-16,59
Paracetamol 500mg (N02BE),2014-09-17,40
Paracetamol 500mg (N02BE),2014-09-18,44
Paracetamol 500mg (N02BE),2014-09-19,23
Paracetamol 500mg (N02BE),2014-09-20,21
Paracetamol 500mg (N02BE),2014-09-21,12
Paracetamol 500mg (N02BE),2014-09-22,34
Paracetamol 500mg (N02BE),2014-09-23,26
Paracetamol 500mg (N02BE),2014-09-24,25
Paracetamol 500mg (N02BE),2014-09-25,49
Paracetamol 500mg (N02BE),2014-09-26,38
Paracetamol 500mg (N02BE),2014-09-27,46
Paracetamol 500mg (N02BE),2014-09-28,21
Paracetamol 500mg (N02BE),2014-09-29,30
Paracetamol 500mg (N02BE),2014-09-30,61
Paracetamol 500mg (N02BE),2014-10-01,44
Paracetamol 500mg (N02BE),2014-10-02,24
Paracetamol 500mg (N02BE),2014-10-03,44
Paracetamol 500mg (N02BE),2014-10-04,50
Paracetamol 500mg (N02BE),2014-10-05,19
Paracetamol 500mg (N02BE),2014-10-06,70
Paracetamol 500mg (N02BE),2014-10-07,42
Paracetamol 500mg (N02BE),2014-10-08,50
Paracetamol 500mg (N02BE),2014-10-09,48
Paracetamol 500mg (N02BE),2014-10-10,29
Paracetamol 500mg (N02BE),2014-10-11,36
Paracetamol 500mg (N02BE),2014-10-12,22
Paracetamol 500mg (N02BE),2014-10-13,32
Paracetamol 500mg (N02BE),2014-10-14,32
Paracetamol 500mg (N02BE),2014-10-15,24
Paracetamol 500mg (N02BE),2014-10-16,59
Paracetamol 500mg (N02BE),2014-10-17,42
Paracetamol 500mg (N02BE),2014-10-18,21
Paracetamol 500mg (N02BE),2014-10-19,14
Paracetamol 500mg (N02BE),2014-10-20,35
Paracetamol 500mg (N02BE),2014-10-21,14
Paracetamol 500mg (N02BE),2014-10-22,21
Paracetamol 500mg (N02BE),2014-10-23,32
Paracetamol 500mg (N02BE),2014-10-24,49
Paracetamol 500mg (N02BE),2014-10-25,31
Paracetamol 500mg (N02BE),2014-10-26,30
Paracetamol 500mg (N02BE),2014-10-27,25
Paracetamol 500mg (N02BE),2014-10-28,40
Paracetamol 500mg (N02BE),2014-10-29,41
Paracetamol 500mg (N02BE),2014-10-30,20
Paracetamol 500mg (N02BE),2014-10-31,31
Paracetamol 500mg (N02BE),2014-11-01,44
Paracetamol 500mg (N02BE),2014-11-02,2
Paracetamol 500mg (N02BE),2014-11-03,28
Paracetamol 500mg (N02BE),2014-11-04,26
Paracetamol 500mg (N02BE),2014-11-05,27
Paracetamol 500mg (N02BE),2014-11-06,23
Paracetamol 500mg (N02BE),2014-11-07,16
Paracetamol 500mg (N02BE),2014-11-08,34
Paracetamol 500mg (N02BE),2014-11-09,23
Paracetamol 500mg (N02BE),2014-11-10,24
Paracetamol 500mg (N02BE),2014-11-11,23
Paracetamol 500mg (N02BE),2014-11-12,25
Paracetamol 500mg (N02BE),2014-11-13,33
Paracetamol 500mg (N02BE),2014-11-14,29
Paracetamol 500mg (N02BE),2014-11-15,24
Paracetamol 500mg (N02BE),2014-11-16,19
Paracetamol 500mg (N02BE),2014-11-17,23
Paracetamol 500mg (N02BE),2014-11-18,19
Paracetamol 500mg (N02BE),2014-11-19,32
Paracetamol 500mg (N02BE),2014-11-20,19
Paracetamol 500mg (N02BE),2014-11-21,22
Paracetamol 500mg (N02BE),2014-11-22,24
Paracetamol 500mg (N02BE),2014-11-23,22
Paracetamol 500mg (N02BE),2014-11-24,31
Paracetamol 500mg (N02BE),2014-11-25,19
Paracetamol 500mg (N02BE),2014-11-26,21
Paracetamol 500mg (N02BE),2014-11-27,21
Paracetamol 500mg (N02BE),2014-11-28,16
Paracetamol 500mg (N02BE),2014-11-29,31
Paracetamol 500mg (N02BE),2014-11-30,23
Paracetamol 500mg (N02BE),2014-12-01,36
Paracetamol 500mg (N02BE),2014-12-02,8
Paracetamol 500mg (N02BE),2014-12-03,17
Paracetamol 500mg (N02BE),2014-12-04,29
Paracetamol 500mg (N02BE),2014-12-05,28
Paracetamol 500mg (N02BE),2014-12-06,12
Paracetamol 500mg (N02BE),2014-12-07,46
Paracetamol 500mg (N02BE),2014-12-08,20
Paracetamol 500mg (N02BE),2014-12-09,27
Paracetamol 500mg (N02BE),2014-12-10,51
Paracetamol 500mg (N02BE),2014-12-11,16
Paracetamol 500mg (N02BE),2014-12-12,41
Paracetamol 500mg (N02BE),2014-12-13,25
Paracetamol 500mg (N02BE),2014-12-14,40
Paracetamol 500mg (N02BE),2014-12-15,42
Paracetamol 500mg (N02BE),2014-12-16,23
Paracetamol 500mg (N02BE),2014-12-17,28
Paracetamol 500mg (N02BE),2014-12-18,27
Paracetamol 500mg (N02BE),2014-12-20,31
Paracetamol 500mg (N02BE),2014-12-21,52
Paracetamol 500mg (N02BE),2014-12-22,20
Paracetamol 500mg (N02BE),2014-12-23,40
Paracetamol 500mg (N02BE),2014-12-24,42
Paracetamol 500mg (N02BE),2014-12-25,31
Paracetamol 500mg (N02BE),2014-12-26,31
Paracetamol 500mg (N02BE),2014-12-27,39
Paracetamol 500mg (N02BE),2014-12-28,80
Paracetamol 500mg (N02BE),2014-12-29,40
Paracetamol 500mg (N02BE),2014-12-30,51
Paracetamol 500mg (N02BE),2014-12-31,41
Paracetamol 500mg (N02BE),2015-01-02,51
Paracetamol 500mg (N02BE),2015-01-03,57
Paracetamol 500mg (N02BE),2015-01-04,60
Paracetamol 500mg (N02BE),2015-01-05,34
Paracetamol 500mg (N02BE),2015-01-06,42
Paracetamol 500mg (N02BE),2015-01-08,46
Paracetamol 500mg (N02BE),2015-01-09,36
Paracetamol 500mg (N02BE),2015-01-10,33
Paracetamol 500mg (N02BE),2015-01-11,44
Paracetamol 500mg (N02BE),2015-01-12,37
Paracetamol 500mg (N02BE),2015-01-13,34
Paracetamol 500mg (N02BE),2015-01-14,23
Paracetamol 500mg (N02BE),2015-01-15,55
Paracetamol 500mg (N02BE),2015-01-16,43
Paracetamol 500mg (N02BE),2015-01-17,19
Paracetamol 500mg (N02BE),2015-01-18,20
Paracetamol 500mg (N02BE),2015-01-19,32
Paracetamol 500mg (N02BE),2015-01-20,38
Paracetamol 500mg (N02BE),2015-01-21,37
Paracetamol 500mg (N02BE),2015-01-22,21
Paracetamol 500mg (N02BE),2015-01-23,30
Paracetamol 500mg (N02BE),2015-01-24,50
Paracetamol 500mg (N02BE),2015-01-25,38
Paracetamol 500mg (N02BE),2015-01-26,34
Paracetamol 500mg (N02BE),2015-01-27,20
Paracetamol 500mg (N02BE),2015-01-28,32
Paracetamol 500mg (N02BE),2015-01-29,24
Paracetamol 500mg (N02BE),2015-01-30,20
Paracetamol 500mg (N02BE),2015-01-31,32
Paracetamol 500mg (N02BE),2015-02-01,36
Paracetamol 500mg (N02BE),2015-02-02,21
Paracetamol 500mg (N02BE),2015-02-03,24
Paracetamol 500mg (N02BE),2015-02-04,39
Paracetamol 500mg (N02BE),2015-02-05,25
Paracetamol 500mg (N02BE),2015-02-06,23
Paracetamol 500mg (N02BE),2015-02-07,34
Paracetamol 500mg (N02BE),2015-02-08,30
Paracetamol 500mg (N02BE),2015-02-09,21
Paracetamol 500mg (N02BE),2015-02-10,33
Paracetamol 500mg (N02BE),2015-02-11,48
Paracetamol 500mg (N02BE),2015-02-12,24
Paracetamol 500mg (N02BE),2015-02-13,30
Paracetamol 500mg (N02BE),2015-02-14,29
Paracetamol 500mg (N02BE),2015-02-15,38
Paracetamol 500mg (N02BE),2015-02-16,40
Paracetamol 500mg (N02BE),2015-02-17,36
Paracetamol 500mg (N02BE),2015-02-18,36
Paracetamol 500mg (N02BE),2015-02-19,37
Paracetamol 500mg (N02BE),2015-02-20,27
Paracetamol 500mg (N02BE),2015-02-21,57
Paracetamol 500mg (N02BE),2015-02-22,51
Paracetamol 500mg (N02BE),2015-02-23,55
Paracetamol 500mg (N02BE),2015-02-24,22
Paracetamol 500mg (N02BE),2015-02-25,24
Paracetamol 500mg (N02BE),2015-02-26,37
Paracetamol 500mg (N02BE),2015-02-27,51
Paracetamol 500mg (N02BE),2015-02-28,27
Paracetamol 500mg (N02BE),2015-03-01,26
Paracetamol 500mg (N02BE),2015-03-02,41
Paracetamol 500mg (N02BE),2015-03-03,46
Paracetamol 500mg (N02BE),2015-03-04,47
Paracetamol 500mg (N02BE),2015-03-05,35
Paracetamol 500mg (N02BE),2015-03-06,20
Paracetamol 500mg (N02BE),2015-03-07,2
Paracetamol 500mg (N02BE),2015-03-08,55
Paracetamol 500mg (N02BE),2015-03-09,33
Paracetamol 500mg (N02BE),2015-03-10,40
Paracetamol 500mg (N02BE),2015-03-11,32
Paracetamol 500mg (N02BE),2015-03-12,19
Paracetamol 500mg (N02BE),2015-03-13,63
Paracetamol 500mg (N02BE),2015-03-14,39
Paracetamol 500mg (N02BE),2015-03-15,41
Paracetamol 500mg (N02BE),2015-03-16,47
Paracetamol 500mg (N02BE),2015-03-17,29
Paracetamol 500mg (N02BE),2015-03-18,24
Paracetamol 500mg (N02BE),2015-03-19,31
Paracetamol 500mg (N02BE),2015-03-20,39
Paracetamol 500mg (N02BE),2015-03-21,42
Paracetamol 500mg (N02BE),2015-03-22,43
Paracetamol 500mg (N02BE),2015-03-23,28
Paracetamol 500mg (N02BE),2015-03-24,22
Paracetamol 500mg (N02BE),2015-03-25,18
Paracetamol 500mg (N02BE),2015-03-26,51
Paracetamol 500mg (N02BE),2015-03-27,27
Paracetamol 500mg (N02BE),2015-03-28,50
Paracetamol 500mg (N02BE),2015-03-29,36
Paracetamol 500mg (N02BE),2015-03-30,26
Paracetamol 500mg (N02BE),2015-03-31,34
Paracetamol 500mg (N02BE),2015-04-01,25
Paracetamol 500mg (N02BE),2015-04-02,35
Paracetamol 500mg (N02BE),2015-04-03,34
Paracetamol 500mg (N02BE),2015-04-04,43
Paracetamol 500mg (N02BE),2015-04-05,32
Paracetamol 500mg (N02BE),2015-04-06,33
Paracetamol 500mg (N02BE),2015-04-07,25
Paracetamol 500mg (N02BE),2015-04-08,18
Paracetamol 500mg (N02BE),2015-04-09,22
Paracetamol 500mg (N02BE),2015-04-10,66
Paracetamol 500mg (N02BE),2015-04-11,26
Paracetamol 500mg (N02BE),2015-04-13,25
Paracetamol 500mg (N02BE),2015-04-14,42
Paracetamol 500mg (N02BE),2015-04-15,29
Paracetamol 500mg (N02BE),2015-04-16,31
Paracetamol 500mg (N02BE),2015-04-17,30
Paracetamol 500mg (N02BE),2015-04-18,31
Paracetamol 500mg (N02BE),2015-04-19,36
Paracetamol 500mg (N02BE),2015-04-20,38
Paracetamol 500mg (N02BE),2015-04-21,35
Paracetamol 500mg (N02BE),2015-04-22,32
Paracetamol 500mg (N02BE),2015-04-23,28
Paracetamol 500mg (N02BE),2015-04-24,30
Paracetamol 500mg (N02BE),2015-04-25,38
Paracetamol 500mg (N02BE),2015-04-26,38
Paracetamol 500mg (N02BE),2015-04-27,43
Paracetamol 500mg (N02BE),2015-04-28,15
Paracetamol 500mg (N02BE),2015-04-29,28
Paracetamol 500mg (N02BE),2015-04-30,33
Paracetamol 500mg (N02BE),2015-05-01,11
Paracetamol 500mg (N02BE),2015-05-02,48
Paracetamol 500mg (N02BE),2015-05-03,19
Paracetamol 500mg (N02BE),2015-05-04,36
Paracetamol 500mg (N02BE),2015-05-05,19
Paracetamol 500mg (N02BE),2015-05-06,40
Paracetamol 500mg (N02BE),2015-05-07,21
Paracetamol 500mg (N02BE),2015-05-08,16
Paracetamol 500mg (N02BE),2015-05-09,21
Paracetamol 500mg (N02BE),2015-05-10,13
Paracetamol 500mg (N02BE),2015-05-11,21
Paracetamol 500mg (N02BE),2015-05-12,23
Paracetamol 500mg (N02BE),2015-05-13,28
Paracetamol 500mg (N02BE),2015-05-14,14
Paracetamol 500mg (N02BE),2015-05-15,48
Paracetamol 500mg (N02BE),2015-05-16,40
Paracetamol 500mg (N02BE),2015-05-17,23
Paracetamol 500mg (N02BE),2015-05-18,21
Paracetamol 500mg (N02BE),2015-05-19,20
Paracetamol 500mg (N02BE),2015-05-20,17
Paracetamol 500mg (N02BE),2015-05-21,10
Paracetamol 500mg (N02BE),2015-05-22,15
Paracetamol 500mg (N02BE),2015-05-23,23
Paracetamol 500mg (N02BE),2015-05-24,20
Paracetamol 500mg (N02BE),2015-05-25,30
Paracetamol 500mg (N02BE),2015-05-26,27
Paracetamol 500mg (N02BE),2015-05-27,24
Paracetamol 500mg (N02BE),2015-05-28,17
Paracetamol 500mg (N02BE),2015-05-29,42
Paracetamol 500mg (N02BE),2015-05-30,24
Paracetamol 500mg (N02BE),2015-05-31,32
Paracetamol 500mg (N02BE),2015-06-01,24
Paracetamol 500mg (N02BE),2015-06-02,24
Paracetamol 500mg (N02BE),2015-06-03,30
Paracetamol 500mg (N02BE),2015-06-04,20
Paracetamol 500mg (N02BE),2015-06-05,13
Paracetamol 500mg (N02BE),2015-06-06,16
Paracetamol 500mg (N02BE),2015-06-07,17
Paracetamol 500mg (N02BE),2015-06-08,31
Paracetamol 500mg (N02BE),2015-06-09,27
Paracetamol 500mg (N02BE),2015-06-10,19
Paracetamol 500mg (N02BE),2015-06-11,38
Paracetamol 500mg (N02BE),2015-06-12,18
Paracetamol 500mg (N02BE),2015-06-13,21
Paracetamol 500mg (N02BE),2015-06-14,14
Paracetamol 500mg (N02BE),2015-06-15,37
Paracetamol 500mg (N02BE),2015-06-16,20
Paracetamol 500mg (N02BE),2015-06-17,24
Paracetamol 500mg (N02BE),2015-06-18,25
Paracetamol 500mg (N02BE),2015-06-19,24
Paracetamol 500mg (N02BE),2015-06-20,27
Paracetamol 500mg (N02BE),2015-06-21,18
Paracetamol 500mg (N02BE),2015-06-22,29
Paracetamol 500mg (N02BE),2015-06-23,19
Paracetamol 500mg (N02BE),2015-06-24,24
Paracetamol 500mg (N02BE),2015-06-25,24
Paracetamol 500mg (N02BE),2015-06-26,29
Paracetamol 500mg (N02BE),2015-06-27,36
Paracetamol 500mg (N02BE),2015-06-28,12
Paracetamol 500mg (N02BE),2015-06-29,22
Paracetamol 500mg (N02BE),2015-06-30,35
Paracetamol 500mg (N02BE),2015-07-01,18
Paracetamol 500mg (N02BE),2015-07-02,23
Paracetamol 500mg (N02BE),2015-07-03,24
Paracetamol 500mg (N02BE),2015-07-04,15
Paracetamol 500mg (N02BE),2015-07-05,14
Paracetamol 500mg (N02BE),2015-07-06,20
Paracetamol 500mg (N02BE),2015-07-07,20
Paracetamol 500mg (N02BE),2015-07-08,19
Paracetamol 500mg (N02BE),2015-07-09,33
Paracetamol 500mg (N02BE),2015-07-10,37
Paracetamol 500mg (N02BE),2015-07-11,45
Paracetamol 500mg (N02BE),2015-07-12,25
Paracetamol 500mg (N02BE),2015-07-13,23
Paracetamol 500mg (N02BE),2015-07-14,14
Paracetamol 500mg (N02BE),2015-07-15,20
Paracetamol 500mg (N02BE),2015-07-16,18
Paracetamol 500mg (N02BE),2015-07-17,28
Paracetamol 500mg (N02BE),2015-07-18,25
Paracetamol 500mg (N02BE),2015-07-19,15
Paracetamol 500mg (N02BE),2015-07-20,41
Paracetamol 500mg (N02BE),2015-07-21,14
Paracetamol 500mg (N02BE),2015-07-22,22
Paracetamol 500mg (N02BE),2015-07-23,14
Paracetamol 500mg (N02BE),2015-07-24,30
Paracetamol 500mg (N02BE),2015-07-25,22
Paracetamol 500mg (N02BE),2015-07-26,29
Paracetamol 500mg (N02BE),2015-07-27,24
Paracetamol 500mg (N02BE),2015-07-28,15
Paracetamol 500mg (N02BE),2015-07-29,21
Paracetamol 500mg (N02BE),2015-07-30,16
Paracetamol 500mg (N02BE),2015-07-31,24
Paracetamol 500mg (N02BE),2015-08-01,19
Paracetamol 500mg (N02BE),2015-08-02,15
Paracetamol 500mg (N02BE),2015-08-03,23
Paracetamol 500mg (N02BE),2015-08-04,23
Paracetamol 500mg (N02BE),2015-08-05,22
Paracetamol 500mg (N02BE),2015-08-06,35
Paracetamol 500mg (N02BE),2015-08-07,22
Paracetamol 500mg (N02BE),2015-08-08,22
Paracetamol 500mg (N02BE),2015-08-09,21
Paracetamol 500mg (N02BE),2015-08-10,29
Paracetamol 500mg (N02BE),2015-08-11,18
Paracetamol 500mg (N02BE),2015-08-12,28
Paracetamol 500mg (N02BE),2015-08-13,23
Paracetamol 500mg (N02BE),2015-08-14,17
Paracetamol 500mg (N02BE),2015-08-15,35
Paracetamol 500mg (N02BE),2015-08-16,19
Paracetamol 500mg (N02BE),2015-08-17,33
Paracetamol 500mg (N02BE),2015-08-18,24
Paracetamol 500mg (N02BE),2015-08-19,28
Paracetamol 500mg (N02BE),2015-08-20,19
Paracetamol 500mg (N02BE),2015-08-21,34
Paracetamol 500mg (N02BE),2015-08-22,28
Paracetamol 500mg (N02BE),2015-08-23,28
Paracetamol 500mg (N02BE),2015-08-24,45
Paracetamol 500mg (N02BE),2015-08-25,24
Paracetamol 500mg (N02BE),2015-08-26,27
Paracetamol 500mg (N02BE),2015-08-27,32
Paracetamol 500mg (N02BE),2015-08-28,15
Paracetamol 500mg (N02BE),2015-08-29,23
Paracetamol 500mg (N02BE),2015-08-30,21
Paracetamol 500mg (N02BE),2015-08-31,38
Paracetamol 500mg (N02BE),2015-09-01,28
Paracetamol 500mg (N02BE),2015-09-02,31
Paracetamol 500mg (N02BE),2015-09-03,19
Paracetamol 500mg (N02BE),2015-09-04,20
Paracetamol 500mg (N02BE),2015-09-05,20
Paracetamol 500mg (N02BE),2015-09-06,24
Paracetamol 500mg (N02BE),2015-09-07,33
Paracetamol 500mg (N02BE),2015-09-08,29
Paracetamol 500mg (N02BE),2015-09-09,35
Paracetamol 500mg (N02BE),2015-09-10,21
Paracetamol 500mg (N02BE),2015-09-11,30
Paracetamol 500mg (N02BE),2015-09-12,63
Paracetamol 500mg (N02BE),2015-09-13,25
Paracetamol 500mg (N02BE),2015-09-14,31
Paracetamol 500mg (N02BE),2015-09-15,24
Paracetamol 500mg (N02BE),2015-09-16,17
Paracetamol 500mg (N02BE),2015-09-17,36
Paracetamol 500mg (N02BE),2015-09-18,16
Paracetamol 500mg (N02BE),2015-09-19,37
Paracetamol 500mg (N02BE),2015-09-20,29
Paracetamol 500mg (N02BE),2015-09-21,47
Paracetamol 500mg (N02BE),2015-09-22,20
Paracetamol 500mg (N02BE),2015-09-23,35
Paracetamol 500mg (N02BE),2015-09-24,38
Paracetamol 500mg (N02BE),2015-09-25,25
Paracetamol 500mg (N02BE),2015-09-26,33
Paracetamol 500mg (N02BE),2015-09-27,10
Paracetamol 500mg (N02BE),2015-09-28,15
Paracetamol 500mg (N02BE),2015-09-29,40
Paracetamol 500mg (N02BE),2015-09-30,22
Paracetamol 500mg (N02BE),2015-10-01,35
Paracetamol 500mg (N02BE),2015-10-02,37
Paracetamol 500mg (N02BE),2015-10-03,37
Paracetamol 500mg (N02BE),2015-10-04,59
Paracetamol 500mg (N02BE),2015-10-05,71
Paracetamol 500mg (N02BE),2015-10-06,43
Paracetamol 500mg (N02BE),2015-10-07,44
Paracetamol 500mg (N02BE),2015-10-08,31
Paracetamol 500mg (N02BE),2015-10-09,28
Paracetamol 500mg (N02BE),2015-10-10,46
Paracetamol 500mg (N02BE),2015-10-11,70
Paracetamol 500mg (N02BE),2015-10-12,69
Paracetamol 500mg (N02BE),2015-10-13,64
Paracetamol 500mg (N02BE),2015-10-14,39
Paracetamol 500mg (N02BE),2015-10-15,65
Paracetamol 500mg (N02BE),2015-10-16,57
Paracetamol 500mg (N02BE),2015-10-17,74
Paracetamol 500mg (N02BE),2015-10-18,56
Paracetamol 500mg (N02BE),2015-10-19,63
Paracetamol 500mg (N02BE),2015-10-20,45
Paracetamol 500mg (N02BE),2015-10-21,37
Paracetamol 500mg (N02BE),2015-10-22,35
Paracetamol 500mg (N02BE),2015-10-23,41
Paracetamol 500mg (N02BE),2015-10-24,67
Paracetamol 500mg (N02BE),2015-10-25,65
Paracetamol 500mg (N02BE),2015-10-26,53
Paracetamol 500mg (N02BE),2015-10-27,64
Paracetamol 500mg (N02BE),2015-10-28,33
Paracetamol 500mg (N02BE),2015-10-29,38
Paracetamol 500mg (N02BE),2015-10-30,50
Paracetamol 500mg (N02BE),2015-10-31,58
Paracetamol 500mg (N02BE),2015-11-01,80
Paracetamol 500mg (N02BE),2015-11-02,46
Paracetamol 500mg (N02BE),2015-11-03,42
Paracetamol 500mg (N02BE),2015-11-04,60
Paracetamol 500mg (N02BE),2015-11-05,45
Paracetamol 500mg (N02BE),2015-11-06,31
Paracetamol 500mg (N02BE),2015-11-07,70
Paracetamol 500mg (N02BE),2015-11-08,49
Paracetamol 500mg (N02BE),2015-11-09,41
Paracetamol 500mg (N02BE),2015-11-10,41
Paracetamol 500mg (N02BE),2015-11-11,60
Paracetamol 500mg (N02BE),2015-11-12,24
Paracetamol 500mg (N02BE),2015-11-13,22
Paracetamol 500mg (N02BE),2015-11-14,19
Paracetamol 500mg (N02BE),2015-11-15,42
Paracetamol 500mg (N02BE),2015-11-16,50
Paracetamol 500mg (N02BE),2015-11-17,60
Paracetamol 500mg (N02BE),2015-11-18,24
Paracetamol 500mg (N02BE),2015-11-19,26
Paracetamol 500mg (N02BE),2015-11-20,26
Paracetamol 500mg (N02BE),2015-11-21,46
Paracetamol 500mg (N02BE),2015-11-22,41
Paracetamol 500mg (N02BE),2015-11-23,69
Paracetamol 500mg (N02BE),2015-11-24,20
Paracetamol 500mg (N02BE),2015-11-25,29
Paracetamol 500mg (N02BE),2015-11-26,26
Paracetamol 500mg (N02BE),2015-11-27,21
Paracetamol 500mg (N02BE),2015-11-28,47
Paracetamol 500mg (N02BE),2015-11-29,42
Paracetamol 500mg (N02BE),2015-11-30,35
Paracetamol 500mg (N02BE),2015-12-01,24
Paracetamol 500mg (N02BE),2015-12-02,42
Paracetamol 500mg (N02BE),2015-12-03,56
Paracetamol 500mg (N02BE),2015-12-04,26
Paracetamol 500mg (N02BE),2015-12-05,35
Paracetamol 500mg (N02BE),2015-12-06,60
Paracetamol 500mg (N02BE),2015-12-07,26
Paracetamol 500mg (N02BE),2015-12-08,41
Paracetamol 500mg (N02BE),2015-12-09,41
Paracetamol 500mg (N02BE),2015-12-10,32
Paracetamol 500mg (N02BE),2015-12-11,23
Paracetamol 500mg (N02BE),2015-12-12,42
Paracetamol 500mg (N02BE),2015-12-13,29
Paracetamol 500mg (N02BE),2015-12-14,37
Paracetamol 500mg (N02BE),2015-12-15,42
Paracetamol 500mg (N02BE),2015-12-16,42
Paracetamol 500mg (N02BE),2015-12-17,25
Paracetamol 500mg (N02BE),2015-12-18,27
Paracetamol 500mg (N02BE),2015-12-20,43
Paracetamol 500mg (N02BE),2015-12-21,54
Paracetamol 500mg (N02BE),2015-12-22,48
Paracetamol 500mg (N02BE),2015-12-23,29
Paracetamol 500mg (N02BE),2015-12-24,28
Paracetamol 500mg (N02BE),2015-12-25,21
Paracetamol 500mg (N02BE),2015-12-26,87
Paracetamol 500mg (N02BE),2015-12-27,64
Paracetamol 500mg (N02BE),2015-12-28,62
Paracetamol 500mg (N02BE),2015-12-29,72
Paracetamol 500mg (N02BE),2015-12-30,56
Paracetamol 500mg (N02BE),2015-12-31,44
Paracetamol 500mg (N02BE),2016-01-02,51
Paracetamol 500mg (N02BE),2016-01-03,56
Paracetamol 500mg (N02BE),2016-01-04,47
Paracetamol 500mg (N02BE),2016-01-05,39
Paracetamol 500mg (N02BE),2016-01-06,62
Paracetamol 500mg (N02BE),2016-01-08,39
Paracetamol 500mg (N02BE),2016-01-09,88
Paracetamol 500mg (N02BE),2016-01-10,68
Paracetamol 500mg (N02BE),2016-01-11,65
Paracetamol 500mg (N02BE),2016-01-12,61
Paracetamol 500mg (N02BE),2016-01-13,42
Paracetamol 500mg (N02BE),2016-01-14,69
Paracetamol 500mg (N02BE),2016-01-15,18
Paracetamol 500mg (N02BE),2016-01-16,64
Paracetamol 500mg (N02BE),2016-01-17,47
Paracetamol 500mg (N02BE),2016-01-18,63
Paracetamol 500mg (N02BE),2016-01-19,50
Paracetamol 500mg (N02BE),2016-01-20,15
Paracetamol 500mg (N02BE),2016-01-21,68
Paracetamol 500mg (N02BE),2016-01-22,40
Paracetamol 500mg (N02BE),2016-01-23,37
Paracetamol 500mg (N02BE),2016-01-24,48
Paracetamol 500mg (N02BE),2016-01-25,47
Paracetamol 500mg (N02BE),2016-01-26,30
Paracetamol 500mg (N02BE),2016-01-27,30
Paracetamol 500mg (N02BE),2016-01-28,33
Paracetamol 500mg (N02BE),2016-01-29,74
Paracetamol 500mg (N02BE),2016-01-30,47
Paracetamol 500mg (N02BE),2016-01-31,79
Paracetamol 500mg (N02BE),2016-02-01,18
Paracetamol 500mg (N02BE),2016-02-02,39
Paracetamol 500mg (N02BE),2016-02-03,39
Paracetamol 500mg (N02BE),2016-02-04,29
Paracetamol 500mg (N02BE),2016-02-05,52
Paracetamol 500mg (N02BE),2016-02-06,57
Paracetamol 500mg (N02BE),2016-02-07,88
Paracetamol 500mg (N02BE),2016-02-08,28
Paracetamol 500mg (N02BE),2016-02-09,48
Paracetamol 500mg (N02BE),2016-02-10,34
Paracetamol 500mg (N02BE),2016-02-11,38
Paracetamol 500mg (N02BE),2016-02-12,61
Paracetamol 500mg (N02BE),2016-02-13,42
Paracetamol 500mg (N02BE),2016-02-14,44
Paracetamol 500mg (N02BE),2016-02-15,52
Paracetamol 500mg (N02BE),2016-02-16,29
Paracetamol 500mg (N02BE),2016-02-17,27
Paracetamol 500mg (N02BE),2016-02-18,44
Paracetamol 500mg (N02BE),2016-02-19,29
Paracetamol 500mg (N02BE),2016-02-20,37
Paracetamol 500mg (N02BE),2016-02-21,56
Paracetamol 500mg (N02BE),2016-02-22,51
Paracetamol 500mg (N02BE),2016-02-23,41
Paracetamol 500mg (N02BE),2016-02-24,35
Paracetamol 500mg (N02BE),2016-02-25,41
Paracetamol 500mg (N02BE),2016-02-26,29
Paracetamol 500mg (N02BE),2016-02-27,26
Paracetamol 500mg (N02BE),2016-02-28,66
Paracetamol 500mg (N02BE),2016-02-29,46
Paracetamol 500mg (N02BE),2016-03-01,31
Paracetamol 500mg (N02BE),2016-03-02,21
Paracetamol 500mg (N02BE),2016-03-03,56
Paracetamol 500mg (N02BE),2016-03-04,27
Paracetamol 500mg (N02BE),2016-03-05,38
Paracetamol 500mg (N02BE),2016-03-06,80
Paracetamol 500mg (N02BE),2016-03-07,44
Paracetamol 500mg (N02BE),2016-03-08,44
Paracetamol 500mg (N02BE),2016-03-09,22
Paracetamol 500mg (N02BE),2016-03-10,23
Paracetamol 500mg (N02BE),2016-03-11,22
Paracetamol 500mg (N02BE),2016-03-12,42
Paracetamol 500mg (N02BE),2016-03-13,59
Paracetamol 500mg (N02BE),2016-03-14,36
Paracetamol 500mg (N02BE),2016-03-15,24
Paracetamol 500mg (N02BE),2016-03-16,37
Paracetamol 500mg (N02BE),2016-03-17,60
Paracetamol 500mg (N02BE),2016-03-18,25
Paracetamol 500mg (N02BE),2016-03-19,20
Paracetamol 500mg (N02BE),2016-03-20,42
Paracetamol 500mg (N02BE),2016-03-21,46
Paracetamol 500mg (N02BE),2016-03-22,42
Paracetamol 500mg (N02BE),2016-03-23,24
Paracetamol 500mg (N02BE),2016-03-24,32
Paracetamol 500mg (N02BE),2016-03-25,43
Paracetamol 500mg (N02BE),2016-03-26,33
Paracetamol 500mg (N02BE),2016-03-27,63
Paracetamol 500mg (N02BE),2016-03-28,25
Paracetamol 500mg (N02BE),2016-03-29,36
Paracetamol 500mg (N02BE),2016-03-30,22
Paracetamol 500mg (N02BE),2016-03-31,31
Paracetamol 500mg (N02BE),2016-04-01,50
Paracetamol 500mg (N02BE),2016-04-02,32
Paracetamol 500mg (N02BE),2016-04-03,74
Paracetamol 500mg (N02BE),2016-04-04,22
Paracetamol 500mg (N02BE),2016-04-05,40
Paracetamol 500mg (N02BE),2016-04-06,15
Paracetamol 500mg (N02BE),2016-04-07,21
Paracetamol 500mg (N02BE),2016-04-08,42
Paracetamol 500mg (N02BE),2016-04-09,39
Paracetamol 500mg (N02BE),2016-04-10,21
Paracetamol 500mg (N02BE),2016-04-11,26
Paracetamol 500mg (N02BE),2016-04-12,42
Paracetamol 500mg (N02BE),2016-04-13,34
Paracetamol 500mg (N02BE),2016-04-14,44
Paracetamol 500mg (N02BE),2016-04-15,24
Paracetamol 500mg (N02BE),2016-04-16,33
Paracetamol 500mg (N02BE),2016-04-17,53
Paracetamol 500mg (N02BE),2016-04-18,22
Paracetamol 500mg (N02BE),2016-04-19,24
Paracetamol 500mg (N02BE),2016-04-20,17
Paracetamol 500mg (N02BE),2016-04-21,22
Paracetamol 500mg (N02BE),2016-04-22,22
Paracetamol 500mg (N02BE),2016-04-23,33
Paracetamol 500mg (N02BE),2016-04-24,37
Paracetamol 500mg (N02BE),2016-04-25,22
Paracetamol 500mg (N02BE),2016-04-26,27
Paracetamol 500mg (N02BE),2016-04-27,47
Paracetamol 500mg (N02BE),2016-04-28,28
Paracetamol 500mg (N02BE),2016-04-29,37
Paracetamol 500mg (N02BE),2016-04-30,48
Paracetamol 500mg (N02BE),2016-05-02,39
Paracetamol 500mg (N02BE),2016-05-03,24
Paracetamol 500mg (N02BE),2016-05-04,32
Paracetamol 500mg (N02BE),2016-05-05,41
Paracetamol 500mg (N02BE),2016-05-06,34
Paracetamol 500mg (N02BE),2016-05-07,47
Paracetamol 500mg (N02BE),2016-05-08,40
Paracetamol 500mg (N02BE),2016-05-09,29
Paracetamol 500mg (N02BE),2016-05-10,28
Paracetamol 500mg (N02BE),2016-05-11,23
Paracetamol 500mg (N02BE),2016-05-12,28
Paracetamol 500mg (N02BE),2016-05-13,37
Paracetamol 500mg (N02BE),2016-05-14,31
Paracetamol 500mg (N02BE),2016-05-15,44
Paracetamol 500mg (N02BE),2016-05-16,24
Paracetamol 500mg (N02BE),2016-05-17,38
Paracetamol 500mg (N02BE),2016-05-18,35
Paracetamol 500mg (N02BE),2016-05-19,30
Paracetamol 500mg (N02BE),2016-05-20,14
Paracetamol 500mg (N02BE),2016-05-21,42
Paracetamol 500mg (N02BE),2016-05-22,56
Paracetamol 500mg (N02BE),2016-05-23,55
Paracetamol 500mg (N02BE),2016-05-24,32
Paracetamol 500mg (N02BE),2016-05-25,25
Paracetamol 500mg (N02BE),2016-05-26,25
Paracetamol 500mg (N02BE),2016-05-27,17
Paracetamol 500mg (N02BE),2016-05-28,43
Paracetamol 500mg (N02BE),2016-05-29,32
Paracetamol 500mg (N02BE),2016-05-30,29
Paracetamol 500mg (N02BE),2016-05-31,21
Paracetamol 500mg (N02BE),2016-06-01,20
Paracetamol 500mg (N02BE),2016-06-02,21
Paracetamol 500mg (N02BE),2016-06-03,18
Paracetamol 500mg (N02BE),2016-06-04,21
Paracetamol 500mg (N02BE),2016-06-05,23
Paracetamol 500mg (N02BE),2016-06-06,26
Paracetamol 500mg (N02BE),2016-06-07,28
Paracetamol 500mg (N02BE),2016-06-08,45
Paracetamol 500mg (N02BE),2016-06-09,21
Paracetamol 500mg (N02BE),2016-06-10,26
Paracetamol 500mg (N02BE),2016-06-11,36
Paracetamol 500mg (N02BE),2016-06-12,47
Paracetamol 500mg (N02BE),2016-06-13,15
Paracetamol 500mg (N02BE),2016-06-14,17
Paracetamol 500mg (N02BE),2016-06-15,35
Paracetamol 500mg (N02BE),2016-06-16,20
Paracetamol 500mg (N02BE),2016-06-17,20
Paracetamol 500mg (N02BE),2016-06-18,38
Paracetamol 500mg (N02BE),2016-06-19,40
Paracetamol 500mg (N02BE),2016-06-20,22
Paracetamol 500mg (N02BE),2016-06-21,23
Paracetamol 500mg (N02BE),2016-06-22,42
Paracetamol 500mg (N02BE),2016-06-23,19
Paracetamol 500mg (N02BE),2016-06-24,19
Paracetamol 500mg (N02BE),2016-06-25,20
Paracetamol 500mg (N02BE),2016-06-26,17
Paracetamol 500mg (N02BE),2016-06-27,24
Paracetamol 500mg (N02BE),2016-06-28,24
Paracetamol 500mg (N02BE),2016-06-29,22
Paracetamol 500mg (N02BE),2016-06-30,9
Paracetamol 500mg (N02BE),2016-07-01,24
Paracetamol 500mg (N02BE),2016-07-02,25
Paracetamol 500mg (N02BE),2016-07-03,19
Paracetamol 500mg (N02BE),2016-07-04,14
Paracetamol 500mg (N02BE),2016-07-05,19
Paracetamol 500mg (N02BE),2016-07-06,30
Paracetamol 500mg (N02BE),2016-07-07,21
Paracetamol 500mg (N02BE),2016-07-08,28
Paracetamol 500mg (N02BE),2016-07-09,11
Paracetamol 500mg (N02BE),2016-07-10,29
Paracetamol 500mg (N02BE),2016-07-11,19
Paracetamol 500mg (N02BE),2016-07-12,27
Paracetamol 500mg (N02BE),2016-07-13,26
Paracetamol 500mg (N02BE),2016-07-14,12
Paracetamol 500mg (N02BE),2016-07-15,15
Paracetamol 500mg (N02BE),2016-07-16,23
Paracetamol 500mg (N02BE),2016-07-17,27
Paracetamol 500mg (N02BE),2016-07-18,25
Paracetamol 500mg (N02BE),2016-07-19,19
Paracetamol 500mg (N02BE),2016-07-20,25
Paracetamol 500mg (N02BE),2016-07-21,17
Paracetamol 500mg (N02BE),2016-07-22,14
Paracetamol 500mg (N02BE),2016-07-23,15
Paracetamol 500mg (N02BE),2016-07-24,32
Paracetamol 500mg (N02BE),2016-07-25,22
Paracetamol 500mg (N02BE),2016-07-26,10
Paracetamol 500mg (N02BE),2016-07-27,10
Paracetamol 500mg (N02BE),2016-07-28,22
Paracetamol 500mg (N02BE),2016-07-29,11
Paracetamol 500mg (N02BE),2016-07-30,37
Paracetamol 500mg (N02BE),2016-07-31,22
Paracetamol 500mg (N02BE),2016-08-01,14
Paracetamol 500mg (N02BE),2016-08-02,12
Paracetamol 500mg (N02BE),2016-08-03,21
Paracetamol 500mg (N02BE),2016-08-04,34
Paracetamol 500mg (N02BE),2016-08-05,21
Paracetamol 500mg (N02BE),2016-08-06,20
Paracetamol 500mg (N02BE),2016-08-07,40
Paracetamol 500mg (N02BE),2016-08-08,15
Paracetamol 500mg (N02BE),2016-08-09,29
Paracetamol 500mg (N02BE),2016-08-10,24
Paracetamol 500mg (N02BE),2016-08-11,25
Paracetamol 500mg (N02BE),2016-08-12,28
Paracetamol 500mg (N02BE),2016-08-13,32
Paracetamol 500mg (N02BE),2016-08-14,18
Paracetamol 500mg (N02BE),2016-08-15,21
Paracetamol 500mg (N02BE),2016-08-16,14
Paracetamol 500mg (N02BE),2016-08-17,10
Paracetamol 500mg (N02BE),2016-08-18,26
Paracetamol 500mg (N02BE),2016-08-19,27
Paracetamol 500mg (N02BE),2016-08-20,26
Paracetamol 500mg (N02BE),2016-08-21,39
Paracetamol 500mg (N02BE),2016-08-22,23
Paracetamol 500mg (N02BE),2016-08-23,15
Paracetamol 500mg (N02BE),2016-08-24,11
Paracetamol 500mg (N02BE),2016-08-25,19
Paracetamol 500mg (N02BE),2016-08-26,21
Paracetamol 500mg (N02BE),2016-08-27,18
Paracetamol 500mg (N02BE),2016-08-28,37
Paracetamol 500mg (N02BE),2016-08-29,14
Paracetamol 500mg (N02BE),2016-08-30,9
Paracetamol 500mg (N02BE),2016-08-31,23
Paracetamol 500mg (N02BE),2016-09-01,31
Paracetamol 500mg (N02BE),2016-09-02,10
Paracetamol 500mg (N02BE),2016-09-03,54
Paracetamol 500mg (N02BE),2016-09-04,31
Paracetamol 500mg (N02BE),2016-09-05,34
Paracetamol 500mg (N02BE),2016-09-06,33
Paracetamol 500mg (N02BE),2016-09-07,38
Paracetamol 500mg (N02BE),2016-09-08,33
Paracetamol 500mg (N02BE),2016-09-09,26
Paracetamol 500mg (N02BE),2016-09-10,34
Paracetamol 500mg (N02BE),2016-09-11,57
Paracetamol 500mg (N02BE),2016-09-12,24
Paracetamol 500mg (N02BE),2016-09-13,32
Paracetamol 500mg (N02BE),2016-09-14,24
Paracetamol 500mg (N02BE),2016-09-15,38
Paracetamol 500mg (N02BE),2016-09-16,26
Paracetamol 500mg (N02BE),2016-09-17,56
Paracetamol 500mg (N02BE),2016-09-18,24
Paracetamol 500mg (N02BE),2016-09-19,31
Paracetamol 500mg (N02BE),2016-09-20,33
Paracetamol 500mg (N02BE),2016-09-21,20
Paracetamol 500mg (N02BE),2016-09-22,29
Paracetamol 500mg (N02BE),2016-09-23,28
Paracetamol 500mg (N02BE),2016-09-24,61
Paracetamol 500mg (N02BE),2016-09-25,61
Paracetamol 500mg (N02BE),2016-09-26,58
Paracetamol 500mg (N02BE),2016-09-27,52
Paracetamol 500mg (N02BE),2016-09-28,64
Paracetamol 500mg (N02BE),2016-09-29,51
Paracetamol 500mg (N02BE),2016-09-30,23
Paracetamol 500mg (N02BE),2016-10-01,54
Paracetamol 500mg (N02BE),2016-10-02,80
Paracetamol 500mg (N02BE),2016-10-03,60
Paracetamol 500mg (N02BE),2016-10-04,48
Paracetamol 500mg (N02BE),2016-10-05,78
Paracetamol 500mg (N02BE),2016-10-06,44
Paracetamol 500mg (N02BE),2016-10-07,48
Paracetamol 500mg (N02BE),2016-10-08,53
Paracetamol 500mg (N02BE),2016-10-09,88
Paracetamol 500mg (N02BE),2016-10-10,32
Paracetamol 500mg (N02BE),2016-10-11,53
Paracetamol 500mg (N02BE),2016-10-12,46
Paracetamol 500mg (N02BE),2016-10-13,42
Paracetamol 500mg (N02BE),2016-10-14,39
Paracetamol 500mg (N02BE),2016-10-15,47
Paracetamol 500mg (N02BE),2016-10-16,89
Paracetamol 500mg (N02BE),2016-10-17,51
Paracetamol 500mg (N02BE),2016-10-18,42
Paracetamol 500mg (N02BE),2016-10-19,27
Paracetamol 500mg (N02BE),2016-10-20,52
Paracetamol 500mg (N02BE),2016-10-21,41
Paracetamol 500mg (N02BE),2016-10-22,30
Paracetamol 500mg (N02BE),2016-10-23,51
Paracetamol 500mg (N02BE),2016-10-24,37
Paracetamol 500mg (N02BE),2016-10-25,62
Paracetamol 500mg (N02BE),2016-10-26,28
Paracetamol 500mg (N02BE),2016-10-27,32
Paracetamol 500mg (N02BE),2016-10-28,34
Paracetamol 500mg (N02BE),2016-10-29,78
Paracetamol 500mg (N02BE),2016-10-30,73
Paracetamol 500mg (N02BE),2016-10-31,44
Paracetamol 500mg (N02BE),2016-11-01,26
Paracetamol 500mg (N02BE),2016-11-02,42
Paracetamol 500mg (N02BE),2016-11-03,42
Paracetamol 500mg (N02BE),2016-11-04,24
Paracetamol 500mg (N02BE),2016-11-05,35
Paracetamol 500mg (N02BE),2016-11-06,42
Paracetamol 500mg (N02BE),2016-11-07,35
Paracetamol 500mg (N02BE),2016-11-08,20
Paracetamol 500mg (N02BE),2016-11-09,25
Paracetamol 500mg (N02BE),2016-11-10,31
Paracetamol 500mg (N02BE),2016-11-11,33
Paracetamol 500mg (N02BE),2016-11-12,56
Paracetamol 500mg (N02BE),2016-11-13,60
Paracetamol 500mg (N02BE),2016-11-14,50
Paracetamol 500mg (N02BE),2016-11-15,30
Paracetamol 500mg (N02BE),2016-11-16,39
Paracetamol 500mg (N02BE),2016-11-17,41
Paracetamol 500mg (N02BE),2016-11-18,31
Paracetamol 500mg (N02BE),2016-11-19,35
Paracetamol 500mg (N02BE),2016-11-20,26
Paracetamol 500mg (N02BE),2016-11-21,30
Paracetamol 500mg (N02BE),2016-11-22,23
Paracetamol 500mg (N02BE),2016-11-23,44
Paracetamol 500mg (N02BE),2016-11-24,28
Paracetamol 500mg (N02BE),2016-11-25,21
Paracetamol 500mg (N02BE),2016-11-26,36
Paracetamol 500mg (N02BE),2016-11-27,61
Paracetamol 500mg (N02BE),2016-11-28,23
Paracetamol 500mg (N02BE),2016-11-29,46
Paracetamol 500mg (N02BE),2016-11-30,25
Paracetamol 500mg (N02BE),2016-12-01,56
Paracetamol 500mg (N02BE),2016-12-02,43
Paracetamol 500mg (N02BE),2016-12-03,43
Paracetamol 500mg (N02BE),2016-12-04,67
Paracetamol 500mg (N02BE),2016-12-05,23
Paracetamol 500mg (N02BE),2016-12-06,27
Paracetamol 500mg (N02BE),2016-12-07,47
Paracetamol 500mg (N02BE),2016-12-08,36
Paracetamol 500mg (N02BE),2016-12-09,35
Paracetamol 500mg (N02BE),2016-12-10,45
Paracetamol 500mg (N02BE),2016-12-11,62
Paracetamol 500mg (N02BE),2016-12-12,44
Paracetamol 500mg (N02BE),2016-12-13,44
Paracetamol 500mg (N02BE),2016-12-14,32
Paracetamol 500mg (N02BE),2016-12-15,23
Paracetamol 500mg (N02BE),2016-12-16,40
Paracetamol 500mg (N02BE),2016-12-17,60
Paracetamol 500mg (N02BE),2016-12-18,61
Paracetamol 500mg (N02BE),2016-12-20,46
Paracetamol 500mg (N02BE),2016-12-21,37
Paracetamol 500mg (N02BE),2016-12-22,38
Paracetamol 500mg (N02BE),2016-12-23,32
Paracetamol 500mg (N02BE),2016-12-24,82
Paracetamol 500mg (N02BE),2016-12-25,80
Paracetamol 500mg (N02BE),2016-12-26,59
Paracetamol 500mg (N02BE),2016-12-27,54
Paracetamol 500mg (N02BE),2016-12-28,57
Paracetamol 500mg (N02BE),2016-12-29,81
Paracetamol 500mg (N02BE),2016-12-30,161
Paracetamol 500mg (N02BE),2016-12-31,109
Paracetamol 500mg (N02BE),2017-01-01,26
Paracetamol 500mg (N02BE),2017-01-02,32
Paracetamol 500mg (N02BE),2017-01-03,67
Paracetamol 500mg (N02BE),2017-01-04,57
Paracetamol 500mg (N02BE),2017-01-05,62
Paracetamol 500mg (N02BE),2017-01-06,66
Paracetamol 500mg (N02BE),2017-01-07,35
Paracetamol 500mg (N02BE),2017-01-08,25
Paracetamol 500mg (N02BE),2017-01-09,56
Paracetamol 500mg (N02BE),2017-01-10,54
Paracetamol 500mg (N02BE),2017-01-11,51
Paracetamol 500mg (N02BE),2017-01-12,66
Paracetamol 500mg (N02BE),2017-01-13,54
Paracetamol 500mg (N02BE),2017-01-14,48
Paracetamol 500mg (N02BE),2017-01-15,39
Paracetamol 500mg (N02BE),2017-01-16,64
Paracetamol 500mg (N02BE),2017-01-17,48
Paracetamol 500mg (N02BE),2017-01-18,46
Paracetamol 500mg (N02BE),2017-01-19,38
Paracetamol 500mg (N02BE),2017-01-20,38
Paracetamol 500mg (N02BE),2017-01-21,50
Paracetamol 500mg (N02BE),2017-01-22,37
Paracetamol 500mg (N02BE),2017-01-23,42
Paracetamol 500mg (N02BE),2017-01-24,40
Paracetamol 500mg (N02BE),2017-01-25,51
Paracetamol 500mg (N02BE),2017-01-26,37
Paracetamol 500mg (N02BE),2017-01-27,43
Paracetamol 500mg (N02BE),2017-01-28,32
Paracetamol 500mg (N02BE),2017-01-29,54
Paracetamol 500mg (N02BE),2017-01-30,36
Paracetamol 500mg (N02BE),2017-01-31,47
Paracetamol 500mg (N02BE),2017-02-01,32
Paracetamol 500mg (N02BE),2017-02-02,42
Paracetamol 500mg (N02BE),2017-02-03,43
Paracetamol 500mg (N02BE),2017-02-04,28
Paracetamol 500mg (N02BE),2017-02-05,39
Paracetamol 500mg (N02BE),2017-02-06,13
Paracetamol 500mg (N02BE),2017-02-07,14
Paracetamol 500mg (N02BE),2017-02-08,36
Paracetamol 500mg (N02BE),2017-02-09,20
Paracetamol 500mg (N02BE),2017-02-10,23
Paracetamol 500mg (N02BE),2017-02-11,12
Paracetamol 500mg (N02BE),2017-02-12,27
Paracetamol 500mg (N02BE),2017-02-14,22
Paracetamol 500mg (N02BE),2017-02-15,19
Paracetamol 500mg (N02BE),2017-02-16,32
Paracetamol 500mg (N02BE),2017-02-17,12
Paracetamol 500mg (N02BE),2017-02-18,30
Paracetamol 500mg (N02BE),2017-02-19,13
Paracetamol 500mg (N02BE),2017-02-20,33
Paracetamol 500mg (N02BE),2017-02-21,23
Paracetamol 500mg (N02BE),2017-02-22,21
Paracetamol 500mg (N02BE),2017-02-23,24
Paracetamol 500mg (N02BE),2017-02-24,30
Paracetamol 500mg (N02BE),2017-02-25,24
Paracetamol 500mg (N02BE),2017-02-26,16
Paracetamol 500mg (N02BE),2017-02-27,16
Paracetamol 500mg (N02BE),2017-02-28,26
Paracetamol 500mg (N02BE),2017-03-01,15
Paracetamol 500mg (N02BE),2017-03-02,13
Paracetamol 500mg (N02BE),2017-03-03,13
Paracetamol 500mg (N02BE),2017-03-04,17
Paracetamol 500mg (N02BE),2017-03-05,34
Paracetamol 500mg (N02BE),2017-03-06,20
Paracetamol 500mg (N02BE),2017-03-07,15
Paracetamol 500mg (N02BE),2017-03-08,15
Paracetamol 500mg (N02BE),2017-03-09,27
Paracetamol 500mg (N02BE),2017-03-10,26
Paracetamol 500mg (N02BE),2017-03-11,20
Paracetamol 500mg (N02BE),2017-03-12,48
Paracetamol 500mg (N02BE),2017-03-13,18
Paracetamol 500mg (N02BE),2017-03-14,15
Paracetamol 500mg (N02BE),2017-03-15,15
Paracetamol 500mg (N02BE),2017-03-16,28
Paracetamol 500mg (N02BE),2017-03-17,11
Paracetamol 500mg (N02BE),2017-03-18,20
Paracetamol 500mg (N02BE),2017-03-19,39
Paracetamol 500mg (N02BE),2017-03-20,16
Paracetamol 500mg (N02BE),2017-03-21,13
Paracetamol 500mg (N02BE),2017-03-22,16
Paracetamol 500mg (N02BE),2017-03-23,13
Paracetamol 500mg (N02BE),2017-03-24,12
Paracetamol 500mg (N02BE),2017-03-25,33
Paracetamol 500mg (N02BE),2017-03-26,18
Paracetamol 500mg (N02BE),2017-03-27,15
Paracetamol 500mg (N02BE),2017-03-28,22
Paracetamol 500mg (N02BE),2017-03-29,13
Paracetamol 500mg (N02BE),2017-03-30,10
Paracetamol 500mg (N02BE),2017-03-31,22
Paracetamol 500mg (N02BE),2017-04-01,34
Paracetamol 500mg (N02BE),2017-04-02,23
Paracetamol 500mg (N02BE),2017-04-03,26
Paracetamol 500mg (N02BE),2017-04-04,8
Paracetamol 500mg (N02BE),2017-04-05,14
Paracetamol 500mg (N02BE),2017-04-06,11
Paracetamol 500mg (N02BE),2017-04-07,16
Paracetamol 500mg (N02BE),2017-04-08,23
Paracetamol 500mg (N02BE),2017-04-09,22
Paracetamol 500mg (N02BE),2017-04-10,28
Paracetamol 500mg (N02BE),2017-04-11,17
Paracetamol 500mg (N02BE),2017-04-12,11
Paracetamol 500mg (N02BE),2017-04-13,31
Paracetamol 500mg (N02BE),2017-04-14,13
Paracetamol 500mg (N02BE),2017-04-15,27
Paracetamol 500mg (N02BE),2017-04-17,18
Paracetamol 500mg (N02BE),2017-04-18,15
Paracetamol 500mg (N02BE),2017-04-19,14
Paracetamol 500mg (N02BE),2017-04-20,9
Paracetamol 500mg (N02BE),2017-04-21,29
Paracetamol 500mg (N02BE),2017-04-22,19
Paracetamol 500mg (N02BE),2017-04-23,26
Paracetamol 500mg (N02BE),2017-04-24,13
Paracetamol 500mg (N02BE),2017-04-25,24
Paracetamol 500mg (N02BE),2017-04-26,10
Paracetamol 500mg (N02BE),2017-04-27,11
Paracetamol 500mg (N02BE),2017-04-28,15
Paracetamol 500mg (N02BE),2017-04-29,15
Paracetamol 500mg (N02BE),2017-04-30,18
Paracetamol 500mg (N02BE),2017-05-01,1
Paracetamol 500mg (N02BE),2017-05-02,23
Paracetamol 500mg (N02BE),2017-05-03,18
Paracetamol 500mg (N02BE),2017-05-04,12
Paracetamol 500mg (N02BE),2017-05-05,7
Paracetamol 500mg (N02BE),2017-05-06,14
Paracetamol 500mg (N02BE),2017-05-07,18
Paracetamol 500mg (N02BE),2017-05-08,8
Paracetamol 500mg (N02BE),2017-05-09,11
Paracetamol 500mg (N02BE),2017-05-10,15
Paracetamol 500mg (N02BE),2017-05-11,16
Paracetamol 500mg (N02BE),2017-05-12,16
Paracetamol 500mg (N02BE),2017-05-13,12
Paracetamol 500mg (N02BE),2017-05-14,32
Paracetamol 500mg (N02BE),2017-05-15,17
Paracetamol 500mg (N02BE),2017-05-16,16
Paracetamol 500mg (N02BE),2017-05-17,9
Paracetamol 500mg (N02BE),2017-05-18,28
Paracetamol 500mg (N02BE),2017-05-19,32
Paracetamol 500mg (N02BE),2017-05-20,16
Paracetamol 500mg (N02BE),2017-05-21,32
Paracetamol 500mg (N02BE),2017-05-22,22
Paracetamol 500mg (N02BE),2017-05-23,11
Paracetamol 500mg (N02BE),2017-05-24,14
Paracetamol 500mg (N02BE),2017-05-25,18
Paracetamol 500mg (N02BE),2017-05-26,29
Paracetamol 500mg (N02BE),2017-05-27,23
Paracetamol 500mg (N02BE),2017-05-28,11
Paracetamol 500mg (N02BE),2017-05-29,28
Paracetamol 500mg (N02BE),2017-05-30,25
Paracetamol 500mg (N02BE),2017-05-31,12
Paracetamol 500mg (N02BE),2017-06-01,21
Paracetamol 500mg (N02BE),2017-06-02,17
Paracetamol 500mg (N02BE),2017-06-03,10
Paracetamol 500mg (N02BE),2017-06-04,23
Paracetamol 500mg (N02BE),2017-06-05,10
Paracetamol 500mg (N02BE),2017-06-06,18
Paracetamol 500mg (N02BE),2017-06-07,21
Paracetamol 500mg (N02BE),2017-06-08,21
Paracetamol 500mg (N02BE),2017-06-09,10
Paracetamol 500mg (N02BE),2017-06-10,15
Paracetamol 500mg (N02BE),2017-06-11,28
Paracetamol 500mg (N02BE),2017-06-12,14
Paracetamol 500mg (N02BE),2017-06-13,8
Paracetamol 500mg (N02BE),2017-06-14,9
Paracetamol 500mg (N02BE),2017-06-15,15
Paracetamol 500mg (N02BE),2017-06-16,12
Paracetamol 500mg (N02BE),2017-06-17,12
Paracetamol 500mg (N02BE),2017-06-18,27
Paracetamol 500mg (N02BE),2017-06-19,18
Paracetamol 500mg (N02BE),2017-06-20,12
Paracetamol 500mg (N02BE),2017-06-21,21
Paracetamol 500mg (N02BE),2017-06-22,7
Paracetamol 500mg (N02BE),2017-06-23,16
Paracetamol 500mg (N02BE),2017-06-24,32
Paracetamol 500mg (N02BE),2017-06-25,22
Paracetamol 500mg (N02BE),2017-06-26,10
Paracetamol 500mg (N02BE),2017-06-27,14
Paracetamol 500mg (N02BE),2017-06-28,18
Paracetamol 500mg (N02BE),2017-06-29,17
Paracetamol 500mg (N02BE),2017-06-30,18
Paracetamol 500mg (N02BE),2017-07-01,10
Paracetamol 500mg (N02BE),2017-07-02,9
Paracetamol 500mg (N02BE),2017-07-03,8
Paracetamol 500mg (N02BE),2017-07-04,18
Paracetamol 500mg (N02BE),2017-07-05,16
Paracetamol 500mg (N02BE),2017-07-06,21
Paracetamol 500mg (N02BE),2017-07-07,17
Paracetamol 500mg (N02BE),2017-07-08,16
Paracetamol 500mg (N02BE),2017-07-09,15
Paracetamol 500mg (N02BE),2017-07-10,12
Paracetamol 500mg (N02BE),2017-07-11,18
Paracetamol 500mg (N02BE),2017-07-12,15
Paracetamol 500mg (N02BE),2017-07-13,10
Paracetamol 500mg (N02BE),2017-07-14,16
Paracetamol 500mg (N02BE),2017-07-15,21
Paracetamol 500mg (N02BE),2017-07-16,19
Paracetamol 500mg (N02BE),2017-07-17,16
Paracetamol 500mg (N02BE),2017-07-18,14
Paracetamol 500mg (N02BE),2017-07-19,21
Paracetamol 500mg (N02BE),2017-07-20,18
Paracetamol 500mg (N02BE),2017-07-21,14
Paracetamol 500mg (N02BE),2017-07-22,22
Paracetamol 500mg (N02BE),2017-07-23,12
Paracetamol 500mg (N02BE),2017-07-24,15
Paracetamol 500mg (N02BE),2017-07-25,14
Paracetamol 500mg (N02BE),2017-07-26,15
Paracetamol 500mg (N02BE),2017-07-27,12
Paracetamol 500mg (N02BE),2017-07-28,17
Paracetamol 500mg (N02BE),2017-07-29,14
Paracetamol 500mg (N02BE),2017-07-30,13
Paracetamol 500mg (N02BE),2017-07-31,21
Paracetamol 500mg (N02BE),2017-08-01,16
Paracetamol 500mg (N02BE),2017-08-02,25
Paracetamol 500mg (N02BE),2017-08-03,10
Paracetamol 500mg (N02BE),2017-08-04,15
Paracetamol 500mg (N02BE),2017-08-05,13
Paracetamol 500mg (N02BE),2017-08-06,13
Paracetamol 500mg (N02BE),2017-08-07,16
Paracetamol 500mg (N02BE),2017-08-08,11
Paracetamol 500mg (N02BE),2017-08-09,13
Paracetamol 500mg (N02BE),2017-08-10,9
Paracetamol 500mg (N02BE),2017-08-11,8
Paracetamol 500mg (N02BE),2017-08-12,23
Paracetamol 500mg (N02BE),2017-08-13,24
Paracetamol 500mg (N02BE),2017-08-14,13
Paracetamol 500mg (N02BE),2017-08-15,35
Paracetamol 500mg (N02BE),2017-08-16,10
Paracetamol 500mg (N02BE),2017-08-17,12
Paracetamol 500mg (N02BE),2017-08-18,15
Paracetamol 500mg (N02BE),2017-08-19,16
Paracetamol 500mg (N02BE),2017-08-20,14
Paracetamol 500mg (N02BE),2017-08-21,19
Paracetamol 500mg (N02BE),2017-08-22,22
Paracetamol 500mg (N02BE),2017-08-23,42
Paracetamol 500mg (N02BE),2017-08-24,27
Paracetamol 500mg (N02BE),2017-08-25,20
Paracetamol 500mg (N02BE),2017-08-26,19
Paracetamol 500mg (N02BE),2017-08-27,21
Paracetamol 500mg (N02BE),2017-08-28,16
Paracetamol 500mg (N02BE),2017-08-29,17
Paracetamol 500mg (N02BE),2017-08-30,17
Paracetamol 500mg (N02BE),2017-08-31,17
Paracetamol 500mg (N02BE),2017-09-01,21
Paracetamol 500mg (N02BE),2017-09-02,18
Paracetamol 500mg (N02BE),2017-09-03,18
Paracetamol 500mg (N02BE),2017-09-04,24
Paracetamol 500mg (N02BE),2017-09-05,19
Paracetamol 500mg (N02BE),2017-09-06,32
Paracetamol 500mg (N02BE),2017-09-07,18
Paracetamol 500mg (N02BE),2017-09-08,34
Paracetamol 500mg (N02BE),2017-09-09,20
Paracetamol 500mg (N02BE),2017-09-10,36
Paracetamol 500mg (N02BE),2017-09-11,12
Paracetamol 500mg (N02BE),2017-09-12,18
Paracetamol 500mg (N02BE),2017-09-13,25
Paracetamol 500mg (N02BE),2017-09-14,22
Paracetamol 500mg (N02BE),2017-09-15,16
Paracetamol 500mg (N02BE),2017-09-16,27
Paracetamol 500mg (N02BE),2017-09-17,32
Paracetamol 500mg (N02BE),2017-09-18,27
Paracetamol 500mg (N02BE),2017-09-19,43
Paracetamol 500mg (N02BE),2017-09-20,35
Paracetamol 500mg (N02BE),2017-09-21,20
Paracetamol 500mg (N02BE),2017-09-22,28
Paracetamol 500mg (N02BE),2017-09-23,14
Paracetamol 500mg (N02BE),2017-09-24,52
Paracetamol 500mg (N02BE),2017-09-25,39
Paracetamol 500mg (N02BE),2017-09-26,39
Paracetamol 500mg (N02BE),2017-09-27,38
Paracetamol 500mg (N02BE),2017-09-28,38
Paracetamol 500mg (N02BE),2017-09-29,35
Paracetamol 500mg (N02BE),2017-09-30,62
Paracetamol 500mg (N02BE),2017-10-01,72
Paracetamol 500mg (N02BE),2017-10-02,18
Paracetamol 500mg (N02BE),2017-10-03,57
Paracetamol 500mg (N02BE),2017-10-04,37
Paracetamol 500mg (N02BE),2017-10-05,41
Paracetamol 500mg (N02BE),2017-10-06,40
Paracetamol 500mg (N02BE),2017-10-07,35
Paracetamol 500mg (N02BE),2017-10-08,77
Paracetamol 500mg (N02BE),2017-10-10,25
Paracetamol 500mg (N02BE),2017-10-11,39
Paracetamol 500mg (N02BE),2017-10-12,41
Paracetamol 500mg (N02BE),2017-10-13,38
Paracetamol 500mg (N02BE),2017-10-14,42
Paracetamol 500mg (N02BE),2017-10-15,37
Paracetamol 500mg (N02BE),2017-10-16,45
Paracetamol 500mg (N02BE),2017-10-17,26
Paracetamol 500mg (N02BE),2017-10-18,53
Paracetamol 500mg (N02BE),2017-10-19,26
Paracetamol 500mg (N02BE),2017-10-20,36
Paracetamol 500mg (N02BE),2017-10-21,25
Paracetamol 500mg (N02BE),2017-10-22,58
Paracetamol 500mg (N02BE),2017-10-23,29
Paracetamol 500mg (N02BE),2017-10-24,65
Paracetamol 500mg (N02BE),2017-10-25,27
Paracetamol 500mg (N02BE),2017-10-26,38
Paracetamol 500mg (N02BE),2017-10-27,26
Paracetamol 500mg (N02BE),2017-10-28,24
Paracetamol 500mg (N02BE),2017-10-29,36
Paracetamol 500mg (N02BE),2017-10-30,33
Paracetamol 500mg (N02BE),2017-10-31,38
Paracetamol 500mg (N02BE),2017-11-01,23
Paracetamol 500mg (N02BE),2017-11-02,22
Paracetamol 500mg (N02BE),2017-11-03,37
Paracetamol 500mg (N02BE),2017-11-04,33
Paracetamol 500mg (N02BE),2017-11-05,35
Paracetamol 500mg (N02BE),2017-11-06,20
Paracetamol 500mg (N02BE),2017-11-07,20
Paracetamol 500mg (N02BE),2017-11-08,9
Paracetamol 500mg (N02BE),2017-11-09,29
Paracetamol 500mg (N02BE),2017-11-10,34
Paracetamol 500mg (N02BE),2017-11-11,32
Paracetamol 500mg (N02BE),2017-11-12,40
Paracetamol 500mg (N02BE),2017-11-13,44
Paracetamol 500mg (N02BE),2017-11-14,7
Paracetamol 500mg (N02BE),2017-11-15,17
Paracetamol 500mg (N02BE),2017-11-16,18
Paracetamol 500mg (N02BE),2017-11-17,34
Paracetamol 500mg (N02BE),2017-11-18,42
Paracetamol 500mg (N02BE),2017-11-19,29
Paracetamol 500mg (N02BE),2017-11-20,29
Paracetamol 500mg (N02BE),2017-11-21,22
Paracetamol 500mg (N02BE),2017-11-22,26
Paracetamol 500mg (N02BE),2017-11-23,34
Paracetamol 500mg (N02BE),2017-11-24,34
Paracetamol 500mg (N02BE),2017-11-25,26
Paracetamol 500mg (N02BE),2017-11-26,31
Paracetamol 500mg (N02BE),2017-11-27,35
Paracetamol 500mg (N02BE),2017-11-28,41
Paracetamol 500mg (N02BE),2017-11-29,33
Paracetamol 500mg (N02BE),2017-11-30,30
Paracetamol 500mg (N02BE),2017-12-01,25
Paracetamol 500mg (N02BE),2017-12-02,22
Paracetamol 500mg (N02BE),2017-12-03,33
Paracetamol 500mg (N02BE),2017-12-04,16
Paracetamol 500mg (N02BE),2017-12-05,17
Paracetamol 500mg (N02BE),2017-12-06,29
Paracetamol 500mg (N02BE),2017-12-07,25
Paracetamol 500mg (N02BE),2017-12-08,44
Paracetamol 500mg (N02BE),2017-12-09,37
Paracetamol 500mg (N02BE),2017-12-10,48
Paracetamol 500mg (N02BE),2017-12-11,34
Paracetamol 500mg (N02BE),2017-12-12,44
Paracetamol 500mg (N02BE),2017-12-13,29
Paracetamol 500mg (N02BE),2017-12-14,30
Paracetamol 500mg (N02BE),2017-12-15,29
Paracetamol 500mg (N02BE),2017-12-16,37
Paracetamol 500mg (N02BE),2017-12-17,37
Paracetamol 500mg (N02BE),2017-12-18,32
Paracetamol 500mg (N02BE),2017-12-20,27
Paracetamol 500mg (N02BE),2017-12-21,23
Paracetamol 500mg (N02BE),2017-12-22,26
Paracetamol 500mg (N02BE),2017-12-23,28
Paracetamol 500mg (N02BE),2017-12-24,32
Paracetamol 500mg (N02BE),2017-12-25,16
Paracetamol 500mg (N02BE),2017-12-26,57
Paracetamol 500mg (N02BE),2017-12-27,33
Paracetamol 500mg (N02BE),2017-12-28,35
Paracetamol 500mg (N02BE),2017-12-29,41
Paracetamol 500mg (N02BE),2017-12-30,50
Paracetamol 500mg (N02BE),2017-12-31,70
Paracetamol 500mg (N02BE),2018-01-02,38
Paracetamol 500mg (N02BE),2018-01-03,54
Paracetamol 500mg (N02BE),2018-01-04,39
Paracetamol 500mg (N02BE),2018-01-05,26
Paracetamol 500mg (N02BE),2018-01-06,73
Paracetamol 500mg (N02BE),2018-01-08,30
Paracetamol 500mg (N02BE),2018-01-09,34
Paracetamol 500mg (N02BE),2018-01-10,44
Paracetamol 500mg (N02BE),2018-01-11,38
Paracetamol 500mg (N02BE),2018-01-12,42
Paracetamol 500mg (N02BE),2018-01-13,32
Paracetamol 500mg (N02BE),2018-01-14,36
Paracetamol 500mg (N02BE),2018-01-15,26
Paracetamol 500mg (N02BE),2018-01-16,18
Paracetamol 500mg (N02BE),2018-01-17,30
Paracetamol 500mg (N02BE),2018-01-18,58
Paracetamol 500mg (N02BE),2018-01-19,23
Paracetamol 500mg (N02BE),2018-01-20,38
Paracetamol 500mg (N02BE),2018-01-21,33
Paracetamol 500mg (N02BE),2018-01-22,29
Paracetamol 500mg (N02BE),2018-01-23,39
Paracetamol 500mg (N02BE),2018-01-24,32
Paracetamol 500mg (N02BE),2018-01-25,37
Paracetamol 500mg (N02BE),2018-01-26,62
Paracetamol 500mg (N02BE),2018-01-27,53
Paracetamol 500mg (N02BE),2018-01-28,55
Paracetamol 500mg (N02BE),2018-01-29,48
Paracetamol 500mg (N02BE),2018-01-30,37
Paracetamol 500mg (N02BE),2018-01-31,30
Paracetamol 500mg (N02BE),2018-02-01,30
Paracetamol 500mg (N02BE),2018-02-02,55
Paracetamol 500mg (N02BE),2018-02-03,67
Paracetamol 500mg (N02BE),2018-02-04,51
Paracetamol 500mg (N02BE),2018-02-05,53
Paracetamol 500mg (N02BE),2018-02-06,52
Paracetamol 500mg (N02BE),2018-02-07,45
Paracetamol 500mg (N02BE),2018-02-08,47
Paracetamol 500mg (N02BE),2018-02-09,47
Paracetamol 500mg (N02BE),2018-02-10,60
Paracetamol 500mg (N02BE),2018-02-11,63
Paracetamol 500mg (N02BE),2018-02-12,36
Paracetamol 500mg (N02BE),2018-02-13,18
Paracetamol 500mg (N02BE),2018-02-14,50
Paracetamol 500mg (N02BE),2018-02-15,75
Paracetamol 500mg (N02BE),2018-02-16,65
Paracetamol 500mg (N02BE),2018-02-17,50
Paracetamol 500mg (N02BE),2018-02-18,44
Paracetamol 500mg (N02BE),2018-02-19,27
Paracetamol 500mg (N02BE),2018-02-20,30
Paracetamol 500mg (N02BE),2018-02-21,27
Paracetamol 500mg (N02BE),2018-02-22,30
Paracetamol 500mg (N02BE),2018-02-23,34
Paracetamol 500mg (N02BE),2018-02-24,44
Paracetamol 500mg (N02BE),2018-02-25,37
Paracetamol 500mg (N02BE),2018-02-26,47
Paracetamol 500mg (N02BE),2018-02-27,27
Paracetamol 500mg (N02BE),2018-02-28,45
Paracetamol 500mg (N02BE),2018-03-01,26
Paracetamol 500mg (N02BE),2018-03-02,38
Paracetamol 500mg (N02BE),2018-03-03,40
Paracetamol 500mg (N02BE),2018-03-04,34
Paracetamol 500mg (N02BE),2018-03-05,25
Paracetamol 500mg (N02BE),2018-03-06,22
Paracetamol 500mg (N02BE),2018-03-07,20
Paracetamol 500mg (N02BE),2018-03-08,26
Paracetamol 500mg (N02BE),2018-03-09,41
Paracetamol 500mg (N02BE),2018-03-10,22
Paracetamol 500mg (N02BE),2018-03-11,68
Paracetamol 500mg (N02BE),2018-03-12,22
Paracetamol 500mg (N02BE),2018-03-13,15
Paracetamol 500mg (N02BE),2018-03-14,31
Paracetamol 500mg (N02BE),2018-03-15,24
Paracetamol 500mg (N02BE),2018-03-16,29
Paracetamol 500mg (N02BE),2018-03-17,65
Paracetamol 500mg (N02BE),2018-03-18,22
Paracetamol 500mg (N02BE),2018-03-19,20
Paracetamol 500mg (N02BE),2018-03-20,49
Paracetamol 500mg (N02BE),2018-03-21,27
Paracetamol 500mg (N02BE),2018-03-22,25
Paracetamol 500mg (N02BE),2018-03-23,34
Paracetamol 500mg (N02BE),2018-03-24,40
Paracetamol 500mg (N02BE),2018-03-25,47
Paracetamol 500mg (N02BE),2018-03-26,28
Paracetamol 500mg (N02BE),2018-03-27,28
Paracetamol 500mg (N02BE),2018-03-28,12
Paracetamol 500mg (N02BE),2018-03-29,28
Paracetamol 500mg (N02BE),2018-03-30,42
Paracetamol 500mg (N02BE),2018-03-31,50
Paracetamol 500mg (N02BE),2018-04-01,37
Paracetamol 500mg (N02BE),2018-04-02,30
Paracetamol 500mg (N02BE),2018-04-03,38
Paracetamol 500mg (N02BE),2018-04-04,29
Paracetamol 500mg (N02BE),2018-04-05,39
Paracetamol 500mg (N02BE),2018-04-06,34
Paracetamol 500mg (N02BE),2018-04-07,40
Paracetamol 500mg (N02BE),2018-04-09,25
Paracetamol 500mg (N02BE),2018-04-10,38
Paracetamol 500mg (N02BE),2018-04-11,28
Paracetamol 500mg (N02BE),2018-04-12,17
Paracetamol 500mg (N02BE),2018-04-13,23
Paracetamol 500mg (N02BE),2018-04-14,24
Paracetamol 500mg (N02BE),2018-04-15,20
Paracetamol 500mg (N02BE),2018-04-16,40
Paracetamol 500mg (N02BE),2018-04-17,16
Paracetamol 500mg (N02BE),2018-04-18,25
Paracetamol 500mg (N02BE),2018-04-19,31
Paracetamol 500mg (N02BE),2018-04-20,15
Paracetamol 500mg (N02BE),2018-04-21,40
Paracetamol 500mg (N02BE),2018-04-22,42
Paracetamol 500mg (N02BE),2018-04-23,16
Paracetamol 500mg (N02BE),2018-04-24,20
Paracetamol 500mg (N02BE),2018-04-25,18
Paracetamol 500mg (N02BE),2018-04-26,18
Paracetamol 500mg (N02BE),2018-04-27,43
Paracetamol 500mg (N02BE),2018-04-28,27
Paracetamol 500mg (N02BE),2018-04-29,14
Paracetamol 500mg (N02BE),2018-04-30,14
Paracetamol 500mg (N02BE),2018-05-01,6
Paracetamol 500mg (N02BE),2018-05-02,38
Paracetamol 500mg (N02BE),2018-05-03,27
Paracetamol 500mg (N02BE),2018-05-04,9
Paracetamol 500mg (N02BE),2018-05-05,24
Paracetamol 500mg (N02BE),2018-05-06,18
Paracetamol 500mg (N02BE),2018-05-07,22
Paracetamol 500mg (N02BE),2018-05-08,15
Paracetamol 500mg (N02BE),2018-05-09,24
Paracetamol 500mg (N02BE),2018-05-10,39
Paracetamol 500mg (N02BE),2018-05-11,19
Paracetamol 500mg (N02BE),2018-05-12,27
Paracetamol 500mg (N02BE),2018-05-13,14
Paracetamol 500mg (N02BE),2018-05-14,20
Paracetamol 500mg (N02BE),2018-05-15,14
Paracetamol 500mg (N02BE),2018-05-16,13
Paracetamol 500mg (N02BE),2018-05-17,16
Paracetamol 500mg (N02BE),2018-05-18,30
Paracetamol 500mg (N02BE),2018-05-19,18
Paracetamol 500mg (N02BE),2018-05-20,45
Paracetamol 500mg (N02BE),2018-05-21,15
Paracetamol 500mg (N02BE),2018-05-22,8
Paracetamol 500mg (N02BE),2018-05-23,11
Paracetamol 500mg (N02BE),2018-05-24,20
Paracetamol 500mg (N02BE),2018-05-25,16
Paracetamol 500mg (N02BE),2018-05-26,16
Paracetamol 500mg (N02BE),2018-05-27,49
Paracetamol 500mg (N02BE),2018-05-28,20
Paracetamol 500mg (N02BE),2018-05-29,21
Paracetamol 500mg (N02BE),2018-05-30,16
Paracetamol 500mg (N02BE),2018-05-31,11
Paracetamol 500mg (N02BE),2018-06-01,29
Paracetamol 500mg (N02BE),2018-06-02,23
Paracetamol 500mg (N02BE),2018-06-03,22
Paracetamol 500mg (N02BE),2018-06-04,19
Paracetamol 500mg (N02BE),2018-06-05,20
Paracetamol 500mg (N02BE),2018-06-06,17
Paracetamol 500mg (N02BE),2018-06-07,19
Paracetamol 500mg (N02BE),2018-06-08,9
Paracetamol 500mg (N02BE),2018-06-09,21
Paracetamol 500mg (N02BE),2018-06-10,33
Paracetamol 500mg (N02BE),2018-06-11,17
Paracetamol 500mg (N02BE),2018-06-12,18
Paracetamol 500mg (N02BE),2018-06-13,22
Paracetamol 500mg (N02BE),2018-06-14,22
Paracetamol 500mg (N02BE),2018-06-15,11
Paracetamol 500mg (N02BE),2018-06-16,10
Paracetamol 500mg (N02BE),2018-06-17,24
Paracetamol 500mg (N02BE),2018-06-18,14
Paracetamol 500mg (N02BE),2018-06-19,23
Paracetamol 500mg (N02BE),2018-06-20,15
Paracetamol 500mg (N02BE),2018-06-21,36
Paracetamol 500mg (N02BE),2018-06-22,12
Paracetamol 500mg (N02BE),2018-06-23,14
Paracetamol 500mg (N02BE),2018-06-24,29
Paracetamol 500mg (N02BE),2018-06-25,31
Paracetamol 500mg (N02BE),2018-06-26,15
Paracetamol 500mg (N02BE),2018-06-27,11
Paracetamol 500mg (N02BE),2018-06-28,10
Paracetamol 500mg (N02BE),2018-06-29,10
Paracetamol 500mg (N02BE),2018-06-30,27
Paracetamol 500mg (N02BE),2018-07-01,22
Paracetamol 500mg (N02BE),2018-07-02,25
Paracetamol 500mg (N02BE),2018-07-03,14
Paracetamol 500mg (N02BE),2018-07-04,16
Paracetamol 500mg (N02BE),2018-07-05,15
Paracetamol 500mg (N02BE),2018-07-06,20
Paracetamol 500mg (N02BE),2018-07-07,19
Paracetamol 500mg (N02BE),2018-07-08,28
Paracetamol 500mg (N02BE),2018-07-09,31
Paracetamol 500mg (N02BE),2018-07-10,34
Paracetamol 500mg (N02BE),2018-07-11,29
Paracetamol 500mg (N02BE),2018-07-12,24
Paracetamol 500mg (N02BE),2018-07-13,22
Paracetamol 500mg (N02BE),2018-07-14,26
Paracetamol 500mg (N02BE),2018-07-15,23
Paracetamol 500mg (N02BE),2018-07-16,22
Paracetamol 500mg (N02BE),2018-07-17,29
Paracetamol 500mg (N02BE),2018-07-18,10
Paracetamol 500mg (N02BE),2018-07-19,16
Paracetamol 500mg (N02BE),2018-07-20,35
Paracetamol 500mg (N02BE),2018-07-21,22
Paracetamol 500mg (N02BE),2018-07-22,31
Paracetamol 500mg (N02BE),2018-07-23,12
Paracetamol 500mg (N02BE),2018-07-24,22
Paracetamol 500mg (N02BE),2018-07-25,16
Paracetamol 500mg (N02BE),2018-07-26,24
Paracetamol 500mg (N02BE),2018-07-27,19
Paracetamol 500mg (N02BE),2018-07-28,24
Paracetamol 500mg (N02BE),2018-07-29,9
Paracetamol 500mg (N02BE),2018-07-30,26
Paracetamol 500mg (N02BE),2018-07-31,13
Paracetamol 500mg (N02BE),2018-08-01,14
Paracetamol 500mg (N02BE),2018-08-02,11
Paracetamol 500mg (N02BE),2018-08-03,21
Paracetamol 500mg (N02BE),2018-08-04,8
Paracetamol 500mg (N02BE),2018-08-05,13
Paracetamol 500mg (N02BE),2018-08-06,21
Paracetamol 500mg (N02BE),2018-08-07,15
Paracetamol 500mg (N02BE),2018-08-08,10
Paracetamol 500mg (N02BE),2018-08-09,29
Paracetamol 500mg (N02BE),2018-08-10,19
Paracetamol 500mg (N02BE),2018-08-11,37
Paracetamol 500mg (N02BE),2018-08-12,16
Paracetamol 500mg (N02BE),2018-08-13,23
Paracetamol 500mg (N02BE),2018-08-14,12
Paracetamol 500mg (N02BE),2018-08-15,32
Paracetamol 500mg (N02BE),2018-08-16,27
Paracetamol 500mg (N02BE),2018-08-17,23
Paracetamol 500mg (N02BE),2018-08-18,32
Paracetamol 500mg (N02BE),2018-08-19,20
Paracetamol 500mg (N02BE),2018-08-20,21
Paracetamol 500mg (N02BE),2018-08-21,26
Paracetamol 500mg (N02BE),2018-08-22,18
Paracetamol 500mg (N02BE),2018-08-23,35
Paracetamol 500mg (N02BE),2018-08-24,38
Paracetamol 500mg (N02BE),2018-08-25,27
Paracetamol 500mg (N02BE),2018-08-26,57
Paracetamol 500mg (N02BE),2018-08-27,16
Paracetamol 500mg (N02BE),2018-08-28,26
Paracetamol 500mg (N02BE),2018-08-29,28
Paracetamol 500mg (N02BE),2018-08-30,38
Paracetamol 500mg (N02BE),2018-08-31,17
Paracetamol 500mg (N02BE),2018-09-01,19
Paracetamol 500mg (N02BE),2018-09-02,20
Paracetamol 500mg (N02BE),2018-09-03,27
Paracetamol 500mg (N02BE),2018-09-04,22
Paracetamol 500mg (N02BE),2018-09-05,28
Paracetamol 500mg (N02BE),2018-09-06,18
Paracetamol 500mg (N02BE),2018-09-07,42
Paracetamol 500mg (N02BE),2018-09-08,35
Paracetamol 500mg (N02BE),2018-09-09,50
Paracetamol 500mg (N02BE),2018-09-10,49
Paracetamol 500mg (N02BE),2018-09-11,51
Paracetamol 500mg (N02BE),2018-09-12,35
Paracetamol 500mg (N02BE),2018-09-13,21
Paracetamol 500mg (N02BE),2018-09-14,54
Paracetamol 500mg (N02BE),2018-09-15,20
Paracetamol 500mg (N02BE),2018-09-16,24
Paracetamol 500mg (N02BE),2018-09-17,44
Paracetamol 500mg (N02BE),2018-09-18,20
Paracetamol 500mg (N02BE),2018-09-19,26
Paracetamol 500mg (N02BE),2018-09-20,24
Paracetamol 500mg (N02BE),2018-09-21,33
Paracetamol 500mg (N02BE),2018-09-22,32
Paracetamol 500mg (N02BE),2018-09-23,43
Paracetamol 500mg (N02BE),2018-09-24,54
Paracetamol 500mg (N02BE),2018-09-25,54
Paracetamol 500mg (N02BE),2018-09-26,41
Paracetamol 500mg (N02BE),2018-09-27,19
Paracetamol 500mg (N02BE),2018-09-28,41
Paracetamol 500mg (N02BE),2018-09-29,58
Paracetamol 500mg (N02BE),2018-09-30,54
Paracetamol 500mg (N02BE),2018-10-01,53
Paracetamol 500mg (N02BE),2018-10-02,19
Paracetamol 500mg (N02BE),2018-10-03,35
Paracetamol 500mg (N02BE),2018-10-04,32
Paracetamol 500mg (N02BE),2018-10-05,23
Paracetamol 500mg (N02BE),2018-10-06,59
Paracetamol 500mg (N02BE),2018-10-07,42
Paracetamol 500mg (N02BE),2018-10-08,30
Paracetamol 500mg (N02BE),2018-10-09,30
Paracetamol 500mg (N02BE),2018-10-10,41
Paracetamol 500mg (N02BE),2018-10-11,31
Paracetamol 500mg (N02BE),2018-10-12,26
Paracetamol 500mg (N02BE),2018-10-13,30
Paracetamol 500mg (N02BE),2018-10-14,52
Paracetamol 500mg (N02BE),2018-10-15,48
Paracetamol 500mg (N02BE),2018-10-16,27
Paracetamol 500mg (N02BE),2018-10-17,52
Paracetamol 500mg (N02BE),2018-10-18,14
Paracetamol 500mg (N02BE),2018-10-19,11
Paracetamol 500mg (N02BE),2018-10-20,33
Paracetamol 500mg (N02BE),2018-10-21,56
Paracetamol 500mg (N02BE),2018-10-22,19
Paracetamol 500mg (N02BE),2018-10-23,45
Paracetamol 500mg (N02BE),2018-10-24,37
Paracetamol 500mg (N02BE),2018-10-25,52
Paracetamol 500mg (N02BE),2018-10-26,44
Paracetamol 500mg (N02BE),2018-10-27,50
Paracetamol 500mg (N02BE),2018-10-28,54
Paracetamol 500mg (N02BE),2018-10-29,33
Paracetamol 500mg (N02BE),2018-10-30,18
Paracetamol 500mg (N02BE),2018-10-31,34
Paracetamol 500mg (N02BE),2018-11-01,25
Paracetamol 500mg (N02BE),2018-11-02,33
Paracetamol 500mg (N02BE),2018-11-03,45
Paracetamol 500mg (N02BE),2018-11-04,52
Paracetamol 500mg (N02BE),2018-11-05,29
Paracetamol 500mg (N02BE),2018-11-06,38
Paracetamol 500mg (N02BE),2018-11-07,39
Paracetamol 500mg (N02BE),2018-11-08,38
Paracetamol 500mg (N02BE),2018-11-09,43
Paracetamol 500mg (N02BE),2018-11-10,36
Paracetamol 500mg (N02BE),2018-11-11,34
Paracetamol 500mg (N02BE),2018-11-12,35
Paracetamol 500mg (N02BE),2018-11-13,30
Paracetamol 500mg (N02BE),2018-11-14,28
Paracetamol 500mg (N02BE),2018-11-15,50
Paracetamol 500mg (N02BE),2018-11-16,22
Paracetamol 500mg (N02BE),2018-11-17,39
Paracetamol 500mg (N02BE),2018-11-18,33
Paracetamol 500mg (N02BE),2018-11-19,47
Paracetamol 500mg (N02BE),2018-11-20,32
Paracetamol 500mg (N02BE),2018-11-21,22
Paracetamol 500mg (N02BE),2018-11-22,22
Paracetamol 500mg (N02BE),2018-11-23,30
Paracetamol 500mg (N02BE),2018-11-24,29
Paracetamol 500mg (N02BE),2018-11-25,19
Paracetamol 500mg (N02BE),2018-11-26,36
Paracetamol 500mg (N02BE),2018-11-27,42
Paracetamol 500mg (N02BE),2018-11-28,24
Paracetamol 500mg (N02BE),2018-11-29,23
Paracetamol 500mg (N02BE),2018-11-30,22
Paracetamol 500mg (N02BE),2018-12-01,41
Paracetamol 500mg (N02BE),2018-12-02,66
Paracetamol 500mg (N02BE),2018-12-03,44
Paracetamol 500mg (N02BE),2018-12-04,32
Paracetamol 500mg (N02BE),2018-12-05,41
Paracetamol 500mg (N02BE),2018-12-07,47
Paracetamol 500mg (N02BE),2018-12-09,58
Paracetamol 500mg (N02BE),2018-12-10,24
Paracetamol 500mg (N02BE),2018-12-11,28
Paracetamol 500mg (N02BE),2018-12-12,38
Paracetamol 500mg (N02BE),2018-12-13,48
Paracetamol 500mg (N02BE),2018-12-14,23
Paracetamol 500mg (N02BE),2018-12-15,62
Paracetamol 500mg (N02BE),2018-12-16,27
Paracetamol 500mg (N02BE),2018-12-17,53
Paracetamol 500mg (N02BE),2018-12-18,34
Paracetamol 500mg (N02BE),2018-12-20,27
Paracetamol 500mg (N02BE),2018-12-21,35
Paracetamol 500mg (N02BE),2018-12-22,43
Paracetamol 500mg (N02BE),2018-12-23,48
Paracetamol 500mg (N02BE),2018-12-24,32
Paracetamol 500mg (N02BE),2018-12-25,43
Paracetamol 500mg (N02BE),2018-12-26,50
Paracetamol 500mg (N02BE),2018-12-27,41
Paracetamol 500mg (N02BE),2018-12-28,56
Paracetamol 500mg (N02BE),2018-12-29,68
Paracetamol 500mg (N02BE),2018-12-30,60
Paracetamol 500mg (N02BE),2018-12-31,44
Paracetamol 500mg (N02BE),2019-01-02,37
Paracetamol 500mg (N02BE),2019-01-03,42
Paracetamol 500mg (N02BE),2019-01-04,56
Paracetamol 500mg (N02BE),2019-01-05,63
Paracetamol 500mg (N02BE),2019-01-06,47
Paracetamol 500mg (N02BE),2019-01-08,42
Paracetamol 500mg (N02BE),2019-01-09,65
Paracetamol 500mg (N02BE),2019-01-10,39
Paracetamol 500mg (N02BE),2019-01-11,62
Paracetamol 500mg (N02BE),2019-01-12,74
Paracetamol 500mg (N02BE),2019-01-13,73
Paracetamol 500mg (N02BE),2019-01-14,51
Paracetamol 500mg (N02BE),2019-01-15,30
Paracetamol 500mg (N02BE),2019-01-16,49
Paracetamol 500mg (N02BE),2019-01-17,56
Paracetamol 500mg (N02BE),2019-01-18,28
Paracetamol 500mg (N02BE),2019-01-19,77
Paracetamol 500mg (N02BE),2019-01-20,93
Paracetamol 500mg (N02BE),2019-01-21,67
Paracetamol 500mg (N02BE),2019-01-22,75
Paracetamol 500mg (N02BE),2019-01-23,58
Paracetamol 500mg (N02BE),2019-01-24,47
Paracetamol 500mg (N02BE),2019-01-25,33
Paracetamol 500mg (N02BE),2019-01-26,98
Paracetamol 500mg (N02BE),2019-01-27,100
Paracetamol 500mg (N02BE),2019-01-28,45
Paracetamol 500mg (N02BE),2019-01-29,39
Paracetamol 500mg (N02BE),2019-01-30,52
Paracetamol 500mg (N02BE),2019-01-31,62
Paracetamol 500mg (N02BE),2019-02-01,39
Paracetamol 500mg (N02BE),2019-02-02,64
Paracetamol 500mg (N02BE),2019-02-03,47
Paracetamol 500mg (N02BE),2019-02-04,47
Paracetamol 500mg (N02BE),2019-02-05,34
Paracetamol 500mg (N02BE),2019-02-06,29
Paracetamol 500mg (N02BE),2019-02-07,43
Paracetamol 500mg (N02BE),2019-02-08,50
Paracetamol 500mg (N02BE),2019-02-09,52
Paracetamol 500mg (N02BE),2019-02-10,43
Paracetamol 500mg (N02BE),2019-02-11,30
Paracetamol 500mg (N02BE),2019-02-12,35
Paracetamol 500mg (N02BE),2019-02-13,27
Paracetamol 500mg (N02BE),2019-02-14,54
Paracetamol 500mg (N02BE),2019-02-15,52
Paracetamol 500mg (N02BE),2019-02-16,36
Paracetamol 500mg (N02BE),2019-02-17,15
Paracetamol 500mg (N02BE),2019-02-18,27
Paracetamol 500mg (N02BE),2019-02-19,27
Paracetamol 500mg (N02BE),2019-02-20,31
Paracetamol 500mg (N02BE),2019-02-21,45
Paracetamol 500mg (N02BE),2019-02-22,16
Paracetamol 500mg (N02BE),2019-02-23,38
Paracetamol 500mg (N02BE),2019-02-24,19
Paracetamol 500mg (N02BE),2019-02-25,25
Paracetamol 500mg (N02BE),2019-02-26,27
Paracetamol 500mg (N02BE),2019-02-27,13
Paracetamol 500mg (N02BE),2019-02-28,34
Paracetamol 500mg (N02BE),2019-03-01,22
Paracetamol 500mg (N02BE),2019-03-02,46
Paracetamol 500mg (N02BE),2019-03-03,20
Paracetamol 500mg (N02BE),2019-03-04,41
Paracetamol 500mg (N02BE),2019-03-05,20
Paracetamol 500mg (N02BE),2019-03-06,31
Paracetamol 500mg (N02BE),2019-03-07,10
Paracetamol 500mg (N02BE),2019-03-08,34
Paracetamol 500mg (N02BE),2019-03-09,45
Paracetamol 500mg (N02BE),2019-03-10,51
Paracetamol 500mg (N02BE),2019-03-11,26
Paracetamol 500mg (N02BE),2019-03-12,32
Paracetamol 500mg (N02BE),2019-03-13,22
Paracetamol 500mg (N02BE),2019-03-14,47
Paracetamol 500mg (N02BE),2019-03-15,40
Paracetamol 500mg (N02BE),2019-03-16,29
Paracetamol 500mg (N02BE),2019-03-17,55
Paracetamol 500mg (N02BE),2019-03-18,23
Paracetamol 500mg (N02BE),2019-03-19,26
Paracetamol 500mg (N02BE),2019-03-20,29
Paracetamol 500mg (N02BE),2019-03-21,19
Paracetamol 500mg (N02BE),2019-03-22,41
Paracetamol 500mg (N02BE),2019-03-23,16
Paracetamol 500mg (N02BE),2019-03-24,43
Paracetamol 500mg (N02BE),2019-03-25,27
Paracetamol 500mg (N02BE),2019-03-26,36
Paracetamol 500mg (N02BE),2019-03-27,26
Paracetamol 500mg (N02BE),2019-03-28,14
Paracetamol 500mg (N02BE),2019-03-29,25
Paracetamol 500mg (N02BE),2019-03-30,18
Paracetamol 500mg (N02BE),2019-03-31,27
Paracetamol 500mg (N02BE),2019-04-01,35
Paracetamol 500mg (N02BE),2019-04-02,24
Paracetamol 500mg (N02BE),2019-04-03,18
Paracetamol 500mg (N02BE),2019-04-04,39
Paracetamol 500mg (N02BE),2019-04-05,25
Paracetamol 500mg (N02BE),2019-04-06,13
Paracetamol 500mg (N02BE),2019-04-07,19
Paracetamol 500mg (N02BE),2019-04-08,10
Paracetamol 500mg (N02BE),2019-04-09,12
Paracetamol 500mg (N02BE),2019-04-10,34
Paracetamol 500mg (N02BE),2019-04-11,16
Paracetamol 500mg (N02BE),2019-04-12,17
Paracetamol 500mg (N02BE),2019-04-13,14
Paracetamol 500mg (N02BE),2019-04-14,23
Paracetamol 500mg (N02BE),2019-04-15,9
Paracetamol 500mg (N02BE),2019-04-16,27
Paracetamol 500mg (N02BE),2019-04-17,14
Paracetamol 500mg (N02BE),2019-04-19,25
Paracetamol 500mg (N02BE),2019-04-20,22
Paracetamol 500mg (N02BE),2019-04-21,21
Paracetamol 500mg (N02BE),2019-04-22,51
Paracetamol 500mg (N02BE),2019-04-23,18
Paracetamol 500mg (N02BE),2019-04-24,39
Paracetamol 500mg (N02BE),2019-04-25,15
Paracetamol 500mg (N02BE),2019-04-26,33
Paracetamol 500mg (N02BE),2019-04-27,25
Paracetamol 500mg (N02BE),2019-04-29,28
Paracetamol 500mg (N02BE),2019-04-30,22
Paracetamol 500mg (N02BE),2019-05-01,8
Paracetamol 500mg (N02BE),2019-05-02,20
Paracetamol 500mg (N02BE),2019-05-03,24
Paracetamol 500mg (N02BE),2019-05-04,25
Paracetamol 500mg (N02BE),2019-05-05,31
Paracetamol 500mg (N02BE),2019-05-06,23
Paracetamol 500mg (N02BE),2019-05-07,33
Paracetamol 500mg (N02BE),2019-05-08,13
Paracetamol 500mg (N02BE),2019-05-09,12
Paracetamol 500mg (N02BE),2019-05-10,12
Paracetamol 500mg (N02BE),2019-05-11,17
Paracetamol 500mg (N02BE),2019-05-12,39
Paracetamol 500mg (N02BE),2019-05-13,26
Paracetamol 500mg (N02BE),2019-05-14,25
Paracetamol 500mg (N02BE),2019-05-15,28
Paracetamol 500mg (N02BE),2019-05-16,12
Paracetamol 500mg (N02BE),2019-05-17,28
Paracetamol 500mg (N02BE),2019-05-18,14
Paracetamol 500mg (N02BE),2019-05-19,26
Paracetamol 500mg (N02BE),2019-05-20,21
Paracetamol 500mg (N02BE),2019-05-21,18
Paracetamol 500mg (N02BE),2019-05-22,28
Paracetamol 500mg (N02BE),2019-05-23,26
Paracetamol 500mg (N02BE),2019-05-24,36
Paracetamol 500mg (N02BE),2019-05-25,35
Paracetamol 500mg (N02BE),2019-05-26,30
Paracetamol 500mg (N02BE),2019-05-27,19
Paracetamol 500mg (N02BE),2019-05-28,18
Paracetamol 500mg (N02BE),2019-05-29,15
Paracetamol 500mg (N02BE),2019-05-30,17
Paracetamol 500mg (N02BE),2019-05-31,23
Paracetamol 500mg (N02BE),2019-06-01,21
Paracetamol 500mg (N02BE),2019-06-02,28
Paracetamol 500mg (N02BE),2019-06-03,15
Paracetamol 500mg (N02BE),2019-06-04,28
Paracetamol 500mg (N02BE),2019-06-05,26
Paracetamol 500mg (N02BE),2019-06-06,27
Paracetamol 500mg (N02BE),2019-06-07,22
Paracetamol 500mg (N02BE),2019-06-08,22
Paracetamol 500mg (N02BE),2019-06-09,16
Paracetamol 500mg (N02BE),2019-06-10,15
Paracetamol 500mg (N02BE),2019-06-11,25
Paracetamol 500mg (N02BE),2019-06-12,16
Paracetamol 500mg (N02BE),2019-06-13,19
Paracetamol 500mg (N02BE),2019-06-14,15
Paracetamol 500mg (N02BE),2019-06-15,15
Paracetamol 500mg (N02BE),2019-06-16,18
Paracetamol 500mg (N02BE),2019-06-17,18
Paracetamol 500mg (N02BE),2019-06-18,30
Paracetamol 500mg (N02BE),2019-06-19,18
Paracetamol 500mg (N02BE),2019-06-20,15
Paracetamol 500mg (N02BE),2019-06-21,25
Paracetamol 500mg (N02BE),2019-06-22,25
Paracetamol 500mg (N02BE),2019-06-23,18
Paracetamol 500mg (N02BE),2019-06-24,19
Paracetamol 500mg (N02BE),2019-06-25,12
Paracetamol 500mg (N02BE),2019-06-26,12
Paracetamol 500mg (N02BE),2019-06-27,15
Paracetamol 500mg (N02BE),2019-06-28,15
Paracetamol 500mg (N02BE),2019-06-29,18
Paracetamol 500mg (N02BE),2019-06-30,40
Paracetamol 500mg (N02BE),2019-07-01,14
Paracetamol 500mg (N02BE),2019-07-02,14
Paracetamol 500mg (N02BE),2019-07-03,30
Paracetamol 500mg (N02BE),2019-07-04,13
Paracetamol 500mg (N02BE),2019-07-05,20
Paracetamol 500mg (N02BE),2019-07-06,16
Paracetamol 500mg (N02BE),2019-07-07,25
Paracetamol 500mg (N02BE),2019-07-08,21
Paracetamol 500mg (N02BE),2019-07-09,15
Paracetamol 500mg (N02BE),2019-07-10,20
Paracetamol 500mg (N02BE),2019-07-11,19
Paracetamol 500mg (N02BE),2019-07-12,34
Paracetamol 500mg (N02BE),2019-07-13,18
Paracetamol 500mg (N02BE),2019-07-14,23
Paracetamol 500mg (N02BE),2019-07-15,24
Paracetamol 500mg (N02BE),2019-07-16,14
Paracetamol 500mg (N02BE),2019-07-17,26
Paracetamol 500mg (N02BE),2019-07-18,24
Paracetamol 500mg (N02BE),2019-07-19,28
Paracetamol 500mg (N02BE),2019-07-20,17
Paracetamol 500mg (N02BE),2019-07-21,16
Paracetamol 500mg (N02BE),2019-07-22,14
Paracetamol 500mg (N02BE),2019-07-23,7
Paracetamol 500mg (N02BE),2019-07-24,31
Paracetamol 500mg (N02BE),2019-07-25,20
Paracetamol 500mg (N02BE),2019-07-26,17
Paracetamol 500mg (N02BE),2019-07-27,22
Paracetamol 500mg (N02BE),2019-07-28,13
Paracetamol 500mg (N02BE),2019-07-29,25
Paracetamol 500mg (N02BE),2019-07-30,19
Paracetamol 500mg (N02BE),2019-07-31,21
Paracetamol 500mg (N02BE),2019-08-01,37
Paracetamol 500mg (N02BE),2019-08-02,18
Paracetamol 500mg (N02BE),2019-08-03,12
Paracetamol 500mg (N02BE),2019-08-04,24
Paracetamol 500mg (N02BE),2019-08-05,6
Paracetamol 500mg (N02BE),2019-08-06,17
Paracetamol 500mg (N02BE),2019-08-07,9
Paracetamol 500mg (N02BE),2019-08-08,15
Paracetamol 500mg (N02BE),2019-08-09,8
Paracetamol 500mg (N02BE),2019-08-10,15
Paracetamol 500mg (N02BE),2019-08-11,16
Paracetamol 500mg (N02BE),2019-08-12,36
Paracetamol 500mg (N02BE),2019-08-13,15
Paracetamol 500mg (N02BE),2019-08-14,20
Paracetamol 500mg (N02BE),2019-08-15,12
Paracetamol 500mg (N02BE),2019-08-16,13
Paracetamol 500mg (N02BE),2019-08-17,18
Paracetamol 500mg (N02BE),2019-08-18,11
Paracetamol 500mg (N02BE),2019-08-19,9
Paracetamol 500mg (N02BE),2019-08-20,13
Paracetamol 500mg (N02BE),2019-08-21,19
Paracetamol 500mg (N02BE),2019-08-22,20
Paracetamol 500mg (N02BE),2019-08-23,12
Paracetamol 500mg (N02BE),2019-08-24,25
Paracetamol 500mg (N02BE),2019-08-25,17
Paracetamol 500mg (N02BE),2019-08-26,18
Paracetamol 500mg (N02BE),2019-08-27,21
Paracetamol 500mg (N02BE),2019-08-28,10
Paracetamol 500mg (N02BE),2019-08-29,17
Paracetamol 500mg (N02BE),2019-08-30,19
Paracetamol 500mg (N02BE),2019-08-31,15
Paracetamol 500mg (N02BE),2019-09-01,17
Paracetamol 500mg (N02BE),2019-09-02,18
Paracetamol 500mg (N02BE),2019-09-03,12
Paracetamol 500mg (N02BE),2019-09-04,29
Paracetamol 500mg (N02BE),2019-09-05,14
Paracetamol 500mg (N02BE),2019-09-06,28
Paracetamol 500mg (N02BE),2019-09-07,27
Paracetamol 500mg (N02BE),2019-09-08,26
Paracetamol 500mg (N02BE),2019-09-09,26
Paracetamol 500mg (N02BE),2019-09-10,22
Paracetamol 500mg (N02BE),2019-09-11,42
Paracetamol 500mg (N02BE),2019-09-12,22
Paracetamol 500mg (N02BE),2019-09-13,17
Paracetamol 500mg (N02BE),2019-09-14,24
Paracetamol 500mg (N02BE),2019-09-15,25
Paracetamol 500mg (N02BE),2019-09-16,22
Paracetamol 500mg (N02BE),2019-09-17,19
Paracetamol 500mg (N02BE),2019-09-18,22
Paracetamol 500mg (N02BE),2019-09-19,33
Paracetamol 500mg (N02BE),2019-09-20,51
Paracetamol 500mg (N02BE),2019-09-21,44
Paracetamol 500mg (N02BE),2019-09-22,56
Paracetamol 500mg (N02BE),2019-09-23,55
Paracetamol 500mg (N02BE),2019-09-24,61
Paracetamol 500mg (N02BE),2019-09-25,32
Paracetamol 500mg (N02BE),2019-09-26,31
Paracetamol 500mg (N02BE),2019-09-27,41
Paracetamol 500mg (N02BE),2019-09-28,48
Paracetamol 500mg (N02BE),2019-09-29,68
Paracetamol 500mg (N02BE),2019-09-30,49
Paracetamol 500mg (N02BE),2019-10-01,47
Paracetamol 500mg (N02BE),2019-10-02,30
Paracetamol 500mg (N02BE),2019-10-03,40
Paracetamol 500mg (N02BE),2019-10-04,22
Paracetamol 500mg (N02BE),2019-10-05,25
Paracetamol 500mg (N02BE),2019-10-06,35
Paracetamol 500mg (N02BE),2019-10-07,51
Paracetamol 500mg (N02BE),2019-10-08,44
Diazepam 5mg (N05B),2014-01-02,7
Diazepam 5mg (N05B),2014-01-03,16
Diazepam 5mg (N05B),2014-01-04,10
Diazepam 5mg (N05B),2014-01-05,8
Diazepam 5mg (N05B),2014-01-06,16
Diazepam 5mg (N05B),2014-01-08,19
Diazepam 5mg (N05B),2014-01-09,16
Diazepam 5mg (N05B),2014-01-10,15
Diazepam 5mg (N05B),2014-01-11,14
Diazepam 5mg (N05B),2014-01-12,8
Diazepam 5mg (N05B),2014-01-13,9
Diazepam 5mg (N05B),2014-01-14,6
Diazepam 5mg (N05B),2014-01-15,12
Diazepam 5mg (N05B),2014-01-16,19
Diazepam 5mg (N05B),2014-01-17,15
Diazepam 5mg (N05B),2014-01-18,15
Diazepam 5mg (N05B),2014-01-19,4
Diazepam 5mg (N05B),2014-01-20,18
Diazepam 5mg (N05B),2014-01-21,15
Diazepam 5mg (N05B),2014-01-22,10
Diazepam 5mg (N05B),2014-01-23,2
Diazepam 5mg (N05B),2014-01-24,13
Diazepam 5mg (N05B),2014-01-25,18
Diazepam 5mg (N05B),2014-01-26,4
Diazepam 5mg (N05B),2014-01-27,17
Diazepam 5mg (N05B),2014-01-28,22
Diazepam 5mg (N05B),2014-01-29,10
Diazepam 5mg (N05B),2014-01-30,7
Diazepam 5mg (N05B),2014-01-31,9
Diazepam 5mg (N05B),2014-02-01,13
Diazepam 5mg (N05B),2014-02-02,6
Diazepam 5mg (N05B),2014-02-03,16
Diazepam 5mg (N05B),2014-02-04,8
Diazepam 5mg (N05B),2014-02-05,15
Diazepam 5mg (N05B),2014-02-06,17
Diazepam 5mg (N05B),2014-02-07,19
Diazepam 5mg (N05B),2014-02-08,13
Diazepam 5mg (N05B),2014-02-09,10
Diazepam 5mg (N05B),2014-02-10,20
Diazepam 5mg (N05B),2014-02-11,20
Diazepam 5mg (N05B),2014-02-12,9
Diazepam 5mg (N05B),2014-02-13,13
Diazepam 5mg (N05B),2014-02-14,13
Diazepam 5mg (N05B),2014-02-15,9
Diazepam 5mg (N05B),2014-02-16,5
Diazepam 5mg (N05B),2014-02-17,13
Diazepam 5mg (N05B),2014-02-18,14
Diazepam 5mg (N05B),2014-02-19,17
Diazepam 5mg (N05B),2014-02-20,16
Diazepam 5mg (N05B),2014-02-21,17
Diazepam 5mg (N05B),2014-02-22,12
Diazepam 5mg (N05B),2014-02-23,10
Diazepam 5mg (N05B),2014-02-24,4
Diazepam 5mg (N05B),2014-02-25,13
Diazepam 5mg (N05B),2014-02-26,5
Diazepam 5mg (N05B),2014-02-27,8
Diazepam 5mg (N05B),2014-02-28,12
Diazepam 5mg (N05B),2014-03-01,8
Diazepam 5mg (N05B),2014-03-02,2
Diazepam 5mg (N05B),2014-03-03,1
Diazepam 5mg (N05B),2014-03-04,9
Diazepam 5mg (N05B),2014-03-05,4
Diazepam 5mg (N05B),2014-03-06,17
Diazepam 5mg (N05B),2014-03-07,3
Diazepam 5mg (N05B),2014-03-08,11
Diazepam 5mg (N05B),2014-03-09,3
Diazepam 5mg (N05B),2014-03-10,11
Diazepam 5mg (N05B),2014-03-11,12
Diazepam 5mg (N05B),2014-03-12,22
Diazepam 5mg (N05B),2014-03-13,10
Diazepam 5mg (N05B),2014-03-14,11
Diazepam 5mg (N05B),2014-03-15,18
Diazepam 5mg (N05B),2014-03-16,6
Diazepam 5mg (N05B),2014-03-17,6
Diazepam 5mg (N05B),2014-03-18,9
Diazepam 5mg (N05B),2014-03-19,2
Diazepam 5mg (N05B),2014-03-20,5
Diazepam 5mg (N05B),2014-03-21,4
Diazepam 5mg (N05B),2014-03-22,10
Diazepam 5mg (N05B),2014-03-24,7
Diazepam 5mg (N05B),2014-03-25,7
Diazepam 5mg (N05B),2014-03-26,7
Diazepam 5mg (N05B),2014-03-27,6
Diazepam 5mg (N05B),2014-03-28,3
Diazepam 5mg (N05B),2014-03-29,8
Diazepam 5mg (N05B),2014-03-30,4
Diazepam 5mg (N05B),2014-03-31,6
Diazepam 5mg (N05B),2014-04-01,5
Diazepam 5mg (N05B),2014-04-02,1
Diazepam 5mg (N05B),2014-04-03,4
Diazepam 5mg (N05B),2014-04-04,9
Diazepam 5mg (N05B),2014-04-05,5
Diazepam 5mg (N05B),2014-04-06,1
Diazepam 5mg (N05B),2014-04-07,4
Diazepam 5mg (N05B),2014-04-08,6
Diazepam 5mg (N05B),2014-04-09,2
Diazepam 5mg (N05B),2014-04-10,10
Diazepam 5mg (N05B),2014-04-11,2
Diazepam 5mg (N05B),2014-04-12,19
Diazepam 5mg (N05B),2014-04-13,3
Diazepam 5mg (N05B),2014-04-14,10
Diazepam 5mg (N05B),2014-04-15,12
Diazepam 5mg (N05B),2014-04-16,1
Diazepam 5mg (N05B),2014-04-17,19
Diazepam 5mg (N05B),2014-04-18,10
Diazepam 5mg (N05B),2014-04-19,7
Diazepam 5mg (N05B),2014-04-21,8
Diazepam 5mg (N05B),2014-04-22,8
Diazepam 5mg (N05B),2014-04-23,8
Diazepam 5mg (N05B),2014-04-24,6
Diazepam 5mg (N05B),2014-04-25,10
Diazepam 5mg (N05B),2014-04-26,12
Diazepam 5mg (N05B),2014-04-27,2
Diazepam 5mg (N05B),2014-04-28,8
Diazepam 5mg (N05B),2014-04-29,6
Diazepam 5mg (N05B),2014-04-30,11
Diazepam 5mg (N05B),2014-05-02,16
Diazepam 5mg (N05B),2014-05-03,5
Diazepam 5mg (N05B),2014-05-04,3
Diazepam 5mg (N05B),2014-05-05,7
Diazepam 5mg (N05B),2014-05-06,10
Diazepam 5mg (N05B),2014-05-07,8
Diazepam 5mg (N05B),2014-05-08,10
Diazepam 5mg (N05B),2014-05-09,12
Diazepam 5mg (N05B),2014-05-10,15
Diazepam 5mg (N05B),2014-05-11,7
Diazepam 5mg (N05B),2014-05-12,8
Diazepam 5mg (N05B),2014-05-13,7
Diazepam 5mg (N05B),2014-05-14,4
Diazepam 5mg (N05B),2014-05-15,7
Diazepam 5mg (N05B),2014-05-16,10
Diazepam 5mg (N05B),2014-05-17,14
Diazepam 5mg (N05B),2014-05-18,6
Diazepam 5mg (N05B),2014-05-19,5
Diazepam 5mg (N05B),2014-05-20,10
Diazepam 5mg (N05B),2014-05-21,6
Diazepam 5mg (N05B),2014-05-22,8
Diazepam 5mg (N05B),2014-05-23,8
Diazepam 5mg (N05B),2014-05-24,11
Diazepam 5mg (N05B),2014-05-25,8
Diazepam 5mg (N05B),2014-05-26,7
Diazepam 5mg (N05B),2014-05-27,12
Diazepam 5mg (N05B),2014-05-28,9
Diazepam 5mg (N05B),2014-05-29,13
Diazepam 5mg (N05B),2014-05-30,14
Diazepam 5mg (N05B),2014-05-31,10
Diazepam 5mg (N05B),2014-06-01,4
Diazepam 5mg (N05B),2014-06-02,16
Diazepam 5mg (N05B),2014-06-03,7
Diazepam 5mg (N05B),2014-06-04,6
Diazepam 5mg (N05B),2014-06-05,4
Diazepam 5mg (N05B),2014-06-06,15
Diazepam 5mg (N05B),2014-06-07,8
Diazepam 5mg (N05B),2014-06-08,8
Diazepam 5mg (N05B),2014-06-09,17
Diazepam 5mg (N05B),2014-06-10,16
Diazepam 5mg (N05B),2014-06-11,16
Diazepam 5mg (N05B),2014-06-12,12
Diazepam 5mg (N05B),2014-06-13,11
Diazepam 5mg (N05B),2014-06-14,10
Diazepam 5mg (N05B),2014-06-15,5
Diazepam 5mg (N05B),2014-06-16,11
Diazepam 5mg (N05B),2014-06-17,12
Diazepam 5mg (N05B),2014-06-18,6
Diazepam 5mg (N05B),2014-06-19,8
Diazepam 5mg (N05B),2014-06-20,9
Diazepam 5mg (N05B),2014-06-21,12
Diazepam 5mg (N05B),2014-06-22,8
Diazepam 5mg (N05B),2014-06-23,12
Diazepam 5mg (N05B),2014-06-24,23
Diazepam 5mg (N05B),2014-06-25,19
Diazepam 5mg (N05B),2014-06-26,14
Diazepam 5mg (N05B),2014-06-27,13
Diazepam 5mg (N05B),2014-06-28,14
Diazepam 5mg (N05B),2014-06-29,1
Diazepam 5mg (N05B),2014-06-30,6
Diazepam 5mg (N05B),2014-07-01,10
Diazepam 5mg (N05B),2014-07-02,7
Diazepam 5mg (N05B),2014-07-03,7
Diazepam 5mg (N05B),2014-07-04,14
Diazepam 5mg (N05B),2014-07-05,11
Diazepam 5mg (N05B),2014-07-06,9
Diazepam 5mg (N05B),2014-07-07,11
Diazepam 5mg (N05B),2014-07-08,3
Diazepam 5mg (N05B),2014-07-09,6
Diazepam 5mg (N05B),2014-07-10,32
Diazepam 5mg (N05B),2014-07-11,17
Diazepam 5mg (N05B),2014-07-12,12
Diazepam 5mg (N05B),2014-07-13,2
Diazepam 5mg (N05B),2014-07-14,19
Diazepam 5mg (N05B),2014-07-15,18
Diazepam 5mg (N05B),2014-07-16,12
Diazepam 5mg (N05B),2014-07-17,14
Diazepam 5mg (N05B),2014-07-18,6
Diazepam 5mg (N05B),2014-07-19,10
Diazepam 5mg (N05B),2014-07-20,5
Diazepam 5mg (N05B),2014-07-21,13
Diazepam 5mg (N05B),2014-07-22,7
Diazepam 5mg (N05B),2014-07-23,19
Diazepam 5mg (N05B),2014-07-24,5
Diazepam 5mg (N05B),2014-07-25,15
Diazepam 5mg (N05B),2014-07-26,13
Diazepam 5mg (N05B),2014-07-27,5
Diazepam 5mg (N05B),2014-07-28,9
Diazepam 5mg (N05B),2014-07-29,15
Diazepam 5mg (N05B),2014-07-30,14
Diazepam 5mg (N05B),2014-07-31,8
Diazepam 5mg (N05B),2014-08-01,17
Diazepam 5mg (N05B),2014-08-02,12
Diazepam 5mg (N05B),2014-08-03,5
Diazepam 5mg (N05B),2014-08-04,14
Diazepam 5mg (N05B),2014-08-05,9
Diazepam 5mg (N05B),2014-08-06,7
Diazepam 5mg (N05B),2014-08-07,13
Diazepam 5mg (N05B),2014-08-08,12
Diazepam 5mg (N05B),2014-08-09,24
Diazepam 5mg (N05B),2014-08-10,4
Diazepam 5mg (N05B),2014-08-11,18
Diazepam 5mg (N05B),2014-08-12,8
Diazepam 5mg (N05B),2014-08-13,11
Diazepam 5mg (N05B),2014-08-14,13
Diazepam 5mg (N05B),2014-08-15,15
Diazepam 5mg (N05B),2014-08-16,27
Diazepam 5mg (N05B),2014-08-17,7
Diazepam 5mg (N05B),2014-08-18,21
Diazepam 5mg (N05B),2014-08-19,13
Diazepam 5mg (N05B),2014-08-20,10
Diazepam 5mg (N05B),2014-08-21,16
Diazepam 5mg (N05B),2014-08-22,15
Diazepam 5mg (N05B),2014-08-23,5
Diazepam 5mg (N05B),2014-08-24,12
Diazepam 5mg (N05B),2014-08-25,21
Diazepam 5mg (N05B),2014-08-26,14
Diazepam 5mg (N05B),2014-08-27,14
Diazepam 5mg (N05B),2014-08-28,19
Diazepam 5mg (N05B),2014-08-29,18
Diazepam 5mg (N05B),2014-08-30,13
Diazepam 5mg (N05B),2014-08-31,13
Diazepam 5mg (N05B),2014-09-01,15
Diazepam 5mg (N05B),2014-09-02,7
Diazepam 5mg (N05B),2014-09-03,12
Diazepam 5mg (N05B),2014-09-04,21
Diazepam 5mg (N05B),2014-09-05,15
Diazepam 5mg (N05B),2014-09-06,30
Diazepam 5mg (N05B),2014-09-07,9
Diazepam 5mg (N05B),2014-09-08,15
Diazepam 5mg (N05B),2014-09-09,17
Diazepam 5mg (N05B),2014-09-10,12
Diazepam 5mg (N05B),2014-09-11,15
Diazepam 5mg (N05B),2014-09-12,19
Diazepam 5mg (N05B),2014-09-13,20
Diazepam 5mg (N05B),2014-09-14,6
Diazepam 5mg (N05B),2014-09-15,9
Diazepam 5mg (N05B),2014-09-16,13
Diazepam 5mg (N05B),2014-09-17,11
Diazepam 5mg (N05B),2014-09-18,7
Diazepam 5mg (N05B),2014-09-19,8
Diazepam 5mg (N05B),2014-09-20,14
Diazepam 5mg (N05B),2014-09-21,7
Diazepam 5mg (N05B),2014-09-22,10
Diazepam 5mg (N05B),2014-09-23,10
Diazepam 5mg (N05B),2014-09-24,14
Diazepam 5mg (N05B),2014-09-25,15
Diazepam 5mg (N05B),2014-09-26,22
Diazepam 5mg (N05B),2014-09-27,18
Diazepam 5mg (N05B),2014-09-28,6
Diazepam 5mg (N05B),2014-09-29,12
Diazepam 5mg (N05B),2014-09-30,10
Diazepam 5mg (N05B),2014-10-01,15
Diazepam 5mg (N05B),2014-10-02,11
Diazepam 5mg (N05B),2014-10-03,12
Diazepam 5mg (N05B),2014-10-04,12
Diazepam 5mg (N05B),2014-10-05,1
Diazepam 5mg (N05B),2014-10-06,13
Diazepam 5mg (N05B),2014-10-07,17
Diazepam 5mg (N05B),2014-10-08,17
Diazepam 5mg (N05B),2014-10-09,10
Diazepam 5mg (N05B),2014-10-10,24
Diazepam 5mg (N05B),2014-10-11,15
Diazepam 5mg (N05B),2014-10-12,7
Diazepam 5mg (N05B),2014-10-13,11
Diazepam 5mg (N05B),2014-10-14,7
Diazepam 5mg (N05B),2014-10-15,14
Diazepam 5mg (N05B),2014-10-16,9
Diazepam 5mg (N05B),2014-10-17,22
Diazepam 5mg (N05B),2014-10-18,24
Diazepam 5mg (N05B),2014-10-19,9
Diazepam 5mg (N05B),2014-10-20,25
Diazepam 5mg (N05B),2014-10-21,11
Diazepam 5mg (N05B),2014-10-22,7
Diazepam 5mg (N05B),2014-10-23,7
Diazepam 5mg (N05B),2014-10-24,18
Diazepam 5mg (N05B),2014-10-25,21
Diazepam 5mg (N05B),2014-10-26,6
Diazepam 5mg (N05B),2014-10-27,17
Diazepam 5mg (N05B),2014-10-28,23
Diazepam 5mg (N05B),2014-10-29,20
Diazepam 5mg (N05B),2014-10-30,11
Diazepam 5mg (N05B),2014-10-31,16
Diazepam 5mg (N05B),2014-11-01,22
Diazepam 5mg (N05B),2014-11-02,4
Diazepam 5mg (N05B),2014-11-03,19
Diazepam 5mg (N05B),2014-11-04,15
Diazepam 5mg (N05B),2014-11-05,19
Diazepam 5mg (N05B),2014-11-06,23
Diazepam 5mg (N05B),2014-11-07,32
Diazepam 5mg (N05B),2014-11-08,24
Diazepam 5mg (N05B),2014-11-09,20
Diazepam 5mg (N05B),2014-11-10,13
Diazepam 5mg (N05B),2014-11-11,18
Diazepam 5mg (N05B),2014-11-12,16
Diazepam 5mg (N05B),2014-11-13,10
Diazepam 5mg (N05B),2014-11-14,20
Diazepam 5mg (N05B),2014-11-15,20
Diazepam 5mg (N05B),2014-11-16,13
Diazepam 5mg (N05B),2014-11-17,23
Diazepam 5mg (N05B),2014-11-18,10
Diazepam 5mg (N05B),2014-11-19,17
Diazepam 5mg (N05B),2014-11-20,13
Diazepam 5mg (N05B),2014-11-21,16
Diazepam 5mg (N05B),2014-11-22,15
Diazepam 5mg (N05B),2014-11-23,11
Diazepam 5mg (N05B),2014-11-24,19
Diazepam 5mg (N05B),2014-11-25,18
Diazepam 5mg (N05B),2014-11-26,13
Diazepam 5mg (N05B),2014-11-27,9
Diazepam 5mg (N05B),2014-11-28,12
Diazepam 5mg (N05B),2014-11-29,16
Diazepam 5mg (N05B),2014-11-30,9
Diazepam 5mg (N05B),2014-12-01,19
Diazepam 5mg (N05B),2014-12-02,26
Diazepam 5mg (N05B),2014-12-03,23
Diazepam 5mg (N05B),2014-12-04,16
Diazepam 5mg (N05B),2014-12-05,15
Diazepam 5mg (N05B),2014-12-06,9
Diazepam 5mg (N05B),2014-12-07,6
Diazepam 5mg (N05B),2014-12-08,9
Diazepam 5mg (N05B),2014-12-09,12
Diazepam 5mg (N05B),2014-12-10,28
Diazepam 5mg (N05B),2014-12-11,21
Diazepam 5mg (N05B),2014-12-12,18
Diazepam 5mg (N05B),2014-12-13,11
Diazepam 5mg (N05B),2014-12-14,10
Diazepam 5mg (N05B),2014-12-15,14
Diazepam 5mg (N05B),2014-12-16,23
Diazepam 5mg (N05B),2014-12-17,17
Diazepam 5mg (N05B),2014-12-18,9
Diazepam 5mg (N05B),2014-12-20,9
Diazepam 5mg (N05B),2014-12-21,6
Diazepam 5mg (N05B),2014-12-22,43
Diazepam 5mg (N05B),2014-12-23,13
Diazepam 5mg (N05B),2014-12-24,16
Diazepam 5mg (N05B),2014-12-25,16
Diazepam 5mg (N05B),2014-12-26,25
Diazepam 5mg (N05B),2014-12-27,26
Diazepam 5mg (N05B),2014-12-28,15
Diazepam 5mg (N05B),2014-12-29,5
Diazepam 5mg (N05B),2014-12-30,18
Diazepam 5mg (N05B),2014-12-31,14
Diazepam 5mg (N05B),2015-01-02,13
Diazepam 5mg (N05B),2015-01-03,11
Diazepam 5mg (N05B),2015-01-04,4
Diazepam 5mg (N05B),2015-01-05,14
Diazepam 5mg (N05B),2015-01-06,13
Diazepam 5mg (N05B),2015-01-08,13
Diazepam 5mg (N05B),2015-01-09,33
Diazepam 5mg (N05B),2015-01-10,14
Diazepam 5mg (N05B),2015-01-11,11
Diazepam 5mg (N05B),2015-01-12,18
Diazepam 5mg (N05B),2015-01-13,14
Diazepam 5mg (N05B),2015-01-14,20
Diazepam 5mg (N05B),2015-01-15,13
Diazepam 5mg (N05B),2015-01-16,16
Diazepam 5mg (N05B),2015-01-17,18
Diazepam 5mg (N05B),2015-01-18,16
Diazepam 5mg (N05B),2015-01-19,12
Diazepam 5mg (N05B),2015-01-20,24
Diazepam 5mg (N05B),2015-01-21,17
Diazepam 5mg (N05B),2015-01-22,19
Diazepam 5mg (N05B),2015-01-23,14
Diazepam 5mg (N05B),2015-01-24,31
Diazepam 5mg (N05B),2015-01-25,11
Diazepam 5mg (N05B),2015-01-26,15
Diazepam 5mg (N05B),2015-01-27,14
Diazepam 5mg (N05B),2015-01-28,18
Diazepam 5mg (N05B),2015-01-29,16
Diazepam 5mg (N05B),2015-01-30,19
Diazepam 5mg (N05B),2015-01-31,12
Diazepam 5mg (N05B),2015-02-01,7
Diazepam 5mg (N05B),2015-02-02,14
Diazepam 5mg (N05B),2015-02-03,18
Diazepam 5mg (N05B),2015-02-04,6
Diazepam 5mg (N05B),2015-02-05,12
Diazepam 5mg (N05B),2015-02-06,7
Diazepam 5mg (N05B),2015-02-07,9
Diazepam 5mg (N05B),2015-02-08,8
Diazepam 5mg (N05B),2015-02-09,8
Diazepam 5mg (N05B),2015-02-10,11
Diazepam 5mg (N05B),2015-02-11,16
Diazepam 5mg (N05B),2015-02-12,11
Diazepam 5mg (N05B),2015-02-13,11
Diazepam 5mg (N05B),2015-02-14,13
Diazepam 5mg (N05B),2015-02-15,7
Diazepam 5mg (N05B),2015-02-16,4
Diazepam 5mg (N05B),2015-02-17,3
Diazepam 5mg (N05B),2015-02-18,4
Diazepam 5mg (N05B),2015-02-19,2
Diazepam 5mg (N05B),2015-02-20,5
Diazepam 5mg (N05B),2015-02-21,9
Diazepam 5mg (N05B),2015-02-22,7
Diazepam 5mg (N05B),2015-02-23,9
Diazepam 5mg (N05B),2015-02-24,11
Diazepam 5mg (N05B),2015-02-25,8
Diazepam 5mg (N05B),2015-02-26,13
Diazepam 5mg (N05B),2015-02-27,1
Diazepam 5mg (N05B),2015-02-28,9
Diazepam 5mg (N05B),2015-03-01,3
Diazepam 5mg (N05B),2015-03-02,6
Diazepam 5mg (N05B),2015-03-03,14
Diazepam 5mg (N05B),2015-03-04,4
Diazepam 5mg (N05B),2015-03-05,2
Diazepam 5mg (N05B),2015-03-06,4
Diazepam 5mg (N05B),2015-03-08,9
Diazepam 5mg (N05B),2015-03-09,10
Diazepam 5mg (N05B),2015-03-10,6
Diazepam 5mg (N05B),2015-03-11,9
Diazepam 5mg (N05B),2015-03-12,5
Diazepam 5mg (N05B),2015-03-13,11
Diazepam 5mg (N05B),2015-03-14,9
Diazepam 5mg (N05B),2015-03-15,3
Diazepam 5mg (N05B),2015-03-16,8
Diazepam 5mg (N05B),2015-03-17,9
Diazepam 5mg (N05B),2015-03-18,5
Diazepam 5mg (N05B),2015-03-19,7
Diazepam 5mg (N05B),2015-03-20,13
Diazepam 5mg (N05B),2015-03-21,4
Diazepam 5mg (N05B),2015-03-22,9
Diazepam 5mg (N05B),2015-03-23,5
Diazepam 5mg (N05B),2015-03-24,8
Diazepam 5mg (N05B),2015-03-25,10
Diazepam 5mg (N05B),2015-03-26,10
Diazepam 5mg (N05B),2015-03-27,3
Diazepam 5mg (N05B),2015-03-28,6
Diazepam 5mg (N05B),2015-03-29,7
Diazepam 5mg (N05B),2015-03-30,4
Diazepam 5mg (N05B),2015-03-31,5
Diazepam 5mg (N05B),2015-04-01,7
Diazepam 5mg (N05B),2015-04-02,3
Diazepam 5mg (N05B),2015-04-03,12
Diazepam 5mg (N05B),2015-04-04,7
Diazepam 5mg (N05B),2015-04-05,4
Diazepam 5mg (N05B),2015-04-06,4
Diazepam 5mg (N05B),2015-04-07,8
Diazepam 5mg (N05B),2015-04-08,11
Diazepam 5mg (N05B),2015-04-09,8
Diazepam 5mg (N05B),2015-04-10,5
Diazepam 5mg (N05B),2015-04-11,9
Diazepam 5mg (N05B),2015-04-13,5
Diazepam 5mg (N05B),2015-04-14,5
Diazepam 5mg (N05B),2015-04-15,15
Diazepam 5mg (N05B),2015-04-16,7
Diazepam 5mg (N05B),2015-04-17,6
Diazepam 5mg (N05B),2015-04-18,1
Diazepam 5mg (N05B),2015-04-19,3
Diazepam 5mg (N05B),2015-04-20,13
Diazepam 5mg (N05B),2015-04-21,9
Diazepam 5mg (N05B),2015-04-22,3
Diazepam 5mg (N05B),2015-04-23,8
Diazepam 5mg (N05B),2015-04-24,5
Diazepam 5mg (N05B),2015-04-25,3
Diazepam 5mg (N05B),2015-04-26,5
Diazepam 5mg (N05B),2015-04-27,10
Diazepam 5mg (N05B),2015-04-28,7
Diazepam 5mg (N05B),2015-04-29,2
Diazepam 5mg (N05B),2015-04-30,7
Diazepam 5mg (N05B),2015-05-01,4
Diazepam 5mg (N05B),2015-05-02,6
Diazepam 5mg (N05B),2015-05-03,4
Diazepam 5mg (N05B),2015-05-04,5
Diazepam 5mg (N05B),2015-05-05,6
Diazepam 5mg (N05B),2015-05-06,11
Diazepam 5mg (N05B),2015-05-07,4
Diazepam 5mg (N05B),2015-05-08,8
Diazepam 5mg (N05B),2015-05-09,11
Diazepam 5mg (N05B),2015-05-10,3
Diazepam 5mg (N05B),2015-05-11,3
Diazepam 5mg (N05B),2015-05-12,13
Diazepam 5mg (N05B),2015-05-13,5
Diazepam 5mg (N05B),2015-05-14,1
Diazepam 5mg (N05B),2015-05-15,8
Diazepam 5mg (N05B),2015-05-16,4
Diazepam 5mg (N05B),2015-05-18,6
Diazepam 5mg (N05B),2015-05-19,8
Diazepam 5mg (N05B),2015-05-20,12
Diazepam 5mg (N05B),2015-05-21,5
Diazepam 5mg (N05B),2015-05-22,8
Diazepam 5mg (N05B),2015-05-23,10
Diazepam 5mg (N05B),2015-05-24,5
Diazepam 5mg (N05B),2015-05-25,11
Diazepam 5mg (N05B),2015-05-26,11
Diazepam 5mg (N05B),2015-05-27,7
Diazepam 5mg (N05B),2015-05-28,3
Diazepam 5mg (N05B),2015-05-29,6
Diazepam 5mg (N05B),2015-05-30,4
Diazepam 5mg (N05B),2015-05-31,2
Diazepam 5mg (N05B),2015-06-01,12
Diazepam 5mg (N05B),2015-06-02,10
Diazepam 5mg (N05B),2015-06-03,9
Diazepam 5mg (N05B),2015-06-04,5
Diazepam 5mg (N05B),2015-06-05,6
Diazepam 5mg (N05B),2015-06-06,6
Diazepam 5mg (N05B),2015-06-07,6
Diazepam 5mg (N05B),2015-06-08,10
Diazepam 5mg (N05B),2015-06-09,14
Diazepam 5mg (N05B),2015-06-10,6
Diazepam 5mg (N05B),2015-06-11,11
Diazepam 5mg (N05B),2015-06-12,2
Diazepam 5mg (N05B),2015-06-13,6
Diazepam 5mg (N05B),2015-06-14,6
Diazepam 5mg (N05B),2015-06-15,9
Diazepam 5mg (N05B),2015-06-16,6
Diazepam 5mg (N05B),2015-06-17,10
Diazepam 5mg (N05B),2015-06-18,4
Diazepam 5mg (N05B),2015-06-19,13
Diazepam 5mg (N05B),2015-06-20,5
Diazepam 5mg (N05B),2015-06-21,5
Diazepam 5mg (N05B),2015-06-23,7
Diazepam 5mg (N05B),2015-06-24,5
Diazepam 5mg (N05B),2015-06-25,4
Diazepam 5mg (N05B),2015-06-26,3
Diazepam 5mg (N05B),2015-06-27,10
Diazepam 5mg (N05B),2015-06-29,15
Diazepam 5mg (N05B),2015-06-30,12
Diazepam 5mg (N05B),2015-07-01,14
Diazepam 5mg (N05B),2015-07-02,3
Diazepam 5mg (N05B),2015-07-03,10
Diazepam 5mg (N05B),2015-07-04,2
Diazepam 5mg (N05B),2015-07-05,10
Diazepam 5mg (N05B),2015-07-06,8
Diazepam 5mg (N05B),2015-07-07,5
Diazepam 5mg (N05B),2015-07-08,6
Diazepam 5mg (N05B),2015-07-09,4
Diazepam 5mg (N05B),2015-07-10,15
Diazepam 5mg (N05B),2015-07-11,9
Diazepam 5mg (N05B),2015-07-12,5
Diazepam 5mg (N05B),2015-07-13,5
Diazepam 5mg (N05B),2015-07-14,1
Diazepam 5mg (N05B),2015-07-15,5
Diazepam 5mg (N05B),2015-07-16,3
Diazepam 5mg (N05B),2015-07-17,3
Diazepam 5mg (N05B),2015-07-18,8
Diazepam 5mg (N05B),2015-07-19,1
Diazepam 5mg (N05B),2015-07-20,4
Diazepam 5mg (N05B),2015-07-21,7
Diazepam 5mg (N05B),2015-07-22,10
Diazepam 5mg (N05B),2015-07-23,3
Diazepam 5mg (N05B),2015-07-24,9
Diazepam 5mg (N05B),2015-07-25,7
Diazepam 5mg (N05B),2015-07-26,4
Diazepam 5mg (N05B),2015-07-27,9
Diazepam 5mg (N05B),2015-07-28,14
Diazepam 5mg (N05B),2015-07-29,8
Diazepam 5mg (N05B),2015-07-30,3
Diazepam 5mg (N05B),2015-07-31,8
Diazepam 5mg (N05B),2015-08-01,14
Diazepam 5mg (N05B),2015-08-02,9
Diazepam 5mg (N05B),2015-08-03,4
Diazepam 5mg (N05B),2015-08-04,5
Diazepam 5mg (N05B),2015-08-05,4
Diazepam 5mg (N05B),2015-08-06,11
Diazepam 5mg (N05B),2015-08-07,9
Diazepam 5mg (N05B),2015-08-08,5
Diazepam 5mg (N05B),2015-08-09,5
Diazepam 5mg (N05B),2015-08-10,12
Diazepam 5mg (N05B),2015-08-11,10
Diazepam 5mg (N05B),2015-08-12,10
Diazepam 5mg (N05B),2015-08-13,9
Diazepam 5mg (N05B),2015-08-14,5
Diazepam 5mg (N05B),2015-08-15,14
Diazepam 5mg (N05B),2015-08-16,4
Diazepam 5mg (N05B),2015-08-17,6
Diazepam 5mg (N05B),2015-08-18,16
Diazepam 5mg (N05B),2015-08-19,15
Diazepam 5mg (N05B),2015-08-20,6
Diazepam 5mg (N05B),2015-08-21,8
Diazepam 5mg (N05B),2015-08-22,6
Diazepam 5mg (N05B),2015-08-23,8
Diazepam 5mg (N05B),2015-08-24,8
Diazepam 5mg (N05B),2015-08-25,20
Diazepam 5mg (N05B),2015-08-26,7
Diazepam 5mg (N05B),2015-08-27,8
Diazepam 5mg (N05B),2015-08-28,12
Diazepam 5mg (N05B),2015-08-29,4
Diazepam 5mg (N05B),2015-08-30,3
Diazepam 5mg (N05B),2015-08-31,10
Diazepam 5mg (N05B),2015-09-01,8
Diazepam 5mg (N05B),2015-09-02,10
Diazepam 5mg (N05B),2015-09-03,13
Diazepam 5mg (N05B),2015-09-04,8
Diazepam 5mg (N05B),2015-09-05,10
Diazepam 5mg (N05B),2015-09-06,8
Diazepam 5mg (N05B),2015-09-07,7
Diazepam 5mg (N05B),2015-09-08,4
Diazepam 5mg (N05B),2015-09-09,8
Diazepam 5mg (N05B),2015-09-10,18
Diazepam 5mg (N05B),2015-09-11,9
Diazepam 5mg (N05B),2015-09-12,6
Diazepam 5mg (N05B),2015-09-13,4
Diazepam 5mg (N05B),2015-09-14,14
Diazepam 5mg (N05B),2015-09-15,8
Diazepam 5mg (N05B),2015-09-16,6
Diazepam 5mg (N05B),2015-09-17,3
Diazepam 5mg (N05B),2015-09-18,4
Diazepam 5mg (N05B),2015-09-19,7
Diazepam 5mg (N05B),2015-09-20,15
Diazepam 5mg (N05B),2015-09-21,6
Diazepam 5mg (N05B),2015-09-22,10
Diazepam 5mg (N05B),2015-09-23,7
Diazepam 5mg (N05B),2015-09-24,7
Diazepam 5mg (N05B),2015-09-25,11
Diazepam 5mg (N05B),2015-09-26,6
Diazepam 5mg (N05B),2015-09-27,3
Diazepam 5mg (N05B),2015-09-28,8
Diazepam 5mg (N05B),2015-09-29,7
Diazepam 5mg (N05B),2015-09-30,9
Diazepam 5mg (N05B),2015-10-01,2
Diazepam 5mg (N05B),2015-10-02,5
Diazepam 5mg (N05B),2015-10-03,7
Diazepam 5mg (N05B),2015-10-04,3
Diazepam 5mg (N05B),2015-10-05,11
Diazepam 5mg (N05B),2015-10-06,9
Diazepam 5mg (N05B),2015-10-07,8
Diazepam 5mg (N05B),2015-10-08,5
Diazepam 5mg (N05B),2015-10-09,13
Diazepam 5mg (N05B),2015-10-10,20
Diazepam 5mg (N05B),2015-10-11,8
Diazepam 5mg (N05B),2015-10-12,12
Diazepam 5mg (N05B),2015-10-13,6
Diazepam 5mg (N05B),2015-10-14,7
Diazepam 5mg (N05B),2015-10-15,4
Diazepam 5mg (N05B),2015-10-16,2
Diazepam 5mg (N05B),2015-10-17,8
Diazepam 5mg (N05B),2015-10-18,3
Diazepam 5mg (N05B),2015-10-19,3
Diazepam 5mg (N05B),2015-10-20,6
Diazepam 5mg (N05B),2015-10-21,9
Diazepam 5mg (N05B),2015-10-22,9
Diazepam 5mg (N05B),2015-10-23,3
Diazepam 5mg (N05B),2015-10-24,8
Diazepam 5mg (N05B),2015-10-25,4
Diazepam 5mg (N05B),2015-10-26,8
Diazepam 5mg (N05B),2015-10-27,7
Diazepam 5mg (N05B),2015-10-28,11
Diazepam 5mg (N05B),2015-10-29,8
Diazepam 5mg (N05B),2015-10-30,8
Diazepam 5mg (N05B),2015-10-31,6
Diazepam 5mg (N05B),2015-11-01,11
Diazepam 5mg (N05B),2015-11-02,7
Diazepam 5mg (N05B),2015-11-03,5
Diazepam 5mg (N05B),2015-11-04,18
Diazepam 5mg (N05B),2015-11-05,3
Diazepam 5mg (N05B),2015-11-06,5
Diazepam 5mg (N05B),2015-11-07,15
Diazepam 5mg (N05B),2015-11-08,7
Diazepam 5mg (N05B),2015-11-09,3
Diazepam 5mg (N05B),2015-11-10,8
Diazepam 5mg (N05B),2015-11-11,4
Diazepam 5mg (N05B),2015-11-12,11
Diazepam 5mg (N05B),2015-11-13,13
Diazepam 5mg (N05B),2015-11-14,5
Diazepam 5mg (N05B),2015-11-15,8
Diazepam 5mg (N05B),2015-11-16,9
Diazepam 5mg (N05B),2015-11-17,1
Diazepam 5mg (N05B),2015-11-18,11
Diazepam 5mg (N05B),2015-11-19,22
Diazepam 5mg (N05B),2015-11-20,2
Diazepam 5mg (N05B),2015-11-21,4
Diazepam 5mg (N05B),2015-11-22,6
Diazepam 5mg (N05B),2015-11-23,3
Diazepam 5mg (N05B),2015-11-24,12
Diazepam 5mg (N05B),2015-11-25,11
Diazepam 5mg (N05B),2015-11-26,8
Diazepam 5mg (N05B),2015-11-27,7
Diazepam 5mg (N05B),2015-11-28,3
Diazepam 5mg (N05B),2015-11-29,1
Diazepam 5mg (N05B),2015-11-30,5
Diazepam 5mg (N05B),2015-12-01,4
Diazepam 5mg (N05B),2015-12-02,23
Diazepam 5mg (N05B),2015-12-03,6
Diazepam 5mg (N05B),2015-12-04,9
Diazepam 5mg (N05B),2015-12-05,2
Diazepam 5mg (N05B),2015-12-06,5
Diazepam 5mg (N05B),2015-12-07,6
Diazepam 5mg (N05B),2015-12-08,8
Diazepam 5mg (N05B),2015-12-09,16
Diazepam 5mg (N05B),2015-12-10,9
Diazepam 5mg (N05B),2015-12-11,9
Diazepam 5mg (N05B),2015-12-12,5
Diazepam 5mg (N05B),2015-12-13,5
Diazepam 5mg (N05B),2015-12-14,11
Diazepam 5mg (N05B),2015-12-15,3
Diazepam 5mg (N05B),2015-12-16,11
Diazepam 5mg (N05B),2015-12-17,7
Diazepam 5mg (N05B),2015-12-18,12
Diazepam 5mg (N05B),2015-12-20,3
Diazepam 5mg (N05B),2015-12-21,14
Diazepam 5mg (N05B),2015-12-22,6
Diazepam 5mg (N05B),2015-12-23,3
Diazepam 5mg (N05B),2015-12-24,5
Diazepam 5mg (N05B),2015-12-25,28
Diazepam 5mg (N05B),2015-12-26,15
Diazepam 5mg (N05B),2015-12-27,4
Diazepam 5mg (N05B),2015-12-28,18
Diazepam 5mg (N05B),2015-12-29,9
Diazepam 5mg (N05B),2015-12-30,12
Diazepam 5mg (N05B),2015-12-31,18
Diazepam 5mg (N05B),2016-01-03,1
Diazepam 5mg (N05B),2016-01-04,6
Diazepam 5mg (N05B),2016-01-05,15
Diazepam 5mg (N05B),2016-01-06,2
Diazepam 5mg (N05B),2016-01-08,8
Diazepam 5mg (N05B),2016-01-09,9
Diazepam 5mg (N05B),2016-01-10,8
Diazepam 5mg (N05B),2016-01-11,18
Diazepam 5mg (N05B),2016-01-12,8
Diazepam 5mg (N05B),2016-01-13,15
Diazepam 5mg (N05B),2016-01-14,18
Diazepam 5mg (N05B),2016-01-15,8
Diazepam 5mg (N05B),2016-01-16,11
Diazepam 5mg (N05B),2016-01-17,4
Diazepam 5mg (N05B),2016-01-18,3
Diazepam 5mg (N05B),2016-01-19,7
Diazepam 5mg (N05B),2016-01-20,29
Diazepam 5mg (N05B),2016-01-21,8
Diazepam 5mg (N05B),2016-01-22,11
Diazepam 5mg (N05B),2016-01-23,4
Diazepam 5mg (N05B),2016-01-24,3
Diazepam 5mg (N05B),2016-01-25,12
Diazepam 5mg (N05B),2016-01-26,9
Diazepam 5mg (N05B),2016-01-27,18
Diazepam 5mg (N05B),2016-01-28,4
Diazepam 5mg (N05B),2016-01-29,3
Diazepam 5mg (N05B),2016-01-30,3
Diazepam 5mg (N05B),2016-01-31,3
Diazepam 5mg (N05B),2016-02-01,7
Diazepam 5mg (N05B),2016-02-02,6
Diazepam 5mg (N05B),2016-02-03,11
Diazepam 5mg (N05B),2016-02-04,5
Diazepam 5mg (N05B),2016-02-05,7
Diazepam 5mg (N05B),2016-02-06,1
Diazepam 5mg (N05B),2016-02-07,2
Diazepam 5mg (N05B),2016-02-08,5
Diazepam 5mg (N05B),2016-02-09,16
Diazepam 5mg (N05B),2016-02-10,29
Diazepam 5mg (N05B),2016-02-11,10
Diazepam 5mg (N05B),2016-02-12,4
Diazepam 5mg (N05B),2016-02-13,2
Diazepam 5mg (N05B),2016-02-14,5
Diazepam 5mg (N05B),2016-02-15,6
Diazepam 5mg (N05B),2016-02-16,3
Diazepam 5mg (N05B),2016-02-17,12
Diazepam 5mg (N05B),2016-02-18,3
Diazepam 5mg (N05B),2016-02-19,18
Diazepam 5mg (N05B),2016-02-20,5
Diazepam 5mg (N05B),2016-02-21,5
Diazepam 5mg (N05B),2016-02-22,10
Diazepam 5mg (N05B),2016-02-23,11
Diazepam 5mg (N05B),2016-02-24,6
Diazepam 5mg (N05B),2016-02-25,22
Diazepam 5mg (N05B),2016-02-26,6
Diazepam 5mg (N05B),2016-02-27,3
Diazepam 5mg (N05B),2016-02-28,6
Diazepam 5mg (N05B),2016-02-29,13
Diazepam 5mg (N05B),2016-03-01,11
Diazepam 5mg (N05B),2016-03-02,15
Diazepam 5mg (N05B),2016-03-03,2
Diazepam 5mg (N05B),2016-03-04,3
Diazepam 5mg (N05B),2016-03-05,9
Diazepam 5mg (N05B),2016-03-06,2
Diazepam 5mg (N05B),2016-03-07,3
Diazepam 5mg (N05B),2016-03-08,7
Diazepam 5mg (N05B),2016-03-09,7
Diazepam 5mg (N05B),2016-03-10,8
Diazepam 5mg (N05B),2016-03-11,8
Diazepam 5mg (N05B),2016-03-12,4
Diazepam 5mg (N05B),2016-03-13,4
Diazepam 5mg (N05B),2016-03-14,12
Diazepam 5mg (N05B),2016-03-15,7
Diazepam 5mg (N05B),2016-03-16,16
Diazepam 5mg (N05B),2016-03-17,10
Diazepam 5mg (N05B),2016-03-18,15
Diazepam 5mg (N05B),2016-03-19,6
Diazepam 5mg (N05B),2016-03-20,1
Diazepam 5mg (N05B),2016-03-21,11
Diazepam 5mg (N05B),2016-03-22,12
Diazepam 5mg (N05B),2016-03-23,22
Diazepam 5mg (N05B),2016-03-24,4
Diazepam 5mg (N05B),2016-03-25,8
Diazepam 5mg (N05B),2016-03-26,4
Diazepam 5mg (N05B),2016-03-27,11
Diazepam 5mg (N05B),2016-03-28,20
Diazepam 5mg (N05B),2016-03-29,4
Diazepam 5mg (N05B),2016-03-30,3
Diazepam 5mg (N05B),2016-03-31,1
Diazepam 5mg (N05B),2016-04-01,4
Diazepam 5mg (N05B),2016-04-02,4
Diazepam 5mg (N05B),2016-04-03,5
Diazepam 5mg (N05B),2016-04-04,3
Diazepam 5mg (N05B),2016-04-05,5
Diazepam 5mg (N05B),2016-04-06,7
Diazepam 5mg (N05B),2016-04-07,7
Diazepam 5mg (N05B),2016-04-08,2
Diazepam 5mg (N05B),2016-04-09,7
Diazepam 5mg (N05B),2016-04-10,4
Diazepam 5mg (N05B),2016-04-11,11
Diazepam 5mg (N05B),2016-04-12,19
Diazepam 5mg (N05B),2016-04-13,22
Diazepam 5mg (N05B),2016-04-14,9
Diazepam 5mg (N05B),2016-04-15,6
Diazepam 5mg (N05B),2016-04-16,11
Diazepam 5mg (N05B),2016-04-17,2
Diazepam 5mg (N05B),2016-04-18,15
Diazepam 5mg (N05B),2016-04-19,7
Diazepam 5mg (N05B),2016-04-20,11
Diazepam 5mg (N05B),2016-04-21,6
Diazepam 5mg (N05B),2016-04-22,4
Diazepam 5mg (N05B),2016-04-23,8
Diazepam 5mg (N05B),2016-04-24,3
Diazepam 5mg (N05B),2016-04-25,20
Diazepam 5mg (N05B),2016-04-26,19
Diazepam 5mg (N05B),2016-04-27,27
Diazepam 5mg (N05B),2016-04-28,18
Diazepam 5mg (N05B),2016-04-29,15
Diazepam 5mg (N05B),2016-04-30,11
Diazepam 5mg (N05B),2016-05-02,7
Diazepam 5mg (N05B),2016-05-03,3
Diazepam 5mg (N05B),2016-05-04,4
Diazepam 5mg (N05B),2016-05-05,16
Diazepam 5mg (N05B),2016-05-06,7
Diazepam 5mg (N05B),2016-05-07,5
Diazepam 5mg (N05B),2016-05-08,12
Diazepam 5mg (N05B),2016-05-09,3
Diazepam 5mg (N05B),2016-05-10,4
Diazepam 5mg (N05B),2016-05-11,13
Diazepam 5mg (N05B),2016-05-12,8
Diazepam 5mg (N05B),2016-05-13,9
Diazepam 5mg (N05B),2016-05-14,13
Diazepam 5mg (N05B),2016-05-15,6
Diazepam 5mg (N05B),2016-05-16,17
Diazepam 5mg (N05B),2016-05-17,4
Diazepam 5mg (N05B),2016-05-18,7
Diazepam 5mg (N05B),2016-05-19,10
Diazepam 5mg (N05B),2016-05-20,14
Diazepam 5mg (N05B),2016-05-21,3
Diazepam 5mg (N05B),2016-05-22,6
Diazepam 5mg (N05B),2016-05-23,19
Diazepam 5mg (N05B),2016-05-24,3
Diazepam 5mg (N05B),2016-05-25,16
Diazepam 5mg (N05B),2016-05-26,20
Diazepam 5mg (N05B),2016-05-27,14
Diazepam 5mg (N05B),2016-05-28,4
Diazepam 5mg (N05B),2016-05-29,2
Diazepam 5mg (N05B),2016-05-30,3
Diazepam 5mg (N05B),2016-05-31,3
Diazepam 5mg (N05B),2016-06-01,11
Diazepam 5mg (N05B),2016-06-02,18
Diazepam 5mg (N05B),2016-06-03,8
Diazepam 5mg (N05B),2016-06-04,2
Diazepam 5mg (N05B),2016-06-05,5
Diazepam 5mg (N05B),2016-06-06,5
Diazepam 5mg (N05B),2016-06-07,13
Diazepam 5mg (N05B),2016-06-08,10
Diazepam 5mg (N05B),2016-06-09,7
Diazepam 5mg (N05B),2016-06-10,11
Diazepam 5mg (N05B),2016-06-11,4
Diazepam 5mg (N05B),2016-06-12,8
Diazepam 5mg (N05B),2016-06-13,7
Diazepam 5mg (N05B),2016-06-14,17
Diazepam 5mg (N05B),2016-06-15,22
Diazepam 5mg (N05B),2016-06-16,4
Diazepam 5mg (N05B),2016-06-17,8
Diazepam 5mg (N05B),2016-06-18,1
Diazepam 5mg (N05B),2016-06-19,1
Diazepam 5mg (N05B),2016-06-20,5
Diazepam 5mg (N05B),2016-06-21,15
Diazepam 5mg (N05B),2016-06-22,6
Diazepam 5mg (N05B),2016-06-23,5
Diazepam 5mg (N05B),2016-06-24,15
Diazepam 5mg (N05B),2016-06-25,5
Diazepam 5mg (N05B),2016-06-26,20
Diazepam 5mg (N05B),2016-06-27,9
Diazepam 5mg (N05B),2016-06-28,20
Diazepam 5mg (N05B),2016-06-29,12
Diazepam 5mg (N05B),2016-06-30,6
Diazepam 5mg (N05B),2016-07-01,1
Diazepam 5mg (N05B),2016-07-02,9
Diazepam 5mg (N05B),2016-07-03,4
Diazepam 5mg (N05B),2016-07-04,8
Diazepam 5mg (N05B),2016-07-05,10
Diazepam 5mg (N05B),2016-07-06,5
Diazepam 5mg (N05B),2016-07-07,11
Diazepam 5mg (N05B),2016-07-08,12
Diazepam 5mg (N05B),2016-07-09,12
Diazepam 5mg (N05B),2016-07-10,6
Diazepam 5mg (N05B),2016-07-11,9
Diazepam 5mg (N05B),2016-07-12,14
Diazepam 5mg (N05B),2016-07-13,11
Diazepam 5mg (N05B),2016-07-14,3
Diazepam 5mg (N05B),2016-07-15,4
Diazepam 5mg (N05B),2016-07-16,6
Diazepam 5mg (N05B),2016-07-17,3
Diazepam 5mg (N05B),2016-07-18,2
Diazepam 5mg (N05B),2016-07-19,5
Diazepam 5mg (N05B),2016-07-20,6
Diazepam 5mg (N05B),2016-07-21,15
Diazepam 5mg (N05B),2016-07-22,4
Diazepam 5mg (N05B),2016-07-23,6
Diazepam 5mg (N05B),2016-07-24,4
Diazepam 5mg (N05B),2016-07-25,9
Diazepam 5mg (N05B),2016-07-26,16
Diazepam 5mg (N05B),2016-07-27,4
Diazepam 5mg (N05B),2016-07-28,12
Diazepam 5mg (N05B),2016-07-29,17
Diazepam 5mg (N05B),2016-07-30,7
Diazepam 5mg (N05B),2016-07-31,5
Diazepam 5mg (N05B),2016-08-01,8
Diazepam 5mg (N05B),2016-08-02,12
Diazepam 5mg (N05B),2016-08-03,11
Diazepam 5mg (N05B),2016-08-04,12
Diazepam 5mg (N05B),2016-08-05,24
Diazepam 5mg (N05B),2016-08-06,33
Diazepam 5mg (N05B),2016-08-07,12
Diazepam 5mg (N05B),2016-08-08,36
Diazepam 5mg (N05B),2016-08-09,26
Diazepam 5mg (N05B),2016-08-10,11
Diazepam 5mg (N05B),2016-08-11,1
Diazepam 5mg (N05B),2016-08-12,6
Diazepam 5mg (N05B),2016-08-13,2
Diazepam 5mg (N05B),2016-08-14,2
Diazepam 5mg (N05B),2016-08-15,11
Diazepam 5mg (N05B),2016-08-16,4
Diazepam 5mg (N05B),2016-08-17,7
Diazepam 5mg (N05B),2016-08-18,7
Diazepam 5mg (N05B),2016-08-19,12
Diazepam 5mg (N05B),2016-08-20,1
Diazepam 5mg (N05B),2016-08-21,3
Diazepam 5mg (N05B),2016-08-22,3
Diazepam 5mg (N05B),2016-08-23,7
Diazepam 5mg (N05B),2016-08-24,2
Diazepam 5mg (N05B),2016-08-25,4
Diazepam 5mg (N05B),2016-08-26,3
Diazepam 5mg (N05B),2016-08-27,2
Diazepam 5mg (N05B),2016-08-28,3
Diazepam 5mg (N05B),2016-08-29,4
Diazepam 5mg (N05B),2016-08-30,4
Diazepam 5mg (N05B),2016-08-31,3
Diazepam 5mg (N05B),2016-09-01,2
Diazepam 5mg (N05B),2016-09-02,25
Diazepam 5mg (N05B),2016-09-03,5
Diazepam 5mg (N05B),2016-09-04,10
Diazepam 5mg (N05B),2016-09-05,8
Diazepam 5mg (N05B),2016-09-06,14
Diazepam 5mg (N05B),2016-09-07,14
Diazepam 5mg (N05B),2016-09-08,8
Diazepam 5mg (N05B),2016-09-09,11
Diazepam 5mg (N05B),2016-09-10,9
Diazepam 5mg (N05B),2016-09-11,8
Diazepam 5mg (N05B),2016-09-12,10
Diazepam 5mg (N05B),2016-09-13,13
Diazepam 5mg (N05B),2016-09-14,7
Diazepam 5mg (N05B),2016-09-15,31
Diazepam 5mg (N05B),2016-09-16,17
Diazepam 5mg (N05B),2016-09-17,11
Diazepam 5mg (N05B),2016-09-18,4
Diazepam 5mg (N05B),2016-09-19,11
Diazepam 5mg (N05B),2016-09-20,14
Diazepam 5mg (N05B),2016-09-21,12
Diazepam 5mg (N05B),2016-09-22,6
Diazepam 5mg (N05B),2016-09-23,13
Diazepam 5mg (N05B),2016-09-24,8
Diazepam 5mg (N05B),2016-09-25,3
Diazepam 5mg (N05B),2016-09-26,4
Diazepam 5mg (N05B),2016-09-27,17
Diazepam 5mg (N05B),2016-09-28,3
Diazepam 5mg (N05B),2016-09-29,4
Diazepam 5mg (N05B),2016-09-30,5
Diazepam 5mg (N05B),2016-10-01,5
Diazepam 5mg (N05B),2016-10-02,6
Diazepam 5mg (N05B),2016-10-03,2
Diazepam 5mg (N05B),2016-10-04,8
Diazepam 5mg (N05B),2016-10-05,8
Diazepam 5mg (N05B),2016-10-06,4
Diazepam 5mg (N05B),2016-10-07,4
Diazepam 5mg (N05B),2016-10-08,2
Diazepam 5mg (N05B),2016-10-09,2
Diazepam 5mg (N05B),2016-10-10,1
Diazepam 5mg (N05B),2016-10-11,55
Diazepam 5mg (N05B),2016-10-12,18
Diazepam 5mg (N05B),2016-10-13,20
Diazepam 5mg (N05B),2016-10-14,22
Diazepam 5mg (N05B),2016-10-15,16
Diazepam 5mg (N05B),2016-10-16,3
Diazepam 5mg (N05B),2016-10-17,1
Diazepam 5mg (N05B),2016-10-18,9
Diazepam 5mg (N05B),2016-10-19,11
Diazepam 5mg (N05B),2016-10-20,2
Diazepam 5mg (N05B),2016-10-21,5
Diazepam 5mg (N05B),2016-10-22,3
Diazepam 5mg (N05B),2016-10-23,10
Diazepam 5mg (N05B),2016-10-24,1
Diazepam 5mg (N05B),2016-10-25,10
Diazepam 5mg (N05B),2016-10-26,10
Diazepam 5mg (N05B),2016-10-27,10
Diazepam 5mg (N05B),2016-10-28,9
Diazepam 5mg (N05B),2016-10-29,23
Diazepam 5mg (N05B),2016-10-30,5
Diazepam 5mg (N05B),2016-10-31,6
Diazepam 5mg (N05B),2016-11-01,18
Diazepam 5mg (N05B),2016-11-02,1
Diazepam 5mg (N05B),2016-11-03,3
Diazepam 5mg (N05B),2016-11-04,14
Diazepam 5mg (N05B),2016-11-05,9
Diazepam 5mg (N05B),2016-11-06,3
Diazepam 5mg (N05B),2016-11-07,9
Diazepam 5mg (N05B),2016-11-08,19
Diazepam 5mg (N05B),2016-11-09,18
Diazepam 5mg (N05B),2016-11-10,5
Diazepam 5mg (N05B),2016-11-11,6
Diazepam 5mg (N05B),2016-11-12,10
Diazepam 5mg (N05B),2016-11-14,5
Diazepam 5mg (N05B),2016-11-15,27
Diazepam 5mg (N05B),2016-11-16,5
Diazepam 5mg (N05B),2016-11-18,7
Diazepam 5mg (N05B),2016-11-19,3
Diazepam 5mg (N05B),2016-11-20,3
Diazepam 5mg (N05B),2016-11-21,1
Diazepam 5mg (N05B),2016-11-22,3
Diazepam 5mg (N05B),2016-11-23,5
Diazepam 5mg (N05B),2016-11-24,2
Diazepam 5mg (N05B),2016-11-25,20
Diazepam 5mg (N05B),2016-11-26,9
Diazepam 5mg (N05B),2016-11-27,5
Diazepam 5mg (N05B),2016-11-28,5
Diazepam 5mg (N05B),2016-11-29,6
Diazepam 5mg (N05B),2016-11-30,13
Diazepam 5mg (N05B),2016-12-01,8
Diazepam 5mg (N05B),2016-12-02,14
Diazepam 5mg (N05B),2016-12-03,2
Diazepam 5mg (N05B),2016-12-04,4
Diazepam 5mg (N05B),2016-12-05,6
Diazepam 5mg (N05B),2016-12-06,4
Diazepam 5mg (N05B),2016-12-07,8
Diazepam 5mg (N05B),2016-12-08,9
Diazepam 5mg (N05B),2016-12-09,2
Diazepam 5mg (N05B),2016-12-10,1
Diazepam 5mg (N05B),2016-12-11,7
Diazepam 5mg (N05B),2016-12-12,28
Diazepam 5mg (N05B),2016-12-14,21
Diazepam 5mg (N05B),2016-12-15,8
Diazepam 5mg (N05B),2016-12-16,8
Diazepam 5mg (N05B),2016-12-17,10
Diazepam 5mg (N05B),2016-12-18,13
Diazepam 5mg (N05B),2016-12-20,12
Diazepam 5mg (N05B),2016-12-21,5
Diazepam 5mg (N05B),2016-12-22,1
Diazepam 5mg (N05B),2016-12-23,6
Diazepam 5mg (N05B),2016-12-24,4
Diazepam 5mg (N05B),2016-12-26,6
Diazepam 5mg (N05B),2016-12-27,8
Diazepam 5mg (N05B),2016-12-28,7
Diazepam 5mg (N05B),2016-12-29,4
Diazepam 5mg (N05B),2016-12-30,13
Diazepam 5mg (N05B),2016-12-31,7
Diazepam 5mg (N05B),2017-01-01,9
Diazepam 5mg (N05B),2017-01-03,9
Diazepam 5mg (N05B),2017-01-04,10
Diazepam 5mg (N05B),2017-01-05,15
Diazepam 5mg (N05B),2017-01-06,11
Diazepam 5mg (N05B),2017-01-07,9
Diazepam 5mg (N05B),2017-01-08,10
Diazepam 5mg (N05B),2017-01-09,9
Diazepam 5mg (N05B),2017-01-10,25
Diazepam 5mg (N05B),2017-01-11,20
Diazepam 5mg (N05B),2017-01-12,14
Diazepam 5mg (N05B),2017-01-13,20
Diazepam 5mg (N05B),2017-01-14,17
Diazepam 5mg (N05B),2017-01-15,15
Diazepam 5mg (N05B),2017-01-16,12
Diazepam 5mg (N05B),2017-01-17,13
Diazepam 5mg (N05B),2017-01-18,17
Diazepam 5mg (N05B),2017-01-19,16
Diazepam 5mg (N05B),2017-01-20,23
Diazepam 5mg (N05B),2017-01-21,15
Diazepam 5mg (N05B),2017-01-22,19
Diazepam 5mg (N05B),2017-01-23,16
Diazepam 5mg (N05B),2017-01-24,11
Diazepam 5mg (N05B),2017-01-25,19
Diazepam 5mg (N05B),2017-01-26,14
Diazepam 5mg (N05B),2017-01-27,21
Diazepam 5mg (N05B),2017-01-28,9
Diazepam 5mg (N05B),2017-01-29,16
Diazepam 5mg (N05B),2017-01-30,17
Diazepam 5mg (N05B),2017-01-31,13
Diazepam 5mg (N05B),2017-02-01,11
Diazepam 5mg (N05B),2017-02-02,9
Diazepam 5mg (N05B),2017-02-03,16
Diazepam 5mg (N05B),2017-02-04,12
Diazepam 5mg (N05B),2017-02-05,1
Diazepam 5mg (N05B),2017-02-06,3
Diazepam 5mg (N05B),2017-02-07,3
Diazepam 5mg (N05B),2017-02-08,7
Diazepam 5mg (N05B),2017-02-09,6
Diazepam 5mg (N05B),2017-02-10,5
Diazepam 5mg (N05B),2017-02-11,11
Diazepam 5mg (N05B),2017-02-12,4
Diazepam 5mg (N05B),2017-02-15,1
Diazepam 5mg (N05B),2017-02-16,2
Diazepam 5mg (N05B),2017-02-17,4
Diazepam 5mg (N05B),2017-02-18,10
Diazepam 5mg (N05B),2017-02-19,1
Diazepam 5mg (N05B),2017-02-20,2
Diazepam 5mg (N05B),2017-02-21,14
Diazepam 5mg (N05B),2017-02-22,9
Diazepam 5mg (N05B),2017-02-23,5
Diazepam 5mg (N05B),2017-02-24,10
Diazepam 5mg (N05B),2017-02-25,7
Diazepam 5mg (N05B),2017-02-26,3
Diazepam 5mg (N05B),2017-02-27,14
Diazepam 5mg (N05B),2017-02-28,9
Diazepam 5mg (N05B),2017-03-01,17
Diazepam 5mg (N05B),2017-03-02,1
Diazepam 5mg (N05B),2017-03-03,9
Diazepam 5mg (N05B),2017-03-05,3
Diazepam 5mg (N05B),2017-03-06,1
Diazepam 5mg (N05B),2017-03-07,4
Diazepam 5mg (N05B),2017-03-08,4
Diazepam 5mg (N05B),2017-03-09,6
Diazepam 5mg (N05B),2017-03-10,8
Diazepam 5mg (N05B),2017-03-11,2
Diazepam 5mg (N05B),2017-03-12,6
Diazepam 5mg (N05B),2017-03-13,2
Diazepam 5mg (N05B),2017-03-14,5
Diazepam 5mg (N05B),2017-03-15,4
Diazepam 5mg (N05B),2017-03-16,4
Diazepam 5mg (N05B),2017-03-17,14
Diazepam 5mg (N05B),2017-03-18,3
Diazepam 5mg (N05B),2017-03-19,3
Diazepam 5mg (N05B),2017-03-20,3
Diazepam 5mg (N05B),2017-03-21,4
Diazepam 5mg (N05B),2017-03-22,7
Diazepam 5mg (N05B),2017-03-23,8
Diazepam 5mg (N05B),2017-03-24,7
Diazepam 5mg (N05B),2017-03-25,3
Diazepam 5mg (N05B),2017-03-26,4
Diazepam 5mg (N05B),2017-03-27,5
Diazepam 5mg (N05B),2017-03-28,14
Diazepam 5mg (N05B),2017-03-29,3
Diazepam 5mg (N05B),2017-03-30,9
Diazepam 5mg (N05B),2017-03-31,2
Diazepam 5mg (N05B),2017-04-01,2
Diazepam 5mg (N05B),2017-04-02,4
Diazepam 5mg (N05B),2017-04-03,8
Diazepam 5mg (N05B),2017-04-04,2
Diazepam 5mg (N05B),2017-04-05,9
Diazepam 5mg (N05B),2017-04-06,4
Diazepam 5mg (N05B),2017-04-07,5
Diazepam 5mg (N05B),2017-04-08,3
Diazepam 5mg (N05B),2017-04-09,3
Diazepam 5mg (N05B),2017-04-10,1
Diazepam 5mg (N05B),2017-04-11,5
Diazepam 5mg (N05B),2017-04-12,10
Diazepam 5mg (N05B),2017-04-13,1
Diazepam 5mg (N05B),2017-04-14,3
Diazepam 5mg (N05B),2017-04-15,1
Diazepam 5mg (N05B),2017-04-17,1
Diazepam 5mg (N05B),2017-04-18,8
Diazepam 5mg (N05B),2017-04-19,2
Diazepam 5mg (N05B),2017-04-20,10
Diazepam 5mg (N05B),2017-04-21,3
Diazepam 5mg (N05B),2017-04-22,7
Diazepam 5mg (N05B),2017-04-23,7
Diazepam 5mg (N05B),2017-04-24,9
Diazepam 5mg (N05B),2017-04-25,4
Diazepam 5mg (N05B),2017-04-26,3
Diazepam 5mg (N05B),2017-04-27,10
Diazepam 5mg (N05B),2017-04-28,2
Diazepam 5mg (N05B),2017-04-29,3
Diazepam 5mg (N05B),2017-04-30,2
Diazepam 5mg (N05B),2017-05-02,5
Diazepam 5mg (N05B),2017-05-03,6
Diazepam 5mg (N05B),2017-05-04,4
Diazepam 5mg (N05B),2017-05-05,8
Diazepam 5mg (N05B),2017-05-06,4
Diazepam 5mg (N05B),2017-05-07,3
Diazepam 5mg (N05B),2017-05-08,8
Diazepam 5mg (N05B),2017-05-09,4
Diazepam 5mg (N05B),2017-05-10,4
Diazepam 5mg (N05B),2017-05-11,6
Diazepam 5mg (N05B),2017-05-12,4
Diazepam 5mg (N05B),2017-05-13,4
Diazepam 5mg (N05B),2017-05-14,6
Diazepam 5mg (N05B),2017-05-16,2
Diazepam 5mg (N05B),2017-05-17,5
Diazepam 5mg (N05B),2017-05-18,4
Diazepam 5mg (N05B),2017-05-19,11
Diazepam 5mg (N05B),2017-05-20,5
Diazepam 5mg (N05B),2017-05-21,5
Diazepam 5mg (N05B),2017-05-22,5
Diazepam 5mg (N05B),2017-05-23,9
Diazepam 5mg (N05B),2017-05-24,9
Diazepam 5mg (N05B),2017-05-25,3
Diazepam 5mg (N05B),2017-05-26,4
Diazepam 5mg (N05B),2017-05-27,5
Diazepam 5mg (N05B),2017-05-28,2
Diazepam 5mg (N05B),2017-05-29,4
Diazepam 5mg (N05B),2017-05-30,3
Diazepam 5mg (N05B),2017-05-31,6
Diazepam 5mg (N05B),2017-06-01,10
Diazepam 5mg (N05B),2017-06-02,9
Diazepam 5mg (N05B),2017-06-03,3
Diazepam 5mg (N05B),2017-06-04,3
Diazepam 5mg (N05B),2017-06-05,5
Diazepam 5mg (N05B),2017-06-06,3
Diazepam 5mg (N05B),2017-06-07,13
Diazepam 5mg (N05B),2017-06-08,4
Diazepam 5mg (N05B),2017-06-09,2
Diazepam 5mg (N05B),2017-06-10,2
Diazepam 5mg (N05B),2017-06-11,8
Diazepam 5mg (N05B),2017-06-12,3
Diazepam 5mg (N05B),2017-06-13,9
Diazepam 5mg (N05B),2017-06-14,6
Diazepam 5mg (N05B),2017-06-15,10
Diazepam 5mg (N05B),2017-06-16,6
Diazepam 5mg (N05B),2017-06-17,4
Diazepam 5mg (N05B),2017-06-18,2
Diazepam 5mg (N05B),2017-06-19,1
Diazepam 5mg (N05B),2017-06-20,5
Diazepam 5mg (N05B),2017-06-21,4
Diazepam 5mg (N05B),2017-06-22,4
Diazepam 5mg (N05B),2017-06-23,5
Diazepam 5mg (N05B),2017-06-24,8
Diazepam 5mg (N05B),2017-06-25,4
Diazepam 5mg (N05B),2017-06-26,11
Diazepam 5mg (N05B),2017-06-27,9
Diazepam 5mg (N05B),2017-06-28,7
Diazepam 5mg (N05B),2017-06-29,1
Diazepam 5mg (N05B),2017-06-30,2
Diazepam 5mg (N05B),2017-07-01,5
Diazepam 5mg (N05B),2017-07-02,6
Diazepam 5mg (N05B),2017-07-03,11
Diazepam 5mg (N05B),2017-07-04,7
Diazepam 5mg (N05B),2017-07-05,20
Diazepam 5mg (N05B),2017-07-06,3
Diazepam 5mg (N05B),2017-07-07,6
Diazepam 5mg (N05B),2017-07-08,12
Diazepam 5mg (N05B),2017-07-09,4
Diazepam 5mg (N05B),2017-07-10,5
Diazepam 5mg (N05B),2017-07-11,2
Diazepam 5mg (N05B),2017-07-12,12
Diazepam 5mg (N05B),2017-07-13,5
Diazepam 5mg (N05B),2017-07-14,8
Diazepam 5mg (N05B),2017-07-15,3
Diazepam 5mg (N05B),2017-07-16,6
Diazepam 5mg (N05B),2017-07-17,6
Diazepam 5mg (N05B),2017-07-18,8
Diazepam 5mg (N05B),2017-07-19,6
Diazepam 5mg (N05B),2017-07-20,11
Diazepam 5mg (N05B),2017-07-21,5
Diazepam 5mg (N05B),2017-07-22,3
Diazepam 5mg (N05B),2017-07-23,4
Diazepam 5mg (N05B),2017-07-24,6
Diazepam 5mg (N05B),2017-07-25,5
Diazepam 5mg (N05B),2017-07-26,11
Diazepam 5mg (N05B),2017-07-27,8
Diazepam 5mg (N05B),2017-07-28,10
Diazepam 5mg (N05B),2017-07-29,1
Diazepam 5mg (N05B),2017-07-30,11
Diazepam 5mg (N05B),2017-07-31,9
Diazepam 5mg (N05B),2017-08-01,3
Diazepam 5mg (N05B),2017-08-02,2
Diazepam 5mg (N05B),2017-08-03,8
Diazepam 5mg (N05B),2017-08-04,11
Diazepam 5mg (N05B),2017-08-05,2
Diazepam 5mg (N05B),2017-08-06,6
Diazepam 5mg (N05B),2017-08-07,9
Diazepam 5mg (N05B),2017-08-08,8
Diazepam 5mg (N05B),2017-08-09,15
Diazepam 5mg (N05B),2017-08-10,19
Diazepam 5mg (N05B),2017-08-11,6
Diazepam 5mg (N05B),2017-08-12,4
Diazepam 5mg (N05B),2017-08-13,5
Diazepam 5mg (N05B),2017-08-14,4
Diazepam 5mg (N05B),2017-08-15,11
Diazepam 5mg (N05B),2017-08-16,13
Diazepam 5mg (N05B),2017-08-17,8
Diazepam 5mg (N05B),2017-08-18,4
Diazepam 5mg (N05B),2017-08-19,10
Diazepam 5mg (N05B),2017-08-20,6
Diazepam 5mg (N05B),2017-08-21,4
Diazepam 5mg (N05B),2017-08-22,3
Diazepam 5mg (N05B),2017-08-23,8
Diazepam 5mg (N05B),2017-08-24,13
Diazepam 5mg (N05B),2017-08-25,17
Diazepam 5mg (N05B),2017-08-26,10
Diazepam 5mg (N05B),2017-08-27,5
Diazepam 5mg (N05B),2017-08-28,12
Diazepam 5mg (N05B),2017-08-29,5
Diazepam 5mg (N05B),2017-08-30,4
Diazepam 5mg (N05B),2017-08-31,4
Diazepam 5mg (N05B),2017-09-01,8
Diazepam 5mg (N05B),2017-09-02,8
Diazepam 5mg (N05B),2017-09-03,7
Diazepam 5mg (N05B),2017-09-04,7
Diazepam 5mg (N05B),2017-09-05,7
Diazepam 5mg (N05B),2017-09-06,6
Diazepam 5mg (N05B),2017-09-07,2
Diazepam 5mg (N05B),2017-09-08,8
Diazepam 5mg (N05B),2017-09-09,7
Diazepam 5mg (N05B),2017-09-10,7
Diazepam 5mg (N05B),2017-09-11,16
Diazepam 5mg (N05B),2017-09-12,6
Diazepam 5mg (N05B),2017-09-13,16
Diazepam 5mg (N05B),2017-09-14,6
Diazepam 5mg (N05B),2017-09-15,12
Diazepam 5mg (N05B),2017-09-16,11
Diazepam 5mg (N05B),2017-09-17,6
Diazepam 5mg (N05B),2017-09-18,7
Diazepam 5mg (N05B),2017-09-19,6
Diazepam 5mg (N05B),2017-09-20,6
Diazepam 5mg (N05B),2017-09-21,8
Diazepam 5mg (N05B),2017-09-22,2
Diazepam 5mg (N05B),2017-09-23,12
Diazepam 5mg (N05B),2017-09-24,7
Diazepam 5mg (N05B),2017-09-25,7
Diazepam 5mg (N05B),2017-09-26,4
Diazepam 5mg (N05B),2017-09-27,7
Diazepam 5mg (N05B),2017-09-28,3
Diazepam 5mg (N05B),2017-09-29,8
Diazepam 5mg (N05B),2017-09-30,6
Diazepam 5mg (N05B),2017-10-01,7
Diazepam 5mg (N05B),2017-10-02,3
Diazepam 5mg (N05B),2017-10-03,21
Diazepam 5mg (N05B),2017-10-04,6
Diazepam 5mg (N05B),2017-10-05,5
Diazepam 5mg (N05B),2017-10-06,7
Diazepam 5mg (N05B),2017-10-07,4
Diazepam 5mg (N05B),2017-10-08,2
Diazepam 5mg (N05B),2017-10-10,8
Diazepam 5mg (N05B),2017-10-11,2
Diazepam 5mg (N05B),2017-10-12,9
Diazepam 5mg (N05B),2017-10-13,8
Diazepam 5mg (N05B),2017-10-14,9
Diazepam 5mg (N05B),2017-10-15,5
Diazepam 5mg (N05B),2017-10-16,9
Diazepam 5mg (N05B),2017-10-17,9
Diazepam 5mg (N05B),2017-10-18,15
Diazepam 5mg (N05B),2017-10-19,8
Diazepam 5mg (N05B),2017-10-20,15
Diazepam 5mg (N05B),2017-10-21,9
Diazepam 5mg (N05B),2017-10-22,8
Diazepam 5mg (N05B),2017-10-23,4
Diazepam 5mg (N05B),2017-10-24,3
Diazepam 5mg (N05B),2017-10-25,4
Diazepam 5mg (N05B),2017-10-26,9
Diazepam 5mg (N05B),2017-10-27,14
Diazepam 5mg (N05B),2017-10-28,11
Diazepam 5mg (N05B),2017-10-29,3
Diazepam 5mg (N05B),2017-10-30,7
Diazepam 5mg (N05B),2017-10-31,2
Diazepam 5mg (N05B),2017-11-01,5
Diazepam 5mg (N05B),2017-11-02,5
Diazepam 5mg (N05B),2017-11-03,10
Diazepam 5mg (N05B),2017-11-04,5
Diazepam 5mg (N05B),2017-11-05,1
Diazepam 5mg (N05B),2017-11-06,11
Diazepam 5mg (N05B),2017-11-07,4
Diazepam 5mg (N05B),2017-11-08,1
Diazepam 5mg (N05B),2017-11-09,2
Diazepam 5mg (N05B),2017-11-10,9
Diazepam 5mg (N05B),2017-11-11,8
Diazepam 5mg (N05B),2017-11-12,9
Diazepam 5mg (N05B),2017-11-13,5
Diazepam 5mg (N05B),2017-11-14,14
Diazepam 5mg (N05B),2017-11-15,8
Diazepam 5mg (N05B),2017-11-16,3
Diazepam 5mg (N05B),2017-11-17,5
Diazepam 5mg (N05B),2017-11-18,2
Diazepam 5mg (N05B),2017-11-19,3
Diazepam 5mg (N05B),2017-11-20,10
Diazepam 5mg (N05B),2017-11-21,5
Diazepam 5mg (N05B),2017-11-22,20
Diazepam 5mg (N05B),2017-11-23,14
Diazepam 5mg (N05B),2017-11-24,5
Diazepam 5mg (N05B),2017-11-25,8
Diazepam 5mg (N05B),2017-11-26,2
Diazepam 5mg (N05B),2017-11-27,4
Diazepam 5mg (N05B),2017-11-28,5
Diazepam 5mg (N05B),2017-11-29,7
Diazepam 5mg (N05B),2017-11-30,2
Diazepam 5mg (N05B),2017-12-01,3
Diazepam 5mg (N05B),2017-12-02,11
Diazepam 5mg (N05B),2017-12-03,3
Diazepam 5mg (N05B),2017-12-04,3
Diazepam 5mg (N05B),2017-12-05,1
Diazepam 5mg (N05B),2017-12-06,12
Diazepam 5mg (N05B),2017-12-07,8
Diazepam 5mg (N05B),2017-12-08,5
Diazepam 5mg (N05B),2017-12-09,14
Diazepam 5mg (N05B),2017-12-10,7
Diazepam 5mg (N05B),2017-12-11,10
Diazepam 5mg (N05B),2017-12-12,6
Diazepam 5mg (N05B),2017-12-13,9
Diazepam 5mg (N05B),2017-12-14,5
Diazepam 5mg (N05B),2017-12-15,6
Diazepam 5mg (N05B),2017-12-16,6
Diazepam 5mg (N05B),2017-12-17,11
Diazepam 5mg (N05B),2017-12-18,7
Diazepam 5mg (N05B),2017-12-20,3
Diazepam 5mg (N05B),2017-12-21,5
Diazepam 5mg (N05B),2017-12-22,13
Diazepam 5mg (N05B),2017-12-23,6
Diazepam 5mg (N05B),2017-12-24,4
Diazepam 5mg (N05B),2017-12-25,4
Diazepam 5mg (N05B),2017-12-26,9
Diazepam 5mg (N05B),2017-12-27,9
Diazepam 5mg (N05B),2017-12-28,12
Diazepam 5mg (N05B),2017-12-29,17
Diazepam 5mg (N05B),2017-12-30,8
Diazepam 5mg (N05B),2017-12-31,9
Diazepam 5mg (N05B),2018-01-02,3
Diazepam 5mg (N05B),2018-01-03,4
Diazepam 5mg (N05B),2018-01-04,9
Diazepam 5mg (N05B),2018-01-05,11
Diazepam 5mg (N05B),2018-01-06,4
Diazepam 5mg (N05B),2018-01-08,5
Diazepam 5mg (N05B),2018-01-09,9
Diazepam 5mg (N05B),2018-01-10,12
Diazepam 5mg (N05B),2018-01-11,7
Diazepam 5mg (N05B),2018-01-12,11
Diazepam 5mg (N05B),2018-01-13,6
Diazepam 5mg (N05B),2018-01-14,2
Diazepam 5mg (N05B),2018-01-15,8
Diazepam 5mg (N05B),2018-01-16,2
Diazepam 5mg (N05B),2018-01-17,10
Diazepam 5mg (N05B),2018-01-18,9
Diazepam 5mg (N05B),2018-01-19,12
Diazepam 5mg (N05B),2018-01-20,2
Diazepam 5mg (N05B),2018-01-21,6
Diazepam 5mg (N05B),2018-01-22,5
Diazepam 5mg (N05B),2018-01-23,4
Diazepam 5mg (N05B),2018-01-24,13
Diazepam 5mg (N05B),2018-01-25,15
Diazepam 5mg (N05B),2018-01-26,9
Diazepam 5mg (N05B),2018-01-27,7
Diazepam 5mg (N05B),2018-01-28,11
Diazepam 5mg (N05B),2018-01-29,10
Diazepam 5mg (N05B),2018-01-30,11
Diazepam 5mg (N05B),2018-01-31,12
Diazepam 5mg (N05B),2018-02-01,7
Diazepam 5mg (N05B),2018-02-02,6
Diazepam 5mg (N05B),2018-02-03,12
Diazepam 5mg (N05B),2018-02-04,6
Diazepam 5mg (N05B),2018-02-05,18
Diazepam 5mg (N05B),2018-02-06,8
Diazepam 5mg (N05B),2018-02-07,8
Diazepam 5mg (N05B),2018-02-08,7
Diazepam 5mg (N05B),2018-02-09,17
Diazepam 5mg (N05B),2018-02-10,6
Diazepam 5mg (N05B),2018-02-11,12
Diazepam 5mg (N05B),2018-02-12,14
Diazepam 5mg (N05B),2018-02-13,10
Diazepam 5mg (N05B),2018-02-14,15
Diazepam 5mg (N05B),2018-02-15,6
Diazepam 5mg (N05B),2018-02-16,10
Diazepam 5mg (N05B),2018-02-17,5
Diazepam 5mg (N05B),2018-02-18,2
Diazepam 5mg (N05B),2018-02-19,6
Diazepam 5mg (N05B),2018-02-20,6
Diazepam 5mg (N05B),2018-02-21,5
Diazepam 5mg (N05B),2018-02-22,6
Diazepam 5mg (N05B),2018-02-23,6
Diazepam 5mg (N05B),2018-02-24,10
Diazepam 5mg (N05B),2018-02-25,10
Diazepam 5mg (N05B),2018-02-26,9
Diazepam 5mg (N05B),2018-02-27,20
Diazepam 5mg (N05B),2018-02-28,21
Diazepam 5mg (N05B),2018-03-01,26
Diazepam 5mg (N05B),2018-03-02,24
Diazepam 5mg (N05B),2018-03-03,12
Diazepam 5mg (N05B),2018-03-04,3
Diazepam 5mg (N05B),2018-03-05,6
Diazepam 5mg (N05B),2018-03-06,22
Diazepam 5mg (N05B),2018-03-07,31
Diazepam 5mg (N05B),2018-03-08,10
Diazepam 5mg (N05B),2018-03-09,11
Diazepam 5mg (N05B),2018-03-10,11
Diazepam 5mg (N05B),2018-03-12,9
Diazepam 5mg (N05B),2018-03-13,18
Diazepam 5mg (N05B),2018-03-14,14
Diazepam 5mg (N05B),2018-03-15,10
Diazepam 5mg (N05B),2018-03-16,7
Diazepam 5mg (N05B),2018-03-17,11
Diazepam 5mg (N05B),2018-03-18,8
Diazepam 5mg (N05B),2018-03-19,11
Diazepam 5mg (N05B),2018-03-20,7
Diazepam 5mg (N05B),2018-03-21,4
Diazepam 5mg (N05B),2018-03-22,4
Diazepam 5mg (N05B),2018-03-23,8
Diazepam 5mg (N05B),2018-03-24,7
Diazepam 5mg (N05B),2018-03-25,9
Diazepam 5mg (N05B),2018-03-26,15
Diazepam 5mg (N05B),2018-03-27,14
Diazepam 5mg (N05B),2018-03-28,23
Diazepam 5mg (N05B),2018-03-29,5
Diazepam 5mg (N05B),2018-03-30,33
Diazepam 5mg (N05B),2018-03-31,8
Diazepam 5mg (N05B),2018-04-01,19
Diazepam 5mg (N05B),2018-04-02,31
Diazepam 5mg (N05B),2018-04-03,10
Diazepam 5mg (N05B),2018-04-04,9
Diazepam 5mg (N05B),2018-04-05,16
Diazepam 5mg (N05B),2018-04-06,13
Diazepam 5mg (N05B),2018-04-07,4
Diazepam 5mg (N05B),2018-04-09,6
Diazepam 5mg (N05B),2018-04-10,18
Diazepam 5mg (N05B),2018-04-11,12
Diazepam 5mg (N05B),2018-04-12,9
Diazepam 5mg (N05B),2018-04-13,12
Diazepam 5mg (N05B),2018-04-14,2
Diazepam 5mg (N05B),2018-04-15,5
Diazepam 5mg (N05B),2018-04-16,9
Diazepam 5mg (N05B),2018-04-17,10
Diazepam 5mg (N05B),2018-04-18,5
Diazepam 5mg (N05B),2018-04-19,3
Diazepam 5mg (N05B),2018-04-20,10
Diazepam 5mg (N05B),2018-04-21,7
Diazepam 5mg (N05B),2018-04-22,7
Diazepam 5mg (N05B),2018-04-23,7
Diazepam 5mg (N05B),2018-04-24,9
Diazepam 5mg (N05B),2018-04-25,8
Diazepam 5mg (N05B),2018-04-26,8
Diazepam 5mg (N05B),2018-04-27,12
Diazepam 5mg (N05B),2018-04-28,11
Diazepam 5mg (N05B),2018-04-29,5
Diazepam 5mg (N05B),2018-04-30,12
Diazepam 5mg (N05B),2018-05-02,7
Diazepam 5mg (N05B),2018-05-03,10
Diazepam 5mg (N05B),2018-05-04,6
Diazepam 5mg (N05B),2018-05-05,9
Diazepam 5mg (N05B),2018-05-06,9
Diazepam 5mg (N05B),2018-05-07,13
Diazepam 5mg (N05B),2018-05-08,14
Diazepam 5mg (N05B),2018-05-09,8
Diazepam 5mg (N05B),2018-05-10,12
Diazepam 5mg (N05B),2018-05-11,6
Diazepam 5mg (N05B),2018-05-12,10
Diazepam 5mg (N05B),2018-05-13,3
Diazepam 5mg (N05B),2018-05-14,4
Diazepam 5mg (N05B),2018-05-15,11
Diazepam 5mg (N05B),2018-05-16,9
Diazepam 5mg (N05B),2018-05-17,11
Diazepam 5mg (N05B),2018-05-18,11
Diazepam 5mg (N05B),2018-05-19,7
Diazepam 5mg (N05B),2018-05-20,6
Diazepam 5mg (N05B),2018-05-21,18
Diazepam 5mg (N05B),2018-05-22,7
Diazepam 5mg (N05B),2018-05-23,7
Diazepam 5mg (N05B),2018-05-24,6
Diazepam 5mg (N05B),2018-05-25,9
Diazepam 5mg (N05B),2018-05-26,7
Diazepam 5mg (N05B),2018-05-27,6
Diazepam 5mg (N05B),2018-05-28,7
Diazepam 5mg (N05B),2018-05-29,7
Diazepam 5mg (N05B),2018-05-30,9
Diazepam 5mg (N05B),2018-05-31,10
Diazepam 5mg (N05B),2018-06-01,9
Diazepam 5mg (N05B),2018-06-02,9
Diazepam 5mg (N05B),2018-06-03,8
Diazepam 5mg (N05B),2018-06-04,3
Diazepam 5mg (N05B),2018-06-05,7
Diazepam 5mg (N05B),2018-06-06,16
Diazepam 5mg (N05B),2018-06-07,11
Diazepam 5mg (N05B),2018-06-08,6
Diazepam 5mg (N05B),2018-06-09,11
Diazepam 5mg (N05B),2018-06-10,7
Diazepam 5mg (N05B),2018-06-11,17
Diazepam 5mg (N05B),2018-06-12,3
Diazepam 5mg (N05B),2018-06-13,1
Diazepam 5mg (N05B),2018-06-14,11
Diazepam 5mg (N05B),2018-06-15,10
Diazepam 5mg (N05B),2018-06-16,5
Diazepam 5mg (N05B),2018-06-17,10
Diazepam 5mg (N05B),2018-06-18,4
Diazepam 5mg (N05B),2018-06-19,8
Diazepam 5mg (N05B),2018-06-20,8
Diazepam 5mg (N05B),2018-06-21,5
Diazepam 5mg (N05B),2018-06-22,3
Diazepam 5mg (N05B),2018-06-23,7
Diazepam 5mg (N05B),2018-06-24,10
Diazepam 5mg (N05B),2018-06-25,12
Diazepam 5mg (N05B),2018-06-26,6
Diazepam 5mg (N05B),2018-06-27,10
Diazepam 5mg (N05B),2018-06-28,13
Diazepam 5mg (N05B),2018-06-29,8
Diazepam 5mg (N05B),2018-06-30,10
Diazepam 5mg (N05B),2018-07-01,7
Diazepam 5mg (N05B),2018-07-02,18
Diazepam 5mg (N05B),2018-07-03,9
Diazepam 5mg (N05B),2018-07-04,6
Diazepam 5mg (N05B),2018-07-05,6
Diazepam 5mg (N05B),2018-07-06,15
Diazepam 5mg (N05B),2018-07-07,14
Diazepam 5mg (N05B),2018-07-08,10
Diazepam 5mg (N05B),2018-07-09,12
Diazepam 5mg (N05B),2018-07-10,9
Diazepam 5mg (N05B),2018-07-11,13
Diazepam 5mg (N05B),2018-07-12,11
Diazepam 5mg (N05B),2018-07-13,5
Diazepam 5mg (N05B),2018-07-14,8
Diazepam 5mg (N05B),2018-07-15,4
Diazepam 5mg (N05B),2018-07-16,8
Diazepam 5mg (N05B),2018-07-17,13
Diazepam 5mg (N05B),2018-07-18,17
Diazepam 5mg (N05B),2018-07-19,14
Diazepam 5mg (N05B),2018-07-20,2
Diazepam 5mg (N05B),2018-07-21,7
Diazepam 5mg (N05B),2018-07-22,4
Diazepam 5mg (N05B),2018-07-23,15
Diazepam 5mg (N05B),2018-07-24,4
Diazepam 5mg (N05B),2018-07-25,7
Diazepam 5mg (N05B),2018-07-26,4
Diazepam 5mg (N05B),2018-07-27,11
Diazepam 5mg (N05B),2018-07-28,9
Diazepam 5mg (N05B),2018-07-29,7
Diazepam 5mg (N05B),2018-07-30,9
Diazepam 5mg (N05B),2018-07-31,5
Diazepam 5mg (N05B),2018-08-01,9
Diazepam 5mg (N05B),2018-08-02,11
Diazepam 5mg (N05B),2018-08-03,9
Diazepam 5mg (N05B),2018-08-04,11
Diazepam 5mg (N05B),2018-08-05,4
Diazepam 5mg (N05B),2018-08-06,7
Diazepam 5mg (N05B),2018-08-07,7
Diazepam 5mg (N05B),2018-08-08,13
Diazepam 5mg (N05B),2018-08-09,13
Diazepam 5mg (N05B),2018-08-10,4
Diazepam 5mg (N05B),2018-08-11,16
Diazepam 5mg (N05B),2018-08-12,6
Diazepam 5mg (N05B),2018-08-13,15
Diazepam 5mg (N05B),2018-08-14,9
Diazepam 5mg (N05B),2018-08-15,13
Diazepam 5mg (N05B),2018-08-16,6
Diazepam 5mg (N05B),2018-08-17,5
Diazepam 5mg (N05B),2018-08-18,5
Diazepam 5mg (N05B),2018-08-19,3
Diazepam 5mg (N05B),2018-08-20,7
Diazepam 5mg (N05B),2018-08-21,4
Diazepam 5mg (N05B),2018-08-22,4
Diazepam 5mg (N05B),2018-08-23,8
Diazepam 5mg (N05B),2018-08-24,7
Diazepam 5mg (N05B),2018-08-25,4
Diazepam 5mg (N05B),2018-08-26,10
Diazepam 5mg (N05B),2018-08-27,6
Diazepam 5mg (N05B),2018-08-28,7
Diazepam 5mg (N05B),2018-08-29,10
Diazepam 5mg (N05B),2018-08-30,7
Diazepam 5mg (N05B),2018-08-31,13
Diazepam 5mg (N05B),2018-09-01,6
Diazepam 5mg (N05B),2018-09-02,5
Diazepam 5mg (N05B),2018-09-03,12
Diazepam 5mg (N05B),2018-09-04,7
Diazepam 5mg (N05B),2018-09-05,11
Diazepam 5mg (N05B),2018-09-06,13
Diazepam 5mg (N05B),2018-09-07,6
Diazepam 5mg (N05B),2018-09-08,12
Diazepam 5mg (N05B),2018-09-09,2
Diazepam 5mg (N05B),2018-09-10,14
Diazepam 5mg (N05B),2018-09-11,15
Diazepam 5mg (N05B),2018-09-12,18
Diazepam 5mg (N05B),2018-09-13,5
Diazepam 5mg (N05B),2018-09-14,7
Diazepam 5mg (N05B),2018-09-15,6
Diazepam 5mg (N05B),2018-09-16,6
Diazepam 5mg (N05B),2018-09-17,10
Diazepam 5mg (N05B),2018-09-18,6
Diazepam 5mg (N05B),2018-09-19,10
Diazepam 5mg (N05B),2018-09-20,13
Diazepam 5mg (N05B),2018-09-21,10
Diazepam 5mg (N05B),2018-09-22,6
Diazepam 5mg (N05B),2018-09-23,9
Diazepam 5mg (N05B),2018-09-24,7
Diazepam 5mg (N05B),2018-09-25,11
Diazepam 5mg (N05B),2018-09-26,9
Diazepam 5mg (N05B),2018-09-27,11
Diazepam 5mg (N05B),2018-09-28,3
Diazepam 5mg (N05B),2018-09-29,4
Diazepam 5mg (N05B),2018-09-30,9
Diazepam 5mg (N05B),2018-10-01,10
Diazepam 5mg (N05B),2018-10-02,7
Diazepam 5mg (N05B),2018-10-03,12
Diazepam 5mg (N05B),2018-10-04,12
Diazepam 5mg (N05B),2018-10-05,7
Diazepam 5mg (N05B),2018-10-06,4
Diazepam 5mg (N05B),2018-10-07,8
Diazepam 5mg (N05B),2018-10-08,18
Diazepam 5mg (N05B),2018-10-09,18
Diazepam 5mg (N05B),2018-10-10,13
Diazepam 5mg (N05B),2018-10-11,15
Diazepam 5mg (N05B),2018-10-12,6
Diazepam 5mg (N05B),2018-10-13,8
Diazepam 5mg (N05B),2018-10-14,9
Diazepam 5mg (N05B),2018-10-15,12
Diazepam 5mg (N05B),2018-10-16,5
Diazepam 5mg (N05B),2018-10-17,5
Diazepam 5mg (N05B),2018-10-18,9
Diazepam 5mg (N05B),2018-10-19,5
Diazepam 5mg (N05B),2018-10-20,9
Diazepam 5mg (N05B),2018-10-21,5
Diazepam 5mg (N05B),2018-10-22,8
Diazepam 5mg (N05B),2018-10-23,9
Diazepam 5mg (N05B),2018-10-24,7
Diazepam 5mg (N05B),2018-10-25,12
Diazepam 5mg (N05B),2018-10-26,14
Diazepam 5mg (N05B),2018-10-27,12
Diazepam 5mg (N05B),2018-10-28,9
Diazepam 5mg (N05B),2018-10-29,5
Diazepam 5mg (N05B),2018-10-30,7
Diazepam 5mg (N05B),2018-10-31,7
Diazepam 5mg (N05B),2018-11-01,6
Diazepam 5mg (N05B),2018-11-02,8
Diazepam 5mg (N05B),2018-11-03,2
Diazepam 5mg (N05B),2018-11-04,7
Diazepam 5mg (N05B),2018-11-05,14
Diazepam 5mg (N05B),2018-11-06,8
Diazepam 5mg (N05B),2018-11-07,15
Diazepam 5mg (N05B),2018-11-08,5
Diazepam 5mg (N05B),2018-11-09,7
Diazepam 5mg (N05B),2018-11-10,7
Diazepam 5mg (N05B),2018-11-11,14
Diazepam 5mg (N05B),2018-11-12,15
Diazepam 5mg (N05B),2018-11-13,18
Diazepam 5mg (N05B),2018-11-14,9
Diazepam 5mg (N05B),2018-11-15,3
Diazepam 5mg (N05B),2018-11-16,6
Diazepam 5mg (N05B),2018-11-17,5
Diazepam 5mg (N05B),2018-11-18,7
Diazepam 5mg (N05B),2018-11-19,6
Diazepam 5mg (N05B),2018-11-20,4
Diazepam 5mg (N05B),2018-11-21,5
Diazepam 5mg (N05B),2018-11-22,9
Diazepam 5mg (N05B),2018-11-23,13
Diazepam 5mg (N05B),2018-11-24,11
Diazepam 5mg (N05B),2018-11-25,6
Diazepam 5mg (N05B),2018-11-26,15
Diazepam 5mg (N05B),2018-11-27,2
Diazepam 5mg (N05B),2018-11-28,15
Diazepam 5mg (N05B),2018-11-29,7
Diazepam 5mg (N05B),2018-11-30,3
Diazepam 5mg (N05B),2018-12-01,7
Diazepam 5mg (N05B),2018-12-02,6
Diazepam 5mg (N05B),2018-12-03,13
Diazepam 5mg (N05B),2018-12-04,11
Diazepam 5mg (N05B),2018-12-05,13
Diazepam 5mg (N05B),2018-12-07,14
Diazepam 5mg (N05B),2018-12-09,9
Diazepam 5mg (N05B),2018-12-10,12
Diazepam 5mg (N05B),2018-12-11,12
Diazepam 5mg (N05B),2018-12-12,11
Diazepam 5mg (N05B),2018-12-13,6
Diazepam 5mg (N05B),2018-12-14,2
Diazepam 5mg (N05B),2018-12-15,5
Diazepam 5mg (N05B),2018-12-16,3
Diazepam 5mg (N05B),2018-12-17,6
Diazepam 5mg (N05B),2018-12-18,12
Diazepam 5mg (N05B),2018-12-20,12
Diazepam 5mg (N05B),2018-12-21,12
Diazepam 5mg (N05B),2018-12-22,3
Diazepam 5mg (N05B),2018-12-23,8
Diazepam 5mg (N05B),2018-12-24,20
Diazepam 5mg (N05B),2018-12-25,9
Diazepam 5mg (N05B),2018-12-26,8
Diazepam 5mg (N05B),2018-12-27,8
Diazepam 5mg (N05B),2018-12-28,11
Diazepam 5mg (N05B),2018-12-29,5
Diazepam 5mg (N05B),2018-12-30,6
Diazepam 5mg (N05B),2018-12-31,10
Diazepam 5mg (N05B),2019-01-02,4
Diazepam 5mg (N05B),2019-01-03,6
Diazepam 5mg (N05B),2019-01-04,10
Diazepam 5mg (N05B),2019-01-05,10
Diazepam 5mg (N05B),2019-01-06,11
Diazepam 5mg (N05B),2019-01-08,6
Diazepam 5mg (N05B),2019-01-09,24
Diazepam 5mg (N05B),2019-01-10,12
Diazepam 5mg (N05B),2019-01-11,12
Diazepam 5mg (N05B),2019-01-12,21
Diazepam 5mg (N05B),2019-01-13,4
Diazepam 5mg (N05B),2019-01-14,10
Diazepam 5mg (N05B),2019-01-15,9
Diazepam 5mg (N05B),2019-01-16,12
Diazepam 5mg (N05B),2019-01-17,10
Diazepam 5mg (N05B),2019-01-18,13
Diazepam 5mg (N05B),2019-01-19,9
Diazepam 5mg (N05B),2019-01-20,6
Diazepam 5mg (N05B),2019-01-21,11
Diazepam 5mg (N05B),2019-01-22,13
Diazepam 5mg (N05B),2019-01-23,4
Diazepam 5mg (N05B),2019-01-24,7
Diazepam 5mg (N05B),2019-01-25,11
Diazepam 5mg (N05B),2019-01-26,11
Diazepam 5mg (N05B),2019-01-27,12
Diazepam 5mg (N05B),2019-01-28,11
Diazepam 5mg (N05B),2019-01-29,10
Diazepam 5mg (N05B),2019-01-30,8
Diazepam 5mg (N05B),2019-01-31,8
Diazepam 5mg (N05B),2019-02-01,9
Diazepam 5mg (N05B),2019-02-02,8
Diazepam 5mg (N05B),2019-02-03,10
Diazepam 5mg (N05B),2019-02-04,5
Diazepam 5mg (N05B),2019-02-05,2
Diazepam 5mg (N05B),2019-02-06,4
Diazepam 5mg (N05B),2019-02-07,11
Diazepam 5mg (N05B),2019-02-08,9
Diazepam 5mg (N05B),2019-02-09,10
Diazepam 5mg (N05B),2019-02-10,9
Diazepam 5mg (N05B),2019-02-11,10
Diazepam 5mg (N05B),2019-02-12,8
Diazepam 5mg (N05B),2019-02-13,16
Diazepam 5mg (N05B),2019-02-14,9
Diazepam 5mg (N05B),2019-02-15,16
Diazepam 5mg (N05B),2019-02-16,8
Diazepam 5mg (N05B),2019-02-17,11
Diazepam 5mg (N05B),2019-02-18,7
Diazepam 5mg (N05B),2019-02-19,15
Diazepam 5mg (N05B),2019-02-20,14
Diazepam 5mg (N05B),2019-02-21,15
Diazepam 5mg (N05B),2019-02-22,5
Diazepam 5mg (N05B),2019-02-23,13
Diazepam 5mg (N05B),2019-02-24,2
Diazepam 5mg (N05B),2019-02-25,4
Diazepam 5mg (N05B),2019-02-26,8
Diazepam 5mg (N05B),2019-02-27,9
Diazepam 5mg (N05B),2019-02-28,2
Diazepam 5mg (N05B),2019-03-01,12
Diazepam 5mg (N05B),2019-03-02,9
Diazepam 5mg (N05B),2019-03-03,5
Diazepam 5mg (N05B),2019-03-04,3
Diazepam 5mg (N05B),2019-03-05,8
Diazepam 5mg (N05B),2019-03-06,17
Diazepam 5mg (N05B),2019-03-07,24
Diazepam 5mg (N05B),2019-03-08,4
Diazepam 5mg (N05B),2019-03-09,11
Diazepam 5mg (N05B),2019-03-10,5
Diazepam 5mg (N05B),2019-03-11,10
Diazepam 5mg (N05B),2019-03-12,12
Diazepam 5mg (N05B),2019-03-13,10
Diazepam 5mg (N05B),2019-03-14,12
Diazepam 5mg (N05B),2019-03-15,7
Diazepam 5mg (N05B),2019-03-16,9
Diazepam 5mg (N05B),2019-03-17,6
Diazepam 5mg (N05B),2019-03-18,11
Diazepam 5mg (N05B),2019-03-19,10
Diazepam 5mg (N05B),2019-03-20,8
Diazepam 5mg (N05B),2019-03-21,13
Diazepam 5mg (N05B),2019-03-22,13
Diazepam 5mg (N05B),2019-03-23,7
Diazepam 5mg (N05B),2019-03-24,6
Diazepam 5mg (N05B),2019-03-25,11
Diazepam 5mg (N05B),2019-03-26,11
Diazepam 5mg (N05B),2019-03-27,12
Diazepam 5mg (N05B),2019-03-28,6
Diazepam 5mg (N05B),2019-03-29,10
Diazepam 5mg (N05B),2019-03-30,11
Diazepam 5mg (N05B),2019-03-31,8
Diazepam 5mg (N05B),2019-04-01,12
Diazepam 5mg (N05B),2019-04-02,7
Diazepam 5mg (N05B),2019-04-03,12
Diazepam 5mg (N05B),2019-04-04,8
Diazepam 5mg (N05B),2019-04-05,7
Diazepam 5mg (N05B),2019-04-06,13
Diazepam 5mg (N05B),2019-04-07,3
Diazepam 5mg (N05B),2019-04-08,8
Diazepam 5mg (N05B),2019-04-09,10
Diazepam 5mg (N05B),2019-04-10,16
Diazepam 5mg (N05B),2019-04-11,15
Diazepam 5mg (N05B),2019-04-12,16
Diazepam 5mg (N05B),2019-04-13,4
Diazepam 5mg (N05B),2019-04-14,3
Diazepam 5mg (N05B),2019-04-15,17
Diazepam 5mg (N05B),2019-04-16,12
Diazepam 5mg (N05B),2019-04-17,11
Diazepam 5mg (N05B),2019-04-19,17
Diazepam 5mg (N05B),2019-04-20,12
Diazepam 5mg (N05B),2019-04-21,11
Diazepam 5mg (N05B),2019-04-22,12
Diazepam 5mg (N05B),2019-04-23,6
Diazepam 5mg (N05B),2019-04-24,13
Diazepam 5mg (N05B),2019-04-25,17
Diazepam 5mg (N05B),2019-04-26,6
Diazepam 5mg (N05B),2019-04-27,13
Diazepam 5mg (N05B),2019-04-29,5
Diazepam 5mg (N05B),2019-04-30,13
Diazepam 5mg (N05B),2019-05-01,1
Diazepam 5mg (N05B),2019-05-02,15
Diazepam 5mg (N05B),2019-05-03,11
Diazepam 5mg (N05B),2019-05-04,5
Diazepam 5mg (N05B),2019-05-05,2
Diazepam 5mg (N05B),2019-05-06,11
Diazepam 5mg (N05B),2019-05-07,19
Diazepam 5mg (N05B),2019-05-08,15
Diazepam 5mg (N05B),2019-05-09,10
Diazepam 5mg (N05B),2019-05-10,13
Diazepam 5mg (N05B),2019-05-11,9
Diazepam 5mg (N05B),2019-05-12,2
Diazepam 5mg (N05B),2019-05-13,11
Diazepam 5mg (N05B),2019-05-14,5
Diazepam 5mg (N05B),2019-05-15,7
Diazepam 5mg (N05B),2019-05-16,9
Diazepam 5mg (N05B),2019-05-17,18
Diazepam 5mg (N05B),2019-05-18,9
Diazepam 5mg (N05B),2019-05-19,9
Diazepam 5mg (N05B),2019-05-20,11
Diazepam 5mg (N05B),2019-05-21,12
Diazepam 5mg (N05B),2019-05-22,8
Diazepam 5mg (N05B),2019-05-23,4
Diazepam 5mg (N05B),2019-05-24,8
Diazepam 5mg (N05B),2019-05-25,4
Diazepam 5mg (N05B),2019-05-26,3
Diazepam 5mg (N05B),2019-05-27,8
Diazepam 5mg (N05B),2019-05-28,10
Diazepam 5mg (N05B),2019-05-29,10
Diazepam 5mg (N05B),2019-05-30,5
Diazepam 5mg (N05B),2019-05-31,2
Diazepam 5mg (N05B),2019-06-01,1
Diazepam 5mg (N05B),2019-06-02,4
Diazepam 5mg (N05B),2019-06-03,4
Diazepam 5mg (N05B),2019-06-04,9
Diazepam 5mg (N05B),2019-06-05,7
Diazepam 5mg (N05B),2019-06-06,7
Diazepam 5mg (N05B),2019-06-07,6
Diazepam 5mg (N05B),2019-06-08,12
Diazepam 5mg (N05B),2019-06-09,7
Diazepam 5mg (N05B),2019-06-10,7
Diazepam 5mg (N05B),2019-06-11,9
Diazepam 5mg (N05B),2019-06-12,11
Diazepam 5mg (N05B),2019-06-13,2
Diazepam 5mg (N05B),2019-06-14,2
Diazepam 5mg (N05B),2019-06-15,13
Diazepam 5mg (N05B),2019-06-16,2
Diazepam 5mg (N05B),2019-06-17,6
Diazepam 5mg (N05B),2019-06-18,8
Diazepam 5mg (N05B),2019-06-19,6
Diazepam 5mg (N05B),2019-06-20,9
Diazepam 5mg (N05B),2019-06-21,8
Diazepam 5mg (N05B),2019-06-22,11
Diazepam 5mg (N05B),2019-06-23,1
Diazepam 5mg (N05B),2019-06-24,9
Diazepam 5mg (N05B),2019-06-25,10
Diazepam 5mg (N05B),2019-06-26,5
Diazepam 5mg (N05B),2019-06-27,5
Diazepam 5mg (N05B),2019-06-28,5
Diazepam 5mg (N05B),2019-06-29,2
Diazepam 5mg (N05B),2019-06-30,5
Diazepam 5mg (N05B),2019-07-01,7
Diazepam 5mg (N05B),2019-07-02,9
Diazepam 5mg (N05B),2019-07-03,9
Diazepam 5mg (N05B),2019-07-04,7
Diazepam 5mg (N05B),2019-07-05,11
Diazepam 5mg (N05B),2019-07-06,2
Diazepam 5mg (N05B),2019-07-07,2
Diazepam 5mg (N05B),2019-07-08,9
Diazepam 5mg (N05B),2019-07-09,12
Diazepam 5mg (N05B),2019-07-10,10
Diazepam 5mg (N05B),2019-07-11,7
Diazepam 5mg (N05B),2019-07-12,7
Diazepam 5mg (N05B),2019-07-13,5
Diazepam 5mg (N05B),2019-07-14,3
Diazepam 5mg (N05B),2019-07-15,6
Diazepam 5mg (N05B),2019-07-16,7
Diazepam 5mg (N05B),2019-07-17,7
Diazepam 5mg (N05B),2019-07-18,11
Diazepam 5mg (N05B),2019-07-19,15
Diazepam 5mg (N05B),2019-07-20,4
Diazepam 5mg (N05B),2019-07-21,5
Diazepam 5mg (N05B),2019-07-22,10
Diazepam 5mg (N05B),2019-07-23,11
Diazepam 5mg (N05B),2019-07-24,19
Diazepam 5mg (N05B),2019-07-25,9
Diazepam 5mg (N05B),2019-07-26,12
Diazepam 5mg (N05B),2019-07-27,6
Diazepam 5mg (N05B),2019-07-28,3
Diazepam 5mg (N05B),2019-07-29,12
Diazepam 5mg (N05B),2019-07-30,9
Diazepam 5mg (N05B),2019-07-31,4
Diazepam 5mg (N05B),2019-08-01,6
Diazepam 5mg (N05B),2019-08-02,7
Diazepam 5mg (N05B),2019-08-03,6
Diazepam 5mg (N05B),2019-08-04,10
Diazepam 5mg (N05B),2019-08-05,7
Diazepam 5mg (N05B),2019-08-06,4
Diazepam 5mg (N05B),2019-08-07,7
Diazepam 5mg (N05B),2019-08-08,10
Diazepam 5mg (N05B),2019-08-09,13
Diazepam 5mg (N05B),2019-08-10,11
Diazepam 5mg (N05B),2019-08-11,5
Diazepam 5mg (N05B),2019-08-12,11
Diazepam 5mg (N05B),2019-08-13,3
Diazepam 5mg (N05B),2019-08-14,6
Diazepam 5mg (N05B),2019-08-15,9
Diazepam 5mg (N05B),2019-08-16,15
Diazepam 5mg (N05B),2019-08-17,5
Diazepam 5mg (N05B),2019-08-18,4
Diazepam 5mg (N05B),2019-08-19,11
Diazepam 5mg (N05B),2019-08-20,8
Diazepam 5mg (N05B),2019-08-21,10
Diazepam 5mg (N05B),2019-08-22,8
Diazepam 5mg (N05B),2019-08-23,11
Diazepam 5mg (N05B),2019-08-24,9
Diazepam 5mg (N05B),2019-08-25,4
Diazepam 5mg (N05B),2019-08-26,11
Diazepam 5mg (N05B),2019-08-27,3
Diazepam 5mg (N05B),2019-08-28,6
Diazepam 5mg (N05B),2019-08-29,9
Diazepam 5mg (N05B),2019-08-30,3
Diazepam 5mg (N05B),2019-08-31,5
Diazepam 5mg (N05B),2019-09-01,8
Diazepam 5mg (N05B),2019-09-02,7
Diazepam 5mg (N05B),2019-09-03,8
Diazepam 5mg (N05B),2019-09-04,7
Diazepam 5mg (N05B),2019-09-05,1
Diazepam 5mg (N05B),2019-09-06,7
Diazepam 5mg (N05B),2019-09-07,14
Diazepam 5mg (N05B),2019-09-08,7
Diazepam 5mg (N05B),2019-09-09,4
Diazepam 5mg (N05B),2019-09-10,17
Diazepam 5mg (N05B),2019-09-11,5
Diazepam 5mg (N05B),2019-09-12,11
Diazepam 5mg (N05B),2019-09-13,12
Diazepam 5mg (N05B),2019-09-14,12
Diazepam 5mg (N05B),2019-09-15,6
Diazepam 5mg (N05B),2019-09-16,5
Diazepam 5mg (N05B),2019-09-17,8
Diazepam 5mg (N05B),2019-09-18,4
Diazepam 5mg (N05B),2019-09-19,5
Diazepam 5mg (N05B),2019-09-20,3
Diazepam 5mg (N05B),2019-09-21,3
Diazepam 5mg (N05B),2019-09-22,3
Diazepam 5mg (N05B),2019-09-23,6
Diazepam 5mg (N05B),2019-09-24,12
Diazepam 5mg (N05B),2019-09-25,14
Diazepam 5mg (N05B),2019-09-26,13
Diazepam 5mg (N05B),2019-09-27,4
Diazepam 5mg (N05B),2019-09-28,6
Diazepam 5mg (N05B),2019-09-29,6
Diazepam 5mg (N05B),2019-09-30,9
Diazepam 5mg (N05B),2019-10-01,15
Diazepam 5mg (N05B),2019-10-02,9
Diazepam 5mg (N05B),2019-10-03,10
Diazepam 5mg (N05B),2019-10-04,13
Diazepam 5mg (N05B),2019-10-05,7
Diazepam 5mg (N05B),2019-10-06,6
Diazepam 5mg (N05B),2019-10-07,6
Diazepam 5mg (N05B),2019-10-08,20
Zolpidem 10mg (N05C),2014-01-06,2
Zolpidem 10mg (N05C),2014-01-08,1
Zolpidem 10mg (N05C),2014-01-10,2
Zolpidem 10mg (N05C),2014-01-14,1
Zolpidem 10mg (N05C),2014-01-15,2
Zolpidem 10mg (N05C),2014-01-16,1
Zolpidem 10mg (N05C),2014-01-18,4
Zolpidem 10mg (N05C),2014-01-20,2
Zolpidem 10mg (N05C),2014-01-21,2
Zolpidem 10mg (N05C),2014-01-23,3
Zolpidem 10mg (N05C),2014-01-24,1
Zolpidem 10mg (N05C),2014-01-27,2
Zolpidem 10mg (N05C),2014-01-28,5
Zolpidem 10mg (N05C),2014-01-29,1
Zolpidem 10mg (N05C),2014-01-30,1
Zolpidem 10mg (N05C),2014-02-01,1
Zolpidem 10mg (N05C),2014-02-02,2
Zolpidem 10mg (N05C),2014-02-03,1
Zolpidem 10mg (N05C),2014-02-04,1
Zolpidem 10mg (N05C),2014-02-05,1
Zolpidem 10mg (N05C),2014-02-06,2
Zolpidem 10mg (N05C),2014-02-07,1
Zolpidem 10mg (N05C),2014-02-08,1
Zolpidem 10mg (N05C),2014-02-10,3
Zolpidem 10mg (N05C),2014-02-11,2
Zolpidem 10mg (N05C),2014-02-13,3
Zolpidem 10mg (N05C),2014-02-14,4
Zolpidem 10mg (N05C),2014-02-16,2
Zolpidem 10mg (N05C),2014-02-17,1
Zolpidem 10mg (N05C),2014-02-19,1
Zolpidem 10mg (N05C),2014-02-20,3
Zolpidem 10mg (N05C),2014-02-27,1
Zolpidem 10mg (N05C),2014-02-28,1
Zolpidem 10mg (N05C),2014-03-03,2
Zolpidem 10mg (N05C),2014-03-06,1
Zolpidem 10mg (N05C),2014-03-07,1
Zolpidem 10mg (N05C),2014-03-11,1
Zolpidem 10mg (N05C),2014-03-12,3
Zolpidem 10mg (N05C),2014-03-15,1
Zolpidem 10mg (N05C),2014-03-17,1
Zolpidem 10mg (N05C),2014-03-22,2
Zolpidem 10mg (N05C),2014-03-23,1
Zolpidem 10mg (N05C),2014-03-26,3
Zolpidem 10mg (N05C),2014-03-27,1
Zolpidem 10mg (N05C),2014-03-29,2
Zolpidem 10mg (N05C),2014-03-31,1
Zolpidem 10mg (N05C),2014-04-01,3
Zolpidem 10mg (N05C),2014-04-04,3
Zolpidem 10mg (N05C),2014-04-08,1
Zolpidem 10mg (N05C),2014-04-09,1
Zolpidem 10mg (N05C),2014-04-11,2
Zolpidem 10mg (N05C),2014-04-18,1
Zolpidem 10mg (N05C),2014-04-22,1
Zolpidem 10mg (N05C),2014-04-23,1
Zolpidem 10mg (N05C),2014-04-25,1
Zolpidem 10mg (N05C),2014-04-26,1
Zolpidem 10mg (N05C),2014-04-28,2
Zolpidem 10mg (N05C),2014-04-29,1
Zolpidem 10mg (N05C),2014-05-02,1
Zolpidem 10mg (N05C),2014-05-03,2
Zolpidem 10mg (N05C),2014-05-06,2
Zolpidem 10mg (N05C),2014-05-07,1
Zolpidem 10mg (N05C),2014-05-08,3
Zolpidem 10mg (N05C),2014-05-09,2
Zolpidem 10mg (N05C),2014-05-10,3
Zolpidem 10mg (N05C),2014-05-16,1
Zolpidem 10mg (N05C),2014-05-17,1
Zolpidem 10mg (N05C),2014-05-20,1
Zolpidem 10mg (N05C),2014-05-21,1
Zolpidem 10mg (N05C),2014-05-23,2
Zolpidem 10mg (N05C),2014-05-24,1
Zolpidem 10mg (N05C),2014-05-26,1
Zolpidem 10mg (N05C),2014-05-27,1
Zolpidem 10mg (N05C),2014-06-01,1
Zolpidem 10mg (N05C),2014-06-02,3
Zolpidem 10mg (N05C),2014-06-03,2
Zolpidem 10mg (N05C),2014-06-06,2
Zolpidem 10mg (N05C),2014-06-07,1
Zolpidem 10mg (N05C),2014-06-09,4
Zolpidem 10mg (N05C),2014-06-10,2
Zolpidem 10mg (N05C),2014-06-11,2
Zolpidem 10mg (N05C),2014-06-17,2
Zolpidem 10mg (N05C),2014-06-21,3
Zolpidem 10mg (N05C),2014-06-28,1
Zolpidem 10mg (N05C),2014-07-03,2
Zolpidem 10mg (N05C),2014-07-05,1
Zolpidem 10mg (N05C),2014-07-09,4
Zolpidem 10mg (N05C),2014-07-12,3
Zolpidem 10mg (N05C),2014-07-14,1
Zolpidem 10mg (N05C),2014-07-16,1
Zolpidem 10mg (N05C),2014-07-17,1
Zolpidem 10mg (N05C),2014-07-18,3
Zolpidem 10mg (N05C),2014-07-21,1
Zolpidem 10mg (N05C),2014-07-25,1
Zolpidem 10mg (N05C),2014-07-29,3
Zolpidem 10mg (N05C),2014-08-01,1
Zolpidem 10mg (N05C),2014-08-03,5
Zolpidem 10mg (N05C),2014-08-06,1
Zolpidem 10mg (N05C),2014-08-07,1
Zolpidem 10mg (N05C),2014-08-08,3
Zolpidem 10mg (N05C),2014-08-09,3
Zolpidem 10mg (N05C),2014-08-12,1
Zolpidem 10mg (N05C),2014-08-15,2
Zolpidem 10mg (N05C),2014-08-16,2
Zolpidem 10mg (N05C),2014-08-18,3
Zolpidem 10mg (N05C),2014-08-19,1
Zolpidem 10mg (N05C),2014-08-20,2
Zolpidem 10mg (N05C),2014-08-21,1
Zolpidem 10mg (N05C),2014-08-26,1
Zolpidem 10mg (N05C),2014-08-29,1
Zolpidem 10mg (N05C),2014-08-30,1
Zolpidem 10mg (N05C),2014-09-04,1
Zolpidem 10mg (N05C),2014-09-05,2
Zolpidem 10mg (N05C),2014-09-06,2
Zolpidem 10mg (N05C),2014-09-17,2
Zolpidem 10mg (N05C),2014-09-20,1
Zolpidem 10mg (N05C),2014-09-22,1
Zolpidem 10mg (N05C),2014-09-25,1
Zolpidem 10mg (N05C),2014-09-26,2
Zolpidem 10mg (N05C),2014-09-30,2
Zolpidem 10mg (N05C),2014-10-04,1
Zolpidem 10mg (N05C),2014-10-06,1
Zolpidem 10mg (N05C),2014-10-07,1
Zolpidem 10mg (N05C),2014-10-09,2
Zolpidem 10mg (N05C),2014-10-10,3
Zolpidem 10mg (N05C),2014-10-15,1
Zolpidem 10mg (N05C),2014-10-16,1
Zolpidem 10mg (N05C),2014-10-17,3
Zolpidem 10mg (N05C),2014-10-20,2
Zolpidem 10mg (N05C),2014-10-23,1
Zolpidem 10mg (N05C),2014-10-27,1
Zolpidem 10mg (N05C),2014-10-29,2
Zolpidem 10mg (N05C),2014-10-30,1
Zolpidem 10mg (N05C),2014-11-05,3
Zolpidem 10mg (N05C),2014-11-06,1
Zolpidem 10mg (N05C),2014-11-07,1
Zolpidem 10mg (N05C),2014-11-14,1
Zolpidem 10mg (N05C),2014-11-15,2
Zolpidem 10mg (N05C),2014-11-16,1
Zolpidem 10mg (N05C),2014-11-17,1
Zolpidem 10mg (N05C),2014-11-18,1
Zolpidem 10mg (N05C),2014-11-22,1
Zolpidem 10mg (N05C),2014-11-24,1
Zolpidem 10mg (N05C),2014-11-26,3
Zolpidem 10mg (N05C),2014-11-27,1
Zolpidem 10mg (N05C),2014-11-28,1
Zolpidem 10mg (N05C),2014-11-30,1
Zolpidem 10mg (N05C),2014-12-03,2
Zolpidem 10mg (N05C),2014-12-04,1
Zolpidem 10mg (N05C),2014-12-05,1
Zolpidem 10mg (N05C),2014-12-09,1
Zolpidem 10mg (N05C),2014-12-10,3
Zolpidem 10mg (N05C),2014-12-11,2
Zolpidem 10mg (N05C),2014-12-13,1
Zolpidem 10mg (N05C),2014-12-15,1
Zolpidem 10mg (N05C),2014-12-16,3
Zolpidem 10mg (N05C),2014-12-17,2
Zolpidem 10mg (N05C),2014-12-22,1
Zolpidem 10mg (N05C),2014-12-23,2
Zolpidem 10mg (N05C),2014-12-26,1
Zolpidem 10mg (N05C),2014-12-29,1
Zolpidem 10mg (N05C),2014-12-31,3
Zolpidem 10mg (N05C),2015-01-03,3
Zolpidem 10mg (N05C),2015-01-08,1
Zolpidem 10mg (N05C),2015-01-09,2
Zolpidem 10mg (N05C),2015-01-10,3
Zolpidem 10mg (N05C),2015-01-11,1
Zolpidem 10mg (N05C),2015-01-13,2
Zolpidem 10mg (N05C),2015-01-16,2
Zolpidem 10mg (N05C),2015-01-20,1
Zolpidem 10mg (N05C),2015-01-21,1
Zolpidem 10mg (N05C),2015-01-25,1
Zolpidem 10mg (N05C),2015-01-28,3
Zolpidem 10mg (N05C),2015-01-29,3
Zolpidem 10mg (N05C),2015-01-30,1
Zolpidem 10mg (N05C),2015-02-01,1
Zolpidem 10mg (N05C),2015-02-06,1
Zolpidem 10mg (N05C),2015-02-09,1
Zolpidem 10mg (N05C),2015-02-12,1
Zolpidem 10mg (N05C),2015-02-13,1
Zolpidem 10mg (N05C),2015-02-14,1
Zolpidem 10mg (N05C),2015-02-19,2
Zolpidem 10mg (N05C),2015-02-27,1
Zolpidem 10mg (N05C),2015-03-01,4
Zolpidem 10mg (N05C),2015-03-02,1
Zolpidem 10mg (N05C),2015-03-13,2
Zolpidem 10mg (N05C),2015-03-17,1
Zolpidem 10mg (N05C),2015-03-20,1
Zolpidem 10mg (N05C),2015-03-24,2
Zolpidem 10mg (N05C),2015-03-25,2
Zolpidem 10mg (N05C),2015-04-01,2
Zolpidem 10mg (N05C),2015-04-04,1
Zolpidem 10mg (N05C),2015-04-10,2
Zolpidem 10mg (N05C),2015-05-02,2
Zolpidem 10mg (N05C),2015-05-04,1
Zolpidem 10mg (N05C),2015-05-07,1
Zolpidem 10mg (N05C),2015-05-09,1
Zolpidem 10mg (N05C),2015-05-18,1
Zolpidem 10mg (N05C),2015-05-20,1
Zolpidem 10mg (N05C),2015-05-25,3
Zolpidem 10mg (N05C),2015-06-02,4
Zolpidem 10mg (N05C),2015-06-07,1
Zolpidem 10mg (N05C),2015-06-08,1
Zolpidem 10mg (N05C),2015-06-12,2
Zolpidem 10mg (N05C),2015-06-17,1
Zolpidem 10mg (N05C),2015-06-19,2
Zolpidem 10mg (N05C),2015-06-24,1
Zolpidem 10mg (N05C),2015-07-01,1
Zolpidem 10mg (N05C),2015-07-18,3
Zolpidem 10mg (N05C),2015-07-24,1
Zolpidem 10mg (N05C),2015-07-25,1
Zolpidem 10mg (N05C),2015-08-03,1
Zolpidem 10mg (N05C),2015-08-04,1
Zolpidem 10mg (N05C),2015-08-07,2
Zolpidem 10mg (N05C),2015-08-15,1
Zolpidem 10mg (N05C),2015-08-16,2
Zolpidem 10mg (N05C),2015-08-20,1
Zolpidem 10mg (N05C),2015-08-21,1
Zolpidem 10mg (N05C),2015-08-22,3
Zolpidem 10mg (N05C),2015-08-29,3
Zolpidem 10mg (N05C),2015-09-04,1
Zolpidem 10mg (N05C),2015-09-05,1
Zolpidem 10mg (N05C),2015-09-06,1
Zolpidem 10mg (N05C),2015-09-07,1
Zolpidem 10mg (N05C),2015-09-12,3
Zolpidem 10mg (N05C),2015-09-22,2
Zolpidem 10mg (N05C),2015-09-26,1
Zolpidem 10mg (N05C),2015-09-27,1
Zolpidem 10mg (N05C),2015-10-05,1
Zolpidem 10mg (N05C),2015-10-06,1
Zolpidem 10mg (N05C),2015-10-09,2
Zolpidem 10mg (N05C),2015-10-18,1
Zolpidem 10mg (N05C),2015-10-21,1
Zolpidem 10mg (N05C),2015-10-26,1
Zolpidem 10mg (N05C),2015-10-28,1
Zolpidem 10mg (N05C),2015-11-04,3
Zolpidem 10mg (N05C),2015-11-06,2
Zolpidem 10mg (N05C),2015-11-07,1
Zolpidem 10mg (N05C),2015-11-09,1
Zolpidem 10mg (N05C),2015-11-14,1
Zolpidem 10mg (N05C),2015-11-15,2
Zolpidem 10mg (N05C),2015-11-20,2
Zolpidem 10mg (N05C),2015-11-22,2
Zolpidem 10mg (N05C),2015-11-24,3
Zolpidem 10mg (N05C),2015-11-30,1
Zolpidem 10mg (N05C),2015-12-01,1
Zolpidem 10mg (N05C),2015-12-02,4
Zolpidem 10mg (N05C),2015-12-03,1
Zolpidem 10mg (N05C),2015-12-04,3
Zolpidem 10mg (N05C),2015-12-06,2
Zolpidem 10mg (N05C),2015-12-07,1
Zolpidem 10mg (N05C),2015-12-12,2
Zolpidem 10mg (N05C),2015-12-15,1
Zolpidem 10mg (N05C),2015-12-16,1
Zolpidem 10mg (N05C),2015-12-18,4
Zolpidem 10mg (N05C),2015-12-25,2
Zolpidem 10mg (N05C),2015-12-26,3
Zolpidem 10mg (N05C),2015-12-28,3
Zolpidem 10mg (N05C),2016-01-02,1
Zolpidem 10mg (N05C),2016-01-08,3
Zolpidem 10mg (N05C),2016-01-10,1
Zolpidem 10mg (N05C),2016-01-18,2
Zolpidem 10mg (N05C),2016-01-20,3
Zolpidem 10mg (N05C),2016-01-21,4
Zolpidem 10mg (N05C),2016-01-25,2
Zolpidem 10mg (N05C),2016-01-27,5
Zolpidem 10mg (N05C),2016-01-29,1
Zolpidem 10mg (N05C),2016-01-30,2
Zolpidem 10mg (N05C),2016-02-03,5
Zolpidem 10mg (N05C),2016-02-09,2
Zolpidem 10mg (N05C),2016-02-11,1
Zolpidem 10mg (N05C),2016-02-16,2
Zolpidem 10mg (N05C),2016-02-17,1
Zolpidem 10mg (N05C),2016-02-19,2
Zolpidem 10mg (N05C),2016-02-21,2
Zolpidem 10mg (N05C),2016-02-24,2
Zolpidem 10mg (N05C),2016-02-25,1
Zolpidem 10mg (N05C),2016-02-26,2
Zolpidem 10mg (N05C),2016-03-01,2
Zolpidem 10mg (N05C),2016-03-02,2
Zolpidem 10mg (N05C),2016-03-07,1
Zolpidem 10mg (N05C),2016-03-09,1
Zolpidem 10mg (N05C),2016-03-18,2
Zolpidem 10mg (N05C),2016-03-19,1
Zolpidem 10mg (N05C),2016-03-22,2
Zolpidem 10mg (N05C),2016-03-23,1
Zolpidem 10mg (N05C),2016-03-27,1
Zolpidem 10mg (N05C),2016-04-04,1
Zolpidem 10mg (N05C),2016-04-05,1
Zolpidem 10mg (N05C),2016-04-07,2
Zolpidem 10mg (N05C),2016-04-08,1
Zolpidem 10mg (N05C),2016-04-10,1
Zolpidem 10mg (N05C),2016-04-11,2
Zolpidem 10mg (N05C),2016-04-12,1
Zolpidem 10mg (N05C),2016-04-18,3
Zolpidem 10mg (N05C),2016-04-20,5
Zolpidem 10mg (N05C),2016-04-25,1
Zolpidem 10mg (N05C),2016-05-05,3
Zolpidem 10mg (N05C),2016-05-07,1
Zolpidem 10mg (N05C),2016-05-12,1
Zolpidem 10mg (N05C),2016-05-20,2
Zolpidem 10mg (N05C),2016-05-22,1
Zolpidem 10mg (N05C),2016-05-25,1
Zolpidem 10mg (N05C),2016-05-26,1
Zolpidem 10mg (N05C),2016-05-27,7
Zolpidem 10mg (N05C),2016-05-29,1
Zolpidem 10mg (N05C),2016-06-02,3
Zolpidem 10mg (N05C),2016-06-10,2
Zolpidem 10mg (N05C),2016-06-11,1
Zolpidem 10mg (N05C),2016-06-14,1
Zolpidem 10mg (N05C),2016-06-15,1
Zolpidem 10mg (N05C),2016-06-28,5
Zolpidem 10mg (N05C),2016-06-29,7
Zolpidem 10mg (N05C),2016-07-04,3
Zolpidem 10mg (N05C),2016-07-07,1
Zolpidem 10mg (N05C),2016-07-08,1
Zolpidem 10mg (N05C),2016-07-27,1
Zolpidem 10mg (N05C),2016-07-28,1
Zolpidem 10mg (N05C),2016-07-29,1
Zolpidem 10mg (N05C),2016-08-01,1
Zolpidem 10mg (N05C),2016-08-09,1
Zolpidem 10mg (N05C),2016-08-12,4
Zolpidem 10mg (N05C),2016-08-21,4
Zolpidem 10mg (N05C),2016-08-23,1
Zolpidem 10mg (N05C),2016-08-25,1
Zolpidem 10mg (N05C),2016-09-05,2
Zolpidem 10mg (N05C),2016-09-06,3
Zolpidem 10mg (N05C),2016-09-08,1
Zolpidem 10mg (N05C),2016-09-09,2
Zolpidem 10mg (N05C),2016-09-19,2
Zolpidem 10mg (N05C),2016-09-23,3
Zolpidem 10mg (N05C),2016-09-26,2
Zolpidem 10mg (N05C),2016-09-27,3
Zolpidem 10mg (N05C),2016-10-03,2
Zolpidem 10mg (N05C),2016-10-11,1
Zolpidem 10mg (N05C),2016-10-12,1
Zolpidem 10mg (N05C),2016-10-15,1
Zolpidem 10mg (N05C),2016-10-18,3
Zolpidem 10mg (N05C),2016-10-24,1
Zolpidem 10mg (N05C),2016-10-27,2
Zolpidem 10mg (N05C),2016-11-04,1
Zolpidem 10mg (N05C),2016-11-06,2
Zolpidem 10mg (N05C),2016-11-08,2
Zolpidem 10mg (N05C),2016-11-10,2
Zolpidem 10mg (N05C),2016-11-14,3
Zolpidem 10mg (N05C),2016-11-15,5
Zolpidem 10mg (N05C),2016-11-18,1
Zolpidem 10mg (N05C),2016-11-22,2
Zolpidem 10mg (N05C),2016-11-25,4
Zolpidem 10mg (N05C),2016-11-26,3
Zolpidem 10mg (N05C),2016-11-29,2
Zolpidem 10mg (N05C),2016-12-05,1
Zolpidem 10mg (N05C),2016-12-07,3
Zolpidem 10mg (N05C),2016-12-12,3
Zolpidem 10mg (N05C),2016-12-16,3
Zolpidem 10mg (N05C),2016-12-20,2
Zolpidem 10mg (N05C),2016-12-24,1
Zolpidem 10mg (N05C),2016-12-27,2
Zolpidem 10mg (N05C),2016-12-29,3
Zolpidem 10mg (N05C),2017-01-01,2
Zolpidem 10mg (N05C),2017-01-02,1
Zolpidem 10mg (N05C),2017-01-04,1
Zolpidem 10mg (N05C),2017-01-08,2
Zolpidem 10mg (N05C),2017-01-10,2
Zolpidem 10mg (N05C),2017-01-11,1
Zolpidem 10mg (N05C),2017-01-12,1
Zolpidem 10mg (N05C),2017-01-14,1
Zolpidem 10mg (N05C),2017-01-17,2
Zolpidem 10mg (N05C),2017-01-18,1
Zolpidem 10mg (N05C),2017-01-20,3
Zolpidem 10mg (N05C),2017-01-21,2
Zolpidem 10mg (N05C),2017-01-22,1
Zolpidem 10mg (N05C),2017-01-23,1
Zolpidem 10mg (N05C),2017-01-25,2
Zolpidem 10mg (N05C),2017-01-26,1
Zolpidem 10mg (N05C),2017-01-27,2
Zolpidem 10mg (N05C),2017-01-29,2
Zolpidem 10mg (N05C),2017-01-30,4
Zolpidem 10mg (N05C),2017-01-31,1
Zolpidem 10mg (N05C),2017-02-03,2
Zolpidem 10mg (N05C),2017-02-04,1
Zolpidem 10mg (N05C),2017-02-06,2
Zolpidem 10mg (N05C),2017-02-11,1
Zolpidem 10mg (N05C),2017-02-23,1
Zolpidem 10mg (N05C),2017-02-24,1
Zolpidem 10mg (N05C),2017-02-28,2
Zolpidem 10mg (N05C),2017-03-02,1
Zolpidem 10mg (N05C),2017-03-03,1
Zolpidem 10mg (N05C),2017-03-09,1
Zolpidem 10mg (N05C),2017-03-10,1
Zolpidem 10mg (N05C),2017-03-11,1
Zolpidem 10mg (N05C),2017-03-12,4
Zolpidem 10mg (N05C),2017-04-05,2
Zolpidem 10mg (N05C),2017-04-06,1
Zolpidem 10mg (N05C),2017-04-12,2
Zolpidem 10mg (N05C),2017-04-18,1
Zolpidem 10mg (N05C),2017-04-22,1
Zolpidem 10mg (N05C),2017-04-27,1
Zolpidem 10mg (N05C),2017-04-29,1
Zolpidem 10mg (N05C),2017-05-08,3
Zolpidem 10mg (N05C),2017-05-11,2
Zolpidem 10mg (N05C),2017-05-12,9
Zolpidem 10mg (N05C),2017-05-15,3
Zolpidem 10mg (N05C),2017-05-29,2
Zolpidem 10mg (N05C),2017-05-31,4
Zolpidem 10mg (N05C),2017-06-02,1
Zolpidem 10mg (N05C),2017-06-03,1
Zolpidem 10mg (N05C),2017-06-04,1
Zolpidem 10mg (N05C),2017-06-14,3
Zolpidem 10mg (N05C),2017-06-19,1
Zolpidem 10mg (N05C),2017-06-24,1
Zolpidem 10mg (N05C),2017-07-06,1
Zolpidem 10mg (N05C),2017-07-10,2
Zolpidem 10mg (N05C),2017-07-13,3
Zolpidem 10mg (N05C),2017-07-17,2
Zolpidem 10mg (N05C),2017-07-19,3
Zolpidem 10mg (N05C),2017-07-20,2
Zolpidem 10mg (N05C),2017-07-22,1
Zolpidem 10mg (N05C),2017-07-26,1
Zolpidem 10mg (N05C),2017-08-04,2
Zolpidem 10mg (N05C),2017-08-07,2
Zolpidem 10mg (N05C),2017-08-11,3
Zolpidem 10mg (N05C),2017-08-27,2
Zolpidem 10mg (N05C),2017-08-30,3
Zolpidem 10mg (N05C),2017-09-05,1
Zolpidem 10mg (N05C),2017-09-12,1
Zolpidem 10mg (N05C),2017-09-15,1
Zolpidem 10mg (N05C),2017-09-17,1
Zolpidem 10mg (N05C),2017-09-19,2
Zolpidem 10mg (N05C),2017-09-21,2
Zolpidem 10mg (N05C),2017-09-23,2
Zolpidem 10mg (N05C),2017-09-24,1
Zolpidem 10mg (N05C),2017-09-25,3
Zolpidem 10mg (N05C),2017-09-27,3
Zolpidem 10mg (N05C),2017-09-29,6
Zolpidem 10mg (N05C),2017-10-01,1
Zolpidem 10mg (N05C),2017-10-02,1
Zolpidem 10mg (N05C),2017-10-03,3
Zolpidem 10mg (N05C),2017-10-13,2
Zolpidem 10mg (N05C),2017-10-14,1
Zolpidem 10mg (N05C),2017-10-17,2
Zolpidem 10mg (N05C),2017-10-21,3
Zolpidem 10mg (N05C),2017-10-26,1
Zolpidem 10mg (N05C),2017-10-27,1
Zolpidem 10mg (N05C),2017-11-03,3
Zolpidem 10mg (N05C),2017-11-06,3
Zolpidem 10mg (N05C),2017-11-15,3
Zolpidem 10mg (N05C),2017-11-24,2
Zolpidem 10mg (N05C),2017-11-26,1
Zolpidem 10mg (N05C),2017-11-28,3
Zolpidem 10mg (N05C),2017-12-08,1
Zolpidem 10mg (N05C),2017-12-12,1
Zolpidem 10mg (N05C),2017-12-16,1
Zolpidem 10mg (N05C),2017-12-28,3
Zolpidem 10mg (N05C),2018-01-09,6
Zolpidem 10mg (N05C),2018-01-17,2
Zolpidem 10mg (N05C),2018-01-29,3
Zolpidem 10mg (N05C),2018-02-12,1
Zolpidem 10mg (N05C),2018-02-27,9
Zolpidem 10mg (N05C),2018-02-28,2
Zolpidem 10mg (N05C),2018-03-01,1
Zolpidem 10mg (N05C),2018-03-02,3
Zolpidem 10mg (N05C),2018-03-03,1
Zolpidem 10mg (N05C),2018-03-06,8
Zolpidem 10mg (N05C),2018-03-07,5
Zolpidem 10mg (N05C),2018-03-09,1
Zolpidem 10mg (N05C),2018-03-10,3
Zolpidem 10mg (N05C),2018-03-14,2
Zolpidem 10mg (N05C),2018-03-19,2
Zolpidem 10mg (N05C),2018-03-24,1
Zolpidem 10mg (N05C),2018-03-26,4
Zolpidem 10mg (N05C),2018-03-27,1
Zolpidem 10mg (N05C),2018-03-28,2
Zolpidem 10mg (N05C),2018-03-30,8
Zolpidem 10mg (N05C),2018-04-01,1
Zolpidem 10mg (N05C),2018-04-03,6
Zolpidem 10mg (N05C),2018-04-05,1
Zolpidem 10mg (N05C),2018-04-10,3
Zolpidem 10mg (N05C),2018-04-25,2
Zolpidem 10mg (N05C),2018-04-28,1
Zolpidem 10mg (N05C),2018-05-08,2
Zolpidem 10mg (N05C),2018-05-09,2
Zolpidem 10mg (N05C),2018-05-14,1
Zolpidem 10mg (N05C),2018-05-19,5
Zolpidem 10mg (N05C),2018-05-20,1
Zolpidem 10mg (N05C),2018-05-24,1
Zolpidem 10mg (N05C),2018-05-27,1
Zolpidem 10mg (N05C),2018-06-02,3
Zolpidem 10mg (N05C),2018-06-03,1
Zolpidem 10mg (N05C),2018-06-05,2
Zolpidem 10mg (N05C),2018-06-06,3
Zolpidem 10mg (N05C),2018-06-07,1
Zolpidem 10mg (N05C),2018-06-20,3
Zolpidem 10mg (N05C),2018-06-25,3
Zolpidem 10mg (N05C),2018-06-30,2
Zolpidem 10mg (N05C),2018-07-05,3
Zolpidem 10mg (N05C),2018-07-09,3
Zolpidem 10mg (N05C),2018-07-10,2
Zolpidem 10mg (N05C),2018-07-12,4
Zolpidem 10mg (N05C),2018-07-19,1
Zolpidem 10mg (N05C),2018-07-20,1
Zolpidem 10mg (N05C),2018-07-23,1
Zolpidem 10mg (N05C),2018-07-24,1
Zolpidem 10mg (N05C),2018-07-29,1
Zolpidem 10mg (N05C),2018-07-30,2
Zolpidem 10mg (N05C),2018-08-01,1
Zolpidem 10mg (N05C),2018-08-04,3
Zolpidem 10mg (N05C),2018-08-05,2
Zolpidem 10mg (N05C),2018-08-07,1
Zolpidem 10mg (N05C),2018-08-11,1
Zolpidem 10mg (N05C),2018-08-15,2
Zolpidem 10mg (N05C),2018-08-16,3
Zolpidem 10mg (N05C),2018-08-17,1
Zolpidem 10mg (N05C),2018-08-18,1
Zolpidem 10mg (N05C),2018-08-21,1
Zolpidem 10mg (N05C),2018-08-22,1
Zolpidem 10mg (N05C),2018-08-28,1
Zolpidem 10mg (N05C),2018-08-29,1
Zolpidem 10mg (N05C),2018-08-31,1
Zolpidem 10mg (N05C),2018-09-01,1
Zolpidem 10mg (N05C),2018-09-10,3
Zolpidem 10mg (N05C),2018-09-13,2
Zolpidem 10mg (N05C),2018-09-16,1
Zolpidem 10mg (N05C),2018-09-17,1
Zolpidem 10mg (N05C),2018-09-20,1
Zolpidem 10mg (N05C),2018-09-22,1
Zolpidem 10mg (N05C),2018-09-26,1
Zolpidem 10mg (N05C),2018-09-30,1
Zolpidem 10mg (N05C),2018-10-03,2
Zolpidem 10mg (N05C),2018-10-04,1
Zolpidem 10mg (N05C),2018-10-08,5
Zolpidem 10mg (N05C),2018-10-14,2
Zolpidem 10mg (N05C),2018-10-16,3
Zolpidem 10mg (N05C),2018-10-18,1
Zolpidem 10mg (N05C),2018-10-19,2
Zolpidem 10mg (N05C),2018-10-21,3
Zolpidem 10mg (N05C),2018-10-23,1
Zolpidem 10mg (N05C),2018-10-26,1
Zolpidem 10mg (N05C),2018-10-27,1
Zolpidem 10mg (N05C),2018-10-28,3
Zolpidem 10mg (N05C),2018-11-01,3
Zolpidem 10mg (N05C),2018-11-07,3
Zolpidem 10mg (N05C),2018-11-09,1
Zolpidem 10mg (N05C),2018-11-10,1
Zolpidem 10mg (N05C),2018-11-12,2
Zolpidem 10mg (N05C),2018-11-15,2
Zolpidem 10mg (N05C),2018-11-18,1
Zolpidem 10mg (N05C),2018-11-19,3
Zolpidem 10mg (N05C),2018-11-20,1
Zolpidem 10mg (N05C),2018-11-23,1
Zolpidem 10mg (N05C),2018-11-25,1
Zolpidem 10mg (N05C),2018-11-26,1
Zolpidem 10mg (N05C),2018-11-28,2
Zolpidem 10mg (N05C),2018-12-01,3
Zolpidem 10mg (N05C),2018-12-10,1
Zolpidem 10mg (N05C),2018-12-11,3
Zolpidem 10mg (N05C),2018-12-14,1
Zolpidem 10mg (N05C),2018-12-17,1
Zolpidem 10mg (N05C),2018-12-18,3
Zolpidem 10mg (N05C),2018-12-20,3
Zolpidem 10mg (N05C),2018-12-21,1
Zolpidem 10mg (N05C),2018-12-22,1
Zolpidem 10mg (N05C),2018-12-25,3
Zolpidem 10mg (N05C),2018-12-26,1
Zolpidem 10mg (N05C),2018-12-28,6
Zolpidem 10mg (N05C),2019-01-06,2
Zolpidem 10mg (N05C),2019-01-09,3
Zolpidem 10mg (N05C),2019-01-10,2
Zolpidem 10mg (N05C),2019-01-13,1
Zolpidem 10mg (N05C),2019-01-17,3
Zolpidem 10mg (N05C),2019-01-22,1
Zolpidem 10mg (N05C),2019-01-24,4
Zolpidem 10mg (N05C),2019-01-25,2
Zolpidem 10mg (N05C),2019-01-26,1
Zolpidem 10mg (N05C),2019-01-27,1
Zolpidem 10mg (N05C),2019-01-29,2
Zolpidem 10mg (N05C),2019-01-31,1
Zolpidem 10mg (N05C),2019-02-02,1
Zolpidem 10mg (N05C),2019-02-03,1
Zolpidem 10mg (N05C),2019-02-04,1
Zolpidem 10mg (N05C),2019-02-08,3
Zolpidem 10mg (N05C),2019-02-19,2
Zolpidem 10mg (N05C),2019-02-21,1
Zolpidem 10mg (N05C),2019-02-25,2
Zolpidem 10mg (N05C),2019-02-28,1
Zolpidem 10mg (N05C),2019-03-02,3
Zolpidem 10mg (N05C),2019-03-05,3
Zolpidem 10mg (N05C),2019-03-06,1
Zolpidem 10mg (N05C),2019-03-08,1
Zolpidem 10mg (N05C),2019-03-11,3
Zolpidem 10mg (N05C),2019-03-14,1
Zolpidem 10mg (N05C),2019-03-15,1
Zolpidem 10mg (N05C),2019-03-19,1
Zolpidem 10mg (N05C),2019-03-24,1
Zolpidem 10mg (N05C),2019-03-25,1
Zolpidem 10mg (N05C),2019-03-27,1
Zolpidem 10mg (N05C),2019-03-30,1
Zolpidem 10mg (N05C),2019-03-31,1
Zolpidem 10mg (N05C),2019-04-04,1
Zolpidem 10mg (N05C),2019-04-10,3
Zolpidem 10mg (N05C),2019-04-14,1
Zolpidem 10mg (N05C),2019-04-15,2
Zolpidem 10mg (N05C),2019-04-16,3
Zolpidem 10mg (N05C),2019-04-17,1
Zolpidem 10mg (N05C),2019-04-20,3
Zolpidem 10mg (N05C),2019-04-23,1
Zolpidem 10mg (N05C),2019-04-24,3
Zolpidem 10mg (N05C),2019-04-25,1
Zolpidem 10mg (N05C),2019-04-27,1
Zolpidem 10mg (N05C),2019-04-30,2
Zolpidem 10mg (N05C),2019-05-02,1
Zolpidem 10mg (N05C),2019-05-03,3
Zolpidem 10mg (N05C),2019-05-04,1
Zolpidem 10mg (N05C),2019-05-06,2
Zolpidem 10mg (N05C),2019-05-08,2
Zolpidem 10mg (N05C),2019-05-09,1
Zolpidem 10mg (N05C),2019-05-10,2
Zolpidem 10mg (N05C),2019-05-12,1
Zolpidem 10mg (N05C),2019-05-16,1
Zolpidem 10mg (N05C),2019-05-17,2
Zolpidem 10mg (N05C),2019-05-18,2
Zolpidem 10mg (N05C),2019-05-20,4
Zolpidem 10mg (N05C),2019-05-24,1
Zolpidem 10mg (N05C),2019-05-28,2
Zolpidem 10mg (N05C),2019-05-29,1
Zolpidem 10mg (N05C),2019-06-02,1
Zolpidem 10mg (N05C),2019-06-04,1
Zolpidem 10mg (N05C),2019-06-06,2
Zolpidem 10mg (N05C),2019-06-09,4
Zolpidem 10mg (N05C),2019-06-14,1
Zolpidem 10mg (N05C),2019-06-19,1
Zolpidem 10mg (N05C),2019-06-20,4
Zolpidem 10mg (N05C),2019-06-21,3
Zolpidem 10mg (N05C),2019-06-22,2
Zolpidem 10mg (N05C),2019-06-24,3
Zolpidem 10mg (N05C),2019-06-25,1
Zolpidem 10mg (N05C),2019-06-26,1
Zolpidem 10mg (N05C),2019-06-27,1
Zolpidem 10mg (N05C),2019-07-04,1
Zolpidem 10mg (N05C),2019-07-08,1
Zolpidem 10mg (N05C),2019-07-09,4
Zolpidem 10mg (N05C),2019-07-13,3
Zolpidem 10mg (N05C),2019-07-15,1
Zolpidem 10mg (N05C),2019-07-17,1
Zolpidem 10mg (N05C),2019-07-25,1
Zolpidem 10mg (N05C),2019-07-27,3
Zolpidem 10mg (N05C),2019-07-28,1
Zolpidem 10mg (N05C),2019-07-30,4
Zolpidem 10mg (N05C),2019-08-02,2
Zolpidem 10mg (N05C),2019-08-03,5
Zolpidem 10mg (N05C),2019-08-05,1
Zolpidem 10mg (N05C),2019-08-09,5
Zolpidem 10mg (N05C),2019-08-11,2
Zolpidem 10mg (N05C),2019-08-12,1
Zolpidem 10mg (N05C),2019-08-17,1
Zolpidem 10mg (N05C),2019-08-19,2
Zolpidem 10mg (N05C),2019-08-22,2
Zolpidem 10mg (N05C),2019-08-23,2
Zolpidem 10mg (N05C),2019-08-28,1
Zolpidem 10mg (N05C),2019-08-29,1
Zolpidem 10mg (N05C),2019-08-31,1
Zolpidem 10mg (N05C),2019-09-01,1
Zolpidem 10mg (N05C),2019-09-03,3
Zolpidem 10mg (N05C),2019-09-07,3
Zolpidem 10mg (N05C),2019-09-09,3
Zolpidem 10mg (N05C),2019-09-13,2
Zolpidem 10mg (N05C),2019-09-16,1
Zolpidem 10mg (N05C),2019-09-19,2
Zolpidem 10mg (N05C),2019-09-25,1
Zolpidem 10mg (N05C),2019-10-01,4
Zolpidem 10mg (N05C),2019-10-02,1
Zolpidem 10mg (N05C),2019-10-08,2
Salbutamol Inhaler (R03),2014-01-03,20
Salbutamol Inhaler (R03),2014-01-04,9
Salbutamol Inhaler (R03),2014-01-05,3
Salbutamol Inhaler (R03),2014-01-06,6
Salbutamol Inhaler (R03),2014-01-08,10
Salbutamol Inhaler (R03),2014-01-09,3
Salbutamol Inhaler (R03),2014-01-11,1
Salbutamol Inhaler (R03),2014-01-12,1
Salbutamol Inhaler (R03),2014-01-13,7
Salbutamol Inhaler (R03),2014-01-15,3
Salbutamol Inhaler (R03),2014-01-16,5
Salbutamol Inhaler (R03),2014-01-17,6
Salbutamol Inhaler (R03),2014-01-18,7
Salbutamol Inhaler (R03),2014-01-19,1
Salbutamol Inhaler (R03),2014-01-20,12
Salbutamol Inhaler (R03),2014-01-22,5
Salbutamol Inhaler (R03),2014-01-23,1
Salbutamol Inhaler (R03),2014-01-25,5
Salbutamol Inhaler (R03),2014-01-27,1
Salbutamol Inhaler (R03),2014-01-28,1
Salbutamol Inhaler (R03),2014-01-29,1
Salbutamol Inhaler (R03),2014-01-30,3
Salbutamol Inhaler (R03),2014-01-31,1
Salbutamol Inhaler (R03),2014-02-01,14
Salbutamol Inhaler (R03),2014-02-02,8
Salbutamol Inhaler (R03),2014-02-03,1
Salbutamol Inhaler (R03),2014-02-04,17
Salbutamol Inhaler (R03),2014-02-05,1
Salbutamol Inhaler (R03),2014-02-06,5
Salbutamol Inhaler (R03),2014-02-08,1
Salbutamol Inhaler (R03),2014-02-09,6
Salbutamol Inhaler (R03),2014-02-10,3
Salbutamol Inhaler (R03),2014-02-11,6
Salbutamol Inhaler (R03),2014-02-12,5
Salbutamol Inhaler (R03),2014-02-15,1
Salbutamol Inhaler (R03),2014-02-16,3
Salbutamol Inhaler (R03),2014-02-17,7
Salbutamol Inhaler (R03),2014-02-18,13
Salbutamol Inhaler (R03),2014-02-19,6
Salbutamol Inhaler (R03),2014-02-20,8
Salbutamol Inhaler (R03),2014-02-22,1
Salbutamol Inhaler (R03),2014-02-26,12
Salbutamol Inhaler (R03),2014-02-27,2
Salbutamol Inhaler (R03),2014-02-28,2
Salbutamol Inhaler (R03),2014-03-04,5
Salbutamol Inhaler (R03),2014-03-05,1
Salbutamol Inhaler (R03),2014-03-06,5
Salbutamol Inhaler (R03),2014-03-09,5
Salbutamol Inhaler (R03),2014-03-11,1
Salbutamol Inhaler (R03),2014-03-12,2
Salbutamol Inhaler (R03),2014-03-13,26
Salbutamol Inhaler (R03),2014-03-14,1
Salbutamol Inhaler (R03),2014-03-15,6
Salbutamol Inhaler (R03),2014-03-20,7
Salbutamol Inhaler (R03),2014-03-21,2
Salbutamol Inhaler (R03),2014-03-22,18
Salbutamol Inhaler (R03),2014-03-24,6
Salbutamol Inhaler (R03),2014-03-25,1
Salbutamol Inhaler (R03),2014-03-26,3
Salbutamol Inhaler (R03),2014-03-27,1
Salbutamol Inhaler (R03),2014-03-28,9
Salbutamol Inhaler (R03),2014-03-29,9
Salbutamol Inhaler (R03),2014-03-31,4
Salbutamol Inhaler (R03),2014-04-01,3
Salbutamol Inhaler (R03),2014-04-02,7
Salbutamol Inhaler (R03),2014-04-04,8
Salbutamol Inhaler (R03),2014-04-05,5
Salbutamol Inhaler (R03),2014-04-09,2
Salbutamol Inhaler (R03),2014-04-10,4
Salbutamol Inhaler (R03),2014-04-12,11
Salbutamol Inhaler (R03),2014-04-13,5
Salbutamol Inhaler (R03),2014-04-14,5
Salbutamol Inhaler (R03),2014-04-15,10
Salbutamol Inhaler (R03),2014-04-16,6
Salbutamol Inhaler (R03),2014-04-19,3
Salbutamol Inhaler (R03),2014-04-23,2
Salbutamol Inhaler (R03),2014-04-24,6
Salbutamol Inhaler (R03),2014-04-25,1
Salbutamol Inhaler (R03),2014-04-26,6
Salbutamol Inhaler (R03),2014-04-27,1
Salbutamol Inhaler (R03),2014-04-29,5
Salbutamol Inhaler (R03),2014-04-30,7
Salbutamol Inhaler (R03),2014-05-02,12
Salbutamol Inhaler (R03),2014-05-05,3
Salbutamol Inhaler (R03),2014-05-06,6
Salbutamol Inhaler (R03),2014-05-07,3
Salbutamol Inhaler (R03),2014-05-09,1
Salbutamol Inhaler (R03),2014-05-10,1
Salbutamol Inhaler (R03),2014-05-11,1
Salbutamol Inhaler (R03),2014-05-12,5
Salbutamol Inhaler (R03),2014-05-13,25
Salbutamol Inhaler (R03),2014-05-15,1
Salbutamol Inhaler (R03),2014-05-16,11
Salbutamol Inhaler (R03),2014-05-19,3
Salbutamol Inhaler (R03),2014-05-22,2
Salbutamol Inhaler (R03),2014-05-23,10
Salbutamol Inhaler (R03),2014-05-25,5
Salbutamol Inhaler (R03),2014-05-27,1
Salbutamol Inhaler (R03),2014-05-28,2
Salbutamol Inhaler (R03),2014-05-31,15
Salbutamol Inhaler (R03),2014-06-01,1
Salbutamol Inhaler (R03),2014-06-03,5
Salbutamol Inhaler (R03),2014-06-04,1
Salbutamol Inhaler (R03),2014-06-06,1
Salbutamol Inhaler (R03),2014-06-07,6
Salbutamol Inhaler (R03),2014-06-08,6
Salbutamol Inhaler (R03),2014-06-10,2
Salbutamol Inhaler (R03),2014-06-11,12
Salbutamol Inhaler (R03),2014-06-12,2
Salbutamol Inhaler (R03),2014-06-13,3
Salbutamol Inhaler (R03),2014-06-14,1
Salbutamol Inhaler (R03),2014-06-16,5
Salbutamol Inhaler (R03),2014-06-18,1
Salbutamol Inhaler (R03),2014-06-20,3
Salbutamol Inhaler (R03),2014-06-22,2
Salbutamol Inhaler (R03),2014-06-23,2
Salbutamol Inhaler (R03),2014-06-24,2
Salbutamol Inhaler (R03),2014-06-27,1
Salbutamol Inhaler (R03),2014-06-28,1
Salbutamol Inhaler (R03),2014-07-02,6
Salbutamol Inhaler (R03),2014-07-04,2
Salbutamol Inhaler (R03),2014-07-08,5
Salbutamol Inhaler (R03),2014-07-10,5
Salbutamol Inhaler (R03),2014-07-11,5
Salbutamol Inhaler (R03),2014-07-12,12
Salbutamol Inhaler (R03),2014-07-14,2
Salbutamol Inhaler (R03),2014-07-16,4
Salbutamol Inhaler (R03),2014-07-19,6
Salbutamol Inhaler (R03),2014-07-22,1
Salbutamol Inhaler (R03),2014-07-25,1
Salbutamol Inhaler (R03),2014-07-27,6
Salbutamol Inhaler (R03),2014-07-30,6
Salbutamol Inhaler (R03),2014-08-02,5
Salbutamol Inhaler (R03),2014-08-06,1
Salbutamol Inhaler (R03),2014-08-08,2
Salbutamol Inhaler (R03),2014-08-15,3
Salbutamol Inhaler (R03),2014-08-18,10
Salbutamol Inhaler (R03),2014-08-19,3
Salbutamol Inhaler (R03),2014-08-24,1
Salbutamol Inhaler (R03),2014-08-26,1
Salbutamol Inhaler (R03),2014-08-28,4
Salbutamol Inhaler (R03),2014-08-31,7
Salbutamol Inhaler (R03),2014-09-02,2
Salbutamol Inhaler (R03),2014-09-03,2
Salbutamol Inhaler (R03),2014-09-06,5
Salbutamol Inhaler (R03),2014-09-08,1
Salbutamol Inhaler (R03),2014-09-09,2
Salbutamol Inhaler (R03),2014-09-11,10
Salbutamol Inhaler (R03),2014-09-12,8
Salbutamol Inhaler (R03),2014-09-13,1
Salbutamol Inhaler (R03),2014-09-14,6
Salbutamol Inhaler (R03),2014-09-15,1
Salbutamol Inhaler (R03),2014-09-17,19
Salbutamol Inhaler (R03),2014-09-19,22
Salbutamol Inhaler (R03),2014-09-20,2
Salbutamol Inhaler (R03),2014-09-23,1
Salbutamol Inhaler (R03),2014-09-25,1
Salbutamol Inhaler (R03),2014-09-29,10
Salbutamol Inhaler (R03),2014-09-30,22
Salbutamol Inhaler (R03),2014-10-01,11
Salbutamol Inhaler (R03),2014-10-02,2
Salbutamol Inhaler (R03),2014-10-03,11
Salbutamol Inhaler (R03),2014-10-04,25
Salbutamol Inhaler (R03),2014-10-07,5
Salbutamol Inhaler (R03),2014-10-09,5
Salbutamol Inhaler (R03),2014-10-10,6
Salbutamol Inhaler (R03),2014-10-12,5
Salbutamol Inhaler (R03),2014-10-13,1
Salbutamol Inhaler (R03),2014-10-14,11
Salbutamol Inhaler (R03),2014-10-15,2
Salbutamol Inhaler (R03),2014-10-16,5
Salbutamol Inhaler (R03),2014-10-18,3
Salbutamol Inhaler (R03),2014-10-19,6
Salbutamol Inhaler (R03),2014-10-21,20
Salbutamol Inhaler (R03),2014-10-22,2
Salbutamol Inhaler (R03),2014-10-24,5
Salbutamol Inhaler (R03),2014-10-25,2
Salbutamol Inhaler (R03),2014-10-26,1
Salbutamol Inhaler (R03),2014-10-27,3
Salbutamol Inhaler (R03),2014-10-29,27
Salbutamol Inhaler (R03),2014-10-30,2
Salbutamol Inhaler (R03),2014-11-01,7
Salbutamol Inhaler (R03),2014-11-03,5
Salbutamol Inhaler (R03),2014-11-05,1
Salbutamol Inhaler (R03),2014-11-08,17
Salbutamol Inhaler (R03),2014-11-09,2
Salbutamol Inhaler (R03),2014-11-10,7
Salbutamol Inhaler (R03),2014-11-11,8
Salbutamol Inhaler (R03),2014-11-12,3
Salbutamol Inhaler (R03),2014-11-14,2
Salbutamol Inhaler (R03),2014-11-15,2
Salbutamol Inhaler (R03),2014-11-17,10
Salbutamol Inhaler (R03),2014-11-19,10
Salbutamol Inhaler (R03),2014-11-20,8
Salbutamol Inhaler (R03),2014-11-21,2
Salbutamol Inhaler (R03),2014-11-22,8
Salbutamol Inhaler (R03),2014-11-24,1
Salbutamol Inhaler (R03),2014-11-25,2
Salbutamol Inhaler (R03),2014-11-26,11
Salbutamol Inhaler (R03),2014-11-27,4
Salbutamol Inhaler (R03),2014-11-28,2
Salbutamol Inhaler (R03),2014-12-01,2
Salbutamol Inhaler (R03),2014-12-02,4
Salbutamol Inhaler (R03),2014-12-03,13
Salbutamol Inhaler (R03),2014-12-04,1
Salbutamol Inhaler (R03),2014-12-05,1
Salbutamol Inhaler (R03),2014-12-06,7
Salbutamol Inhaler (R03),2014-12-07,12
Salbutamol Inhaler (R03),2014-12-10,6
Salbutamol Inhaler (R03),2014-12-12,2
Salbutamol Inhaler (R03),2014-12-13,7
Salbutamol Inhaler (R03),2014-12-14,6
Salbutamol Inhaler (R03),2014-12-15,9
Salbutamol Inhaler (R03),2014-12-16,4
Salbutamol Inhaler (R03),2014-12-17,8
Salbutamol Inhaler (R03),2014-12-21,10
Salbutamol Inhaler (R03),2014-12-22,13
Salbutamol Inhaler (R03),2014-12-23,15
Salbutamol Inhaler (R03),2014-12-24,2
Salbutamol Inhaler (R03),2014-12-25,2
Salbutamol Inhaler (R03),2014-12-27,9
Salbutamol Inhaler (R03),2014-12-28,13
Salbutamol Inhaler (R03),2014-12-29,2
Salbutamol Inhaler (R03),2014-12-30,5
Salbutamol Inhaler (R03),2014-12-31,10
Salbutamol Inhaler (R03),2015-01-02,6
Salbutamol Inhaler (R03),2015-01-04,2
Salbutamol Inhaler (R03),2015-01-05,16
Salbutamol Inhaler (R03),2015-01-06,3
Salbutamol Inhaler (R03),2015-01-08,1
Salbutamol Inhaler (R03),2015-01-09,7
Salbutamol Inhaler (R03),2015-01-10,1
Salbutamol Inhaler (R03),2015-01-11,11
Salbutamol Inhaler (R03),2015-01-12,6
Salbutamol Inhaler (R03),2015-01-13,4
Salbutamol Inhaler (R03),2015-01-14,1
Salbutamol Inhaler (R03),2015-01-15,15
Salbutamol Inhaler (R03),2015-01-16,6
Salbutamol Inhaler (R03),2015-01-19,20
Salbutamol Inhaler (R03),2015-01-20,4
Salbutamol Inhaler (R03),2015-01-23,7
Salbutamol Inhaler (R03),2015-01-24,22
Salbutamol Inhaler (R03),2015-01-25,5
Salbutamol Inhaler (R03),2015-01-26,13
Salbutamol Inhaler (R03),2015-01-28,5
Salbutamol Inhaler (R03),2015-01-29,11
Salbutamol Inhaler (R03),2015-01-31,11
Salbutamol Inhaler (R03),2015-02-02,3
Salbutamol Inhaler (R03),2015-02-03,6
Salbutamol Inhaler (R03),2015-02-04,12
Salbutamol Inhaler (R03),2015-02-05,2
Salbutamol Inhaler (R03),2015-02-06,13
Salbutamol Inhaler (R03),2015-02-10,6
Salbutamol Inhaler (R03),2015-02-11,20
Salbutamol Inhaler (R03),2015-02-12,5
Salbutamol Inhaler (R03),2015-02-13,22
Salbutamol Inhaler (R03),2015-02-14,5
Salbutamol Inhaler (R03),2015-02-15,7
Salbutamol Inhaler (R03),2015-02-16,10
Salbutamol Inhaler (R03),2015-02-17,6
Salbutamol Inhaler (R03),2015-02-18,11
Salbutamol Inhaler (R03),2015-02-19,6
Salbutamol Inhaler (R03),2015-02-20,25
Salbutamol Inhaler (R03),2015-02-22,11
Salbutamol Inhaler (R03),2015-02-23,20
Salbutamol Inhaler (R03),2015-02-24,11
Salbutamol Inhaler (R03),2015-02-25,2
Salbutamol Inhaler (R03),2015-02-26,1
Salbutamol Inhaler (R03),2015-02-28,4
Salbutamol Inhaler (R03),2015-03-02,2
Salbutamol Inhaler (R03),2015-03-03,1
Salbutamol Inhaler (R03),2015-03-04,11
Salbutamol Inhaler (R03),2015-03-06,1
Salbutamol Inhaler (R03),2015-03-08,2
Salbutamol Inhaler (R03),2015-03-09,1
Salbutamol Inhaler (R03),2015-03-10,6
Salbutamol Inhaler (R03),2015-03-11,4
Salbutamol Inhaler (R03),2015-03-12,2
Salbutamol Inhaler (R03),2015-03-13,1
Salbutamol Inhaler (R03),2015-03-14,9
Salbutamol Inhaler (R03),2015-03-15,12
Salbutamol Inhaler (R03),2015-03-17,2
Salbutamol Inhaler (R03),2015-03-18,20
Salbutamol Inhaler (R03),2015-03-19,15
Salbutamol Inhaler (R03),2015-03-20,5
Salbutamol Inhaler (R03),2015-03-21,6
Salbutamol Inhaler (R03),2015-03-22,10
Salbutamol Inhaler (R03),2015-03-24,9
Salbutamol Inhaler (R03),2015-03-25,13
Salbutamol Inhaler (R03),2015-03-26,6
Salbutamol Inhaler (R03),2015-03-27,22
Salbutamol Inhaler (R03),2015-03-29,8
Salbutamol Inhaler (R03),2015-03-31,2
Salbutamol Inhaler (R03),2015-04-01,5
Salbutamol Inhaler (R03),2015-04-02,3
Salbutamol Inhaler (R03),2015-04-04,5
Salbutamol Inhaler (R03),2015-04-06,3
Salbutamol Inhaler (R03),2015-04-07,8
Salbutamol Inhaler (R03),2015-04-08,10
Salbutamol Inhaler (R03),2015-04-09,6
Salbutamol Inhaler (R03),2015-04-10,8
Salbutamol Inhaler (R03),2015-04-11,5
Salbutamol Inhaler (R03),2015-04-13,3
Salbutamol Inhaler (R03),2015-04-14,5
Salbutamol Inhaler (R03),2015-04-16,9
Salbutamol Inhaler (R03),2015-04-17,1
Salbutamol Inhaler (R03),2015-04-18,1
Salbutamol Inhaler (R03),2015-04-20,1
Salbutamol Inhaler (R03),2015-04-22,1
Salbutamol Inhaler (R03),2015-04-23,1
Salbutamol Inhaler (R03),2015-04-24,1
Salbutamol Inhaler (R03),2015-04-25,1
Salbutamol Inhaler (R03),2015-04-26,1
Salbutamol Inhaler (R03),2015-04-28,5
Salbutamol Inhaler (R03),2015-04-29,11
Salbutamol Inhaler (R03),2015-04-30,3
Salbutamol Inhaler (R03),2015-05-03,1
Salbutamol Inhaler (R03),2015-05-04,10
Salbutamol Inhaler (R03),2015-05-05,5
Salbutamol Inhaler (R03),2015-05-07,5
Salbutamol Inhaler (R03),2015-05-08,4
Salbutamol Inhaler (R03),2015-05-09,1
Salbutamol Inhaler (R03),2015-05-10,1
Salbutamol Inhaler (R03),2015-05-11,6
Salbutamol Inhaler (R03),2015-05-13,2
Salbutamol Inhaler (R03),2015-05-15,4
Salbutamol Inhaler (R03),2015-05-18,2
Salbutamol Inhaler (R03),2015-05-20,5
Salbutamol Inhaler (R03),2015-05-21,1
Salbutamol Inhaler (R03),2015-05-23,2
Salbutamol Inhaler (R03),2015-05-26,22
Salbutamol Inhaler (R03),2015-05-28,20
Salbutamol Inhaler (R03),2015-05-29,5
Salbutamol Inhaler (R03),2015-05-30,4
Salbutamol Inhaler (R03),2015-06-01,2
Salbutamol Inhaler (R03),2015-06-02,3
Salbutamol Inhaler (R03),2015-06-03,6
Salbutamol Inhaler (R03),2015-06-04,2
Salbutamol Inhaler (R03),2015-06-05,1
Salbutamol Inhaler (R03),2015-06-06,17
Salbutamol Inhaler (R03),2015-06-07,22
Salbutamol Inhaler (R03),2015-06-08,3
Salbutamol Inhaler (R03),2015-06-10,7
Salbutamol Inhaler (R03),2015-06-11,1
Salbutamol Inhaler (R03),2015-06-13,12
Salbutamol Inhaler (R03),2015-06-14,3
Salbutamol Inhaler (R03),2015-06-15,6
Salbutamol Inhaler (R03),2015-06-16,8
Salbutamol Inhaler (R03),2015-06-17,20
Salbutamol Inhaler (R03),2015-06-18,23
Salbutamol Inhaler (R03),2015-06-19,10
Salbutamol Inhaler (R03),2015-06-20,10
Salbutamol Inhaler (R03),2015-06-21,6
Salbutamol Inhaler (R03),2015-06-22,1
Salbutamol Inhaler (R03),2015-06-23,5
Salbutamol Inhaler (R03),2015-06-24,4
Salbutamol Inhaler (R03),2015-06-26,1
Salbutamol Inhaler (R03),2015-06-27,1
Salbutamol Inhaler (R03),2015-06-28,6
Salbutamol Inhaler (R03),2015-06-29,11
Salbutamol Inhaler (R03),2015-06-30,2
Salbutamol Inhaler (R03),2015-07-01,12
Salbutamol Inhaler (R03),2015-07-02,1
Salbutamol Inhaler (R03),2015-07-03,8
Salbutamol Inhaler (R03),2015-07-05,1
Salbutamol Inhaler (R03),2015-07-06,3
Salbutamol Inhaler (R03),2015-07-07,3
Salbutamol Inhaler (R03),2015-07-08,5
Salbutamol Inhaler (R03),2015-07-10,8
Salbutamol Inhaler (R03),2015-07-11,2
Salbutamol Inhaler (R03),2015-07-14,2
Salbutamol Inhaler (R03),2015-07-15,1
Salbutamol Inhaler (R03),2015-07-16,2
Salbutamol Inhaler (R03),2015-07-18,1
Salbutamol Inhaler (R03),2015-07-19,1
Salbutamol Inhaler (R03),2015-07-21,1
Salbutamol Inhaler (R03),2015-07-22,5
Salbutamol Inhaler (R03),2015-07-24,1
Salbutamol Inhaler (R03),2015-07-28,1
Salbutamol Inhaler (R03),2015-07-29,2
Salbutamol Inhaler (R03),2015-08-03,5
Salbutamol Inhaler (R03),2015-08-06,3
Salbutamol Inhaler (R03),2015-08-07,1
Salbutamol Inhaler (R03),2015-08-09,2
Salbutamol Inhaler (R03),2015-08-10,1
Salbutamol Inhaler (R03),2015-08-12,1
Salbutamol Inhaler (R03),2015-08-13,3
Salbutamol Inhaler (R03),2015-08-14,1
Salbutamol Inhaler (R03),2015-08-15,1
Salbutamol Inhaler (R03),2015-08-18,3
Salbutamol Inhaler (R03),2015-08-19,3
Salbutamol Inhaler (R03),2015-08-21,1
Salbutamol Inhaler (R03),2015-08-22,1
Salbutamol Inhaler (R03),2015-08-23,2
Salbutamol Inhaler (R03),2015-08-25,1
Salbutamol Inhaler (R03),2015-08-26,1
Salbutamol Inhaler (R03),2015-08-29,3
Salbutamol Inhaler (R03),2015-08-30,6
Salbutamol Inhaler (R03),2015-08-31,6
Salbutamol Inhaler (R03),2015-09-02,5
Salbutamol Inhaler (R03),2015-09-03,4
Salbutamol Inhaler (R03),2015-09-04,1
Salbutamol Inhaler (R03),2015-09-05,6
Salbutamol Inhaler (R03),2015-09-07,5
Salbutamol Inhaler (R03),2015-09-08,2
Salbutamol Inhaler (R03),2015-09-09,2
Salbutamol Inhaler (R03),2015-09-10,2
Salbutamol Inhaler (R03),2015-09-11,2
Salbutamol Inhaler (R03),2015-09-13,11
Salbutamol Inhaler (R03),2015-09-15,6
Salbutamol Inhaler (R03),2015-09-16,2
Salbutamol Inhaler (R03),2015-09-17,1
Salbutamol Inhaler (R03),2015-09-18,4
Salbutamol Inhaler (R03),2015-09-19,4
Salbutamol Inhaler (R03),2015-09-22,5
Salbutamol Inhaler (R03),2015-09-23,2
Salbutamol Inhaler (R03),2015-09-25,1
Salbutamol Inhaler (R03),2015-09-26,7
Salbutamol Inhaler (R03),2015-09-27,2
Salbutamol Inhaler (R03),2015-09-28,17
Salbutamol Inhaler (R03),2015-10-01,5
Salbutamol Inhaler (R03),2015-10-02,5
Salbutamol Inhaler (R03),2015-10-03,7
Salbutamol Inhaler (R03),2015-10-04,16
Salbutamol Inhaler (R03),2015-10-05,7
Salbutamol Inhaler (R03),2015-10-06,5
Salbutamol Inhaler (R03),2015-10-07,5
Salbutamol Inhaler (R03),2015-10-08,20
Salbutamol Inhaler (R03),2015-10-09,10
Salbutamol Inhaler (R03),2015-10-10,1
Salbutamol Inhaler (R03),2015-10-11,3
Salbutamol Inhaler (R03),2015-10-12,5
Salbutamol Inhaler (R03),2015-10-13,5
Salbutamol Inhaler (R03),2015-10-15,9
Salbutamol Inhaler (R03),2015-10-16,5
Salbutamol Inhaler (R03),2015-10-18,8
Salbutamol Inhaler (R03),2015-10-19,17
Salbutamol Inhaler (R03),2015-10-20,10
Salbutamol Inhaler (R03),2015-10-21,1
Salbutamol Inhaler (R03),2015-10-22,2
Salbutamol Inhaler (R03),2015-10-23,6
Salbutamol Inhaler (R03),2015-10-24,4
Salbutamol Inhaler (R03),2015-10-26,2
Salbutamol Inhaler (R03),2015-10-27,8
Salbutamol Inhaler (R03),2015-10-28,6
Salbutamol Inhaler (R03),2015-10-30,5
Salbutamol Inhaler (R03),2015-10-31,7
Salbutamol Inhaler (R03),2015-11-01,5
Salbutamol Inhaler (R03),2015-11-02,7
Salbutamol Inhaler (R03),2015-11-03,3
Salbutamol Inhaler (R03),2015-11-04,3
Salbutamol Inhaler (R03),2015-11-06,1
Salbutamol Inhaler (R03),2015-11-07,6
Salbutamol Inhaler (R03),2015-11-08,13
Salbutamol Inhaler (R03),2015-11-09,12
Salbutamol Inhaler (R03),2015-11-10,9
Salbutamol Inhaler (R03),2015-11-11,12
Salbutamol Inhaler (R03),2015-11-12,20
Salbutamol Inhaler (R03),2015-11-15,17
Salbutamol Inhaler (R03),2015-11-16,3
Salbutamol Inhaler (R03),2015-11-20,10
Salbutamol Inhaler (R03),2015-11-21,17
Salbutamol Inhaler (R03),2015-11-22,2
Salbutamol Inhaler (R03),2015-11-23,1
Salbutamol Inhaler (R03),2015-11-24,1
Salbutamol Inhaler (R03),2015-11-25,3
Salbutamol Inhaler (R03),2015-11-28,10
Salbutamol Inhaler (R03),2015-11-29,4
Salbutamol Inhaler (R03),2015-11-30,6
Salbutamol Inhaler (R03),2015-12-01,5
Salbutamol Inhaler (R03),2015-12-03,1
Salbutamol Inhaler (R03),2015-12-04,3
Salbutamol Inhaler (R03),2015-12-05,7
Salbutamol Inhaler (R03),2015-12-06,3
Salbutamol Inhaler (R03),2015-12-07,11
Salbutamol Inhaler (R03),2015-12-09,3
Salbutamol Inhaler (R03),2015-12-10,9
Salbutamol Inhaler (R03),2015-12-11,16
Salbutamol Inhaler (R03),2015-12-12,6
Salbutamol Inhaler (R03),2015-12-13,27
Salbutamol Inhaler (R03),2015-12-14,21
Salbutamol Inhaler (R03),2015-12-15,2
Salbutamol Inhaler (R03),2015-12-16,11
Salbutamol Inhaler (R03),2015-12-18,2
Salbutamol Inhaler (R03),2015-12-20,16
Salbutamol Inhaler (R03),2015-12-21,6
Salbutamol Inhaler (R03),2015-12-22,13
Salbutamol Inhaler (R03),2015-12-24,16
Salbutamol Inhaler (R03),2015-12-25,1
Salbutamol Inhaler (R03),2015-12-27,14
Salbutamol Inhaler (R03),2015-12-28,26
Salbutamol Inhaler (R03),2015-12-29,2
Salbutamol Inhaler (R03),2015-12-30,4
Salbutamol Inhaler (R03),2015-12-31,6
Salbutamol Inhaler (R03),2016-01-02,5
Salbutamol Inhaler (R03),2016-01-03,5
Salbutamol Inhaler (R03),2016-01-04,12
Salbutamol Inhaler (R03),2016-01-05,5
Salbutamol Inhaler (R03),2016-01-06,12
Salbutamol Inhaler (R03),2016-01-08,2
Salbutamol Inhaler (R03),2016-01-09,3
Salbutamol Inhaler (R03),2016-01-10,1
Salbutamol Inhaler (R03),2016-01-13,1
Salbutamol Inhaler (R03),2016-01-14,8
Salbutamol Inhaler (R03),2016-01-15,10
Salbutamol Inhaler (R03),2016-01-16,2
Salbutamol Inhaler (R03),2016-01-18,9
Salbutamol Inhaler (R03),2016-01-20,3
Salbutamol Inhaler (R03),2016-01-21,6
Salbutamol Inhaler (R03),2016-01-22,10
Salbutamol Inhaler (R03),2016-01-23,6
Salbutamol Inhaler (R03),2016-01-24,12
Salbutamol Inhaler (R03),2016-01-25,10
Salbutamol Inhaler (R03),2016-01-26,15
Salbutamol Inhaler (R03),2016-01-27,5
Salbutamol Inhaler (R03),2016-01-28,4
Salbutamol Inhaler (R03),2016-01-29,17
Salbutamol Inhaler (R03),2016-01-30,5
Salbutamol Inhaler (R03),2016-01-31,6
Salbutamol Inhaler (R03),2016-02-01,6
Salbutamol Inhaler (R03),2016-02-04,4
Salbutamol Inhaler (R03),2016-02-05,3
Salbutamol Inhaler (R03),2016-02-06,11
Salbutamol Inhaler (R03),2016-02-07,13
Salbutamol Inhaler (R03),2016-02-08,23
Salbutamol Inhaler (R03),2016-02-09,1
Salbutamol Inhaler (R03),2016-02-10,4
Salbutamol Inhaler (R03),2016-02-11,13
Salbutamol Inhaler (R03),2016-02-12,20
Salbutamol Inhaler (R03),2016-02-13,10
Salbutamol Inhaler (R03),2016-02-14,7
Salbutamol Inhaler (R03),2016-02-16,9
Salbutamol Inhaler (R03),2016-02-17,1
Salbutamol Inhaler (R03),2016-02-18,9
Salbutamol Inhaler (R03),2016-02-19,26
Salbutamol Inhaler (R03),2016-02-20,8
Salbutamol Inhaler (R03),2016-02-21,7
Salbutamol Inhaler (R03),2016-02-22,12
Salbutamol Inhaler (R03),2016-02-23,15
Salbutamol Inhaler (R03),2016-02-24,5
Salbutamol Inhaler (R03),2016-02-25,4
Salbutamol Inhaler (R03),2016-02-27,5
Salbutamol Inhaler (R03),2016-02-28,26
Salbutamol Inhaler (R03),2016-02-29,3
Salbutamol Inhaler (R03),2016-03-02,1
Salbutamol Inhaler (R03),2016-03-03,9
Salbutamol Inhaler (R03),2016-03-05,10
Salbutamol Inhaler (R03),2016-03-06,5
Salbutamol Inhaler (R03),2016-03-07,6
Salbutamol Inhaler (R03),2016-03-08,3
Salbutamol Inhaler (R03),2016-03-09,6
Salbutamol Inhaler (R03),2016-03-10,2
Salbutamol Inhaler (R03),2016-03-11,18
Salbutamol Inhaler (R03),2016-03-12,23
Salbutamol Inhaler (R03),2016-03-13,4
Salbutamol Inhaler (R03),2016-03-14,23
Salbutamol Inhaler (R03),2016-03-15,18
Salbutamol Inhaler (R03),2016-03-16,4
Salbutamol Inhaler (R03),2016-03-17,8
Salbutamol Inhaler (R03),2016-03-18,8
Salbutamol Inhaler (R03),2016-03-19,5
Salbutamol Inhaler (R03),2016-03-20,15
Salbutamol Inhaler (R03),2016-03-21,36
Salbutamol Inhaler (R03),2016-03-22,4
Salbutamol Inhaler (R03),2016-03-24,8
Salbutamol Inhaler (R03),2016-03-25,3
Salbutamol Inhaler (R03),2016-03-27,1
Salbutamol Inhaler (R03),2016-03-28,4
Salbutamol Inhaler (R03),2016-03-29,12
Salbutamol Inhaler (R03),2016-03-30,12
Salbutamol Inhaler (R03),2016-03-31,5
Salbutamol Inhaler (R03),2016-04-01,16
Salbutamol Inhaler (R03),2016-04-02,19
Salbutamol Inhaler (R03),2016-04-03,6
Salbutamol Inhaler (R03),2016-04-04,11
Salbutamol Inhaler (R03),2016-04-05,11
Salbutamol Inhaler (R03),2016-04-06,6
Salbutamol Inhaler (R03),2016-04-07,4
Salbutamol Inhaler (R03),2016-04-08,3
Salbutamol Inhaler (R03),2016-04-09,14
Salbutamol Inhaler (R03),2016-04-10,11
Salbutamol Inhaler (R03),2016-04-11,17
Salbutamol Inhaler (R03),2016-04-12,2
Salbutamol Inhaler (R03),2016-04-13,2
Salbutamol Inhaler (R03),2016-04-14,4
Salbutamol Inhaler (R03),2016-04-15,10
Salbutamol Inhaler (R03),2016-04-16,8
Salbutamol Inhaler (R03),2016-04-17,7
Salbutamol Inhaler (R03),2016-04-18,7
Salbutamol Inhaler (R03),2016-04-19,6
Salbutamol Inhaler (R03),2016-04-20,15
Salbutamol Inhaler (R03),2016-04-22,6
Salbutamol Inhaler (R03),2016-04-24,6
Salbutamol Inhaler (R03),2016-04-25,3
Salbutamol Inhaler (R03),2016-04-26,7
Salbutamol Inhaler (R03),2016-04-27,1
Salbutamol Inhaler (R03),2016-04-28,12
Salbutamol Inhaler (R03),2016-04-29,1
Salbutamol Inhaler (R03),2016-04-30,1
Salbutamol Inhaler (R03),2016-05-02,5
Salbutamol Inhaler (R03),2016-05-04,1
Salbutamol Inhaler (R03),2016-05-05,1
Salbutamol Inhaler (R03),2016-05-06,1
Salbutamol Inhaler (R03),2016-05-08,1
Salbutamol Inhaler (R03),2016-05-09,2
Salbutamol Inhaler (R03),2016-05-10,2
Salbutamol Inhaler (R03),2016-05-11,3
Salbutamol Inhaler (R03),2016-05-12,2
Salbutamol Inhaler (R03),2016-05-14,21
Salbutamol Inhaler (R03),2016-05-15,5
Salbutamol Inhaler (R03),2016-05-16,2
Salbutamol Inhaler (R03),2016-05-17,1
Salbutamol Inhaler (R03),2016-05-18,1
Salbutamol Inhaler (R03),2016-05-19,16
Salbutamol Inhaler (R03),2016-05-20,9
Salbutamol Inhaler (R03),2016-05-21,17
Salbutamol Inhaler (R03),2016-05-23,7
Salbutamol Inhaler (R03),2016-05-24,3
Salbutamol Inhaler (R03),2016-05-27,2
Salbutamol Inhaler (R03),2016-05-28,4
Salbutamol Inhaler (R03),2016-05-29,5
Salbutamol Inhaler (R03),2016-05-30,7
Salbutamol Inhaler (R03),2016-05-31,13
Salbutamol Inhaler (R03),2016-06-01,7
Salbutamol Inhaler (R03),2016-06-02,4
Salbutamol Inhaler (R03),2016-06-03,1
Salbutamol Inhaler (R03),2016-06-05,3
Salbutamol Inhaler (R03),2016-06-06,6
Salbutamol Inhaler (R03),2016-06-07,10
Salbutamol Inhaler (R03),2016-06-08,5
Salbutamol Inhaler (R03),2016-06-09,1
Salbutamol Inhaler (R03),2016-06-11,10
Salbutamol Inhaler (R03),2016-06-12,4
Salbutamol Inhaler (R03),2016-06-13,1
Salbutamol Inhaler (R03),2016-06-14,2
Salbutamol Inhaler (R03),2016-06-15,1
Salbutamol Inhaler (R03),2016-06-16,22
Salbutamol Inhaler (R03),2016-06-17,4
Salbutamol Inhaler (R03),2016-06-18,5
Salbutamol Inhaler (R03),2016-06-19,7
Salbutamol Inhaler (R03),2016-06-20,8
Salbutamol Inhaler (R03),2016-06-21,7
Salbutamol Inhaler (R03),2016-06-22,2
Salbutamol Inhaler (R03),2016-06-23,1
Salbutamol Inhaler (R03),2016-06-24,1
Salbutamol Inhaler (R03),2016-06-25,1
Salbutamol Inhaler (R03),2016-06-26,2
Salbutamol Inhaler (R03),2016-06-27,9
Salbutamol Inhaler (R03),2016-06-28,2
Salbutamol Inhaler (R03),2016-06-29,1
Salbutamol Inhaler (R03),2016-07-01,20
Salbutamol Inhaler (R03),2016-07-02,2
Salbutamol Inhaler (R03),2016-07-03,11
Salbutamol Inhaler (R03),2016-07-04,7
Salbutamol Inhaler (R03),2016-07-06,8
Salbutamol Inhaler (R03),2016-07-11,4
Salbutamol Inhaler (R03),2016-07-12,3
Salbutamol Inhaler (R03),2016-07-13,3
Salbutamol Inhaler (R03),2016-07-14,3
Salbutamol Inhaler (R03),2016-07-16,1
Salbutamol Inhaler (R03),2016-07-17,7
Salbutamol Inhaler (R03),2016-07-18,3
Salbutamol Inhaler (R03),2016-07-19,1
Salbutamol Inhaler (R03),2016-07-20,5
Salbutamol Inhaler (R03),2016-07-21,1
Salbutamol Inhaler (R03),2016-07-25,4
Salbutamol Inhaler (R03),2016-07-27,9
Salbutamol Inhaler (R03),2016-07-28,5
Salbutamol Inhaler (R03),2016-07-29,11
Salbutamol Inhaler (R03),2016-07-30,1
Salbutamol Inhaler (R03),2016-08-01,1
Salbutamol Inhaler (R03),2016-08-02,1
Salbutamol Inhaler (R03),2016-08-03,13
Salbutamol Inhaler (R03),2016-08-04,17
Salbutamol Inhaler (R03),2016-08-05,24
Salbutamol Inhaler (R03),2016-08-06,1
Salbutamol Inhaler (R03),2016-08-07,5
Salbutamol Inhaler (R03),2016-08-08,1
Salbutamol Inhaler (R03),2016-08-09,2
Salbutamol Inhaler (R03),2016-08-10,3
Salbutamol Inhaler (R03),2016-08-14,7
Salbutamol Inhaler (R03),2016-08-16,11
Salbutamol Inhaler (R03),2016-08-17,5
Salbutamol Inhaler (R03),2016-08-21,1
Salbutamol Inhaler (R03),2016-08-25,4
Salbutamol Inhaler (R03),2016-08-27,11
Salbutamol Inhaler (R03),2016-08-28,6
Salbutamol Inhaler (R03),2016-08-29,1
Salbutamol Inhaler (R03),2016-08-30,1
Salbutamol Inhaler (R03),2016-08-31,1
Salbutamol Inhaler (R03),2016-09-02,5
Salbutamol Inhaler (R03),2016-09-03,4
Salbutamol Inhaler (R03),2016-09-04,4
Salbutamol Inhaler (R03),2016-09-05,2
Salbutamol Inhaler (R03),2016-09-09,10
Salbutamol Inhaler (R03),2016-09-10,4
Salbutamol Inhaler (R03),2016-09-11,10
Salbutamol Inhaler (R03),2016-09-12,8
Salbutamol Inhaler (R03),2016-09-13,2
Salbutamol Inhaler (R03),2016-09-14,8
Salbutamol Inhaler (R03),2016-09-15,3
Salbutamol Inhaler (R03),2016-09-16,3
Salbutamol Inhaler (R03),2016-09-17,5
Salbutamol Inhaler (R03),2016-09-18,8
Salbutamol Inhaler (R03),2016-09-20,4
Salbutamol Inhaler (R03),2016-09-21,3
Salbutamol Inhaler (R03),2016-09-22,4
Salbutamol Inhaler (R03),2016-09-23,7
Salbutamol Inhaler (R03),2016-09-24,1
Salbutamol Inhaler (R03),2016-09-25,10
Salbutamol Inhaler (R03),2016-09-26,4
Salbutamol Inhaler (R03),2016-09-27,1
Salbutamol Inhaler (R03),2016-09-29,1
Salbutamol Inhaler (R03),2016-09-30,10
Salbutamol Inhaler (R03),2016-10-01,4
Salbutamol Inhaler (R03),2016-10-02,18
Salbutamol Inhaler (R03),2016-10-03,17
Salbutamol Inhaler (R03),2016-10-04,10
Salbutamol Inhaler (R03),2016-10-05,1
Salbutamol Inhaler (R03),2016-10-06,3
Salbutamol Inhaler (R03),2016-10-08,6
Salbutamol Inhaler (R03),2016-10-09,9
Salbutamol Inhaler (R03),2016-10-10,3
Salbutamol Inhaler (R03),2016-10-11,8
Salbutamol Inhaler (R03),2016-10-12,17
Salbutamol Inhaler (R03),2016-10-13,3
Salbutamol Inhaler (R03),2016-10-14,9
Salbutamol Inhaler (R03),2016-10-15,13
Salbutamol Inhaler (R03),2016-10-16,6
Salbutamol Inhaler (R03),2016-10-17,9
Salbutamol Inhaler (R03),2016-10-18,7
Salbutamol Inhaler (R03),2016-10-19,2
Salbutamol Inhaler (R03),2016-10-20,2
Salbutamol Inhaler (R03),2016-10-21,6
Salbutamol Inhaler (R03),2016-10-22,10
Salbutamol Inhaler (R03),2016-10-23,11
Salbutamol Inhaler (R03),2016-10-24,2
Salbutamol Inhaler (R03),2016-10-25,7
Salbutamol Inhaler (R03),2016-10-26,2
Salbutamol Inhaler (R03),2016-10-27,4
Salbutamol Inhaler (R03),2016-10-28,5
Salbutamol Inhaler (R03),2016-10-29,9
Salbutamol Inhaler (R03),2016-10-31,17
Salbutamol Inhaler (R03),2016-11-01,6
Salbutamol Inhaler (R03),2016-11-02,2
Salbutamol Inhaler (R03),2016-11-04,6
Salbutamol Inhaler (R03),2016-11-06,11
Salbutamol Inhaler (R03),2016-11-07,5
Salbutamol Inhaler (R03),2016-11-08,8
Salbutamol Inhaler (R03),2016-11-09,4
Salbutamol Inhaler (R03),2016-11-10,12
Salbutamol Inhaler (R03),2016-11-11,1
Salbutamol Inhaler (R03),2016-11-12,1
Salbutamol Inhaler (R03),2016-11-13,5
Salbutamol Inhaler (R03),2016-11-14,1
Salbutamol Inhaler (R03),2016-11-15,5
Salbutamol Inhaler (R03),2016-11-16,10
Salbutamol Inhaler (R03),2016-11-17,1
Salbutamol Inhaler (R03),2016-11-18,2
Salbutamol Inhaler (R03),2016-11-19,3
Salbutamol Inhaler (R03),2016-11-21,13
Salbutamol Inhaler (R03),2016-11-22,7
Salbutamol Inhaler (R03),2016-11-24,10
Salbutamol Inhaler (R03),2016-11-25,5
Salbutamol Inhaler (R03),2016-11-26,12
Salbutamol Inhaler (R03),2016-11-27,1
Salbutamol Inhaler (R03),2016-11-28,12
Salbutamol Inhaler (R03),2016-11-30,7
Salbutamol Inhaler (R03),2016-12-01,9
Salbutamol Inhaler (R03),2016-12-02,26
Salbutamol Inhaler (R03),2016-12-03,1
Salbutamol Inhaler (R03),2016-12-05,13
Salbutamol Inhaler (R03),2016-12-06,20
Salbutamol Inhaler (R03),2016-12-07,7
Salbutamol Inhaler (R03),2016-12-08,2
Salbutamol Inhaler (R03),2016-12-10,15
Salbutamol Inhaler (R03),2016-12-11,14
Salbutamol Inhaler (R03),2016-12-12,21
Salbutamol Inhaler (R03),2016-12-13,18
Salbutamol Inhaler (R03),2016-12-14,10
Salbutamol Inhaler (R03),2016-12-15,5
Salbutamol Inhaler (R03),2016-12-16,23
Salbutamol Inhaler (R03),2016-12-17,6
Salbutamol Inhaler (R03),2016-12-18,5
Salbutamol Inhaler (R03),2016-12-20,1
Salbutamol Inhaler (R03),2016-12-21,6
Salbutamol Inhaler (R03),2016-12-22,5
Salbutamol Inhaler (R03),2016-12-23,8
Salbutamol Inhaler (R03),2016-12-24,2
Salbutamol Inhaler (R03),2016-12-25,9
Salbutamol Inhaler (R03),2016-12-26,2
Salbutamol Inhaler (R03),2016-12-27,13
Salbutamol Inhaler (R03),2016-12-28,13
Salbutamol Inhaler (R03),2016-12-29,6
Salbutamol Inhaler (R03),2016-12-30,3
Salbutamol Inhaler (R03),2016-12-31,12
Salbutamol Inhaler (R03),2017-01-01,6
Salbutamol Inhaler (R03),2017-01-02,3
Salbutamol Inhaler (R03),2017-01-03,7
Salbutamol Inhaler (R03),2017-01-04,5
Salbutamol Inhaler (R03),2017-01-05,11
Salbutamol Inhaler (R03),2017-01-06,15
Salbutamol Inhaler (R03),2017-01-07,2
Salbutamol Inhaler (R03),2017-01-08,3
Salbutamol Inhaler (R03),2017-01-09,2
Salbutamol Inhaler (R03),2017-01-10,8
Salbutamol Inhaler (R03),2017-01-11,2
Salbutamol Inhaler (R03),2017-01-12,5
Salbutamol Inhaler (R03),2017-01-13,3
Salbutamol Inhaler (R03),2017-01-14,5
Salbutamol Inhaler (R03),2017-01-15,8
Salbutamol Inhaler (R03),2017-01-16,7
Salbutamol Inhaler (R03),2017-01-17,4
Salbutamol Inhaler (R03),2017-01-18,6
Salbutamol Inhaler (R03),2017-01-19,2
Salbutamol Inhaler (R03),2017-01-20,12
Salbutamol Inhaler (R03),2017-01-21,5
Salbutamol Inhaler (R03),2017-01-22,9
Salbutamol Inhaler (R03),2017-01-23,2
Salbutamol Inhaler (R03),2017-01-24,10
Salbutamol Inhaler (R03),2017-01-25,14
Salbutamol Inhaler (R03),2017-01-26,8
Salbutamol Inhaler (R03),2017-01-27,10
Salbutamol Inhaler (R03),2017-01-28,2
Salbutamol Inhaler (R03),2017-01-29,10
Salbutamol Inhaler (R03),2017-01-30,7
Salbutamol Inhaler (R03),2017-01-31,3
Salbutamol Inhaler (R03),2017-02-01,8
Salbutamol Inhaler (R03),2017-02-03,7
Salbutamol Inhaler (R03),2017-02-04,8
Salbutamol Inhaler (R03),2017-02-05,11
Salbutamol Inhaler (R03),2017-02-06,5
Salbutamol Inhaler (R03),2017-02-07,7
Salbutamol Inhaler (R03),2017-02-08,10
Salbutamol Inhaler (R03),2017-02-10,2
Salbutamol Inhaler (R03),2017-02-11,1
Salbutamol Inhaler (R03),2017-02-12,2
Salbutamol Inhaler (R03),2017-02-14,1
Salbutamol Inhaler (R03),2017-02-15,1
Salbutamol Inhaler (R03),2017-02-17,8
Salbutamol Inhaler (R03),2017-02-19,8
Salbutamol Inhaler (R03),2017-02-20,1
Salbutamol Inhaler (R03),2017-02-21,8
Salbutamol Inhaler (R03),2017-02-22,5
Salbutamol Inhaler (R03),2017-02-23,8
Salbutamol Inhaler (R03),2017-02-24,7
Salbutamol Inhaler (R03),2017-02-25,2
Salbutamol Inhaler (R03),2017-02-26,5
Salbutamol Inhaler (R03),2017-02-27,7
Salbutamol Inhaler (R03),2017-02-28,18
Salbutamol Inhaler (R03),2017-03-01,5
Salbutamol Inhaler (R03),2017-03-02,1
Salbutamol Inhaler (R03),2017-03-03,6
Salbutamol Inhaler (R03),2017-03-04,5
Salbutamol Inhaler (R03),2017-03-05,6
Salbutamol Inhaler (R03),2017-03-11,5
Salbutamol Inhaler (R03),2017-03-12,15
Salbutamol Inhaler (R03),2017-03-13,10
Salbutamol Inhaler (R03),2017-03-14,5
Salbutamol Inhaler (R03),2017-03-16,1
Salbutamol Inhaler (R03),2017-03-17,3
Salbutamol Inhaler (R03),2017-03-18,1
Salbutamol Inhaler (R03),2017-03-19,5
Salbutamol Inhaler (R03),2017-03-20,7
Salbutamol Inhaler (R03),2017-03-21,1
Salbutamol Inhaler (R03),2017-03-22,2
Salbutamol Inhaler (R03),2017-03-23,6
Salbutamol Inhaler (R03),2017-03-24,5
Salbutamol Inhaler (R03),2017-03-26,10
Salbutamol Inhaler (R03),2017-03-27,1
Salbutamol Inhaler (R03),2017-03-29,7
Salbutamol Inhaler (R03),2017-03-31,2
Salbutamol Inhaler (R03),2017-04-01,1
Salbutamol Inhaler (R03),2017-04-02,9
Salbutamol Inhaler (R03),2017-04-03,20
Salbutamol Inhaler (R03),2017-04-04,5
Salbutamol Inhaler (R03),2017-04-05,6
Salbutamol Inhaler (R03),2017-04-07,5
Salbutamol Inhaler (R03),2017-04-08,11
Salbutamol Inhaler (R03),2017-04-10,4
Salbutamol Inhaler (R03),2017-04-11,11
Salbutamol Inhaler (R03),2017-04-12,10
Salbutamol Inhaler (R03),2017-04-13,2
Salbutamol Inhaler (R03),2017-04-14,16
Salbutamol Inhaler (R03),2017-04-15,15
Salbutamol Inhaler (R03),2017-04-17,5
Salbutamol Inhaler (R03),2017-04-18,2
Salbutamol Inhaler (R03),2017-04-20,7
Salbutamol Inhaler (R03),2017-04-21,2
Salbutamol Inhaler (R03),2017-04-22,1
Salbutamol Inhaler (R03),2017-04-23,1
Salbutamol Inhaler (R03),2017-04-24,1
Salbutamol Inhaler (R03),2017-04-25,26
Salbutamol Inhaler (R03),2017-04-26,1
Salbutamol Inhaler (R03),2017-04-28,7
Salbutamol Inhaler (R03),2017-04-29,1
Salbutamol Inhaler (R03),2017-04-30,12
Salbutamol Inhaler (R03),2017-05-02,6
Salbutamol Inhaler (R03),2017-05-03,20
Salbutamol Inhaler (R03),2017-05-04,2
Salbutamol Inhaler (R03),2017-05-05,12
Salbutamol Inhaler (R03),2017-05-07,4
Salbutamol Inhaler (R03),2017-05-08,1
Salbutamol Inhaler (R03),2017-05-09,2
Salbutamol Inhaler (R03),2017-05-10,14
Salbutamol Inhaler (R03),2017-05-11,1
Salbutamol Inhaler (R03),2017-05-13,1
Salbutamol Inhaler (R03),2017-05-14,5
Salbutamol Inhaler (R03),2017-05-15,3
Salbutamol Inhaler (R03),2017-05-16,6
Salbutamol Inhaler (R03),2017-05-20,6
Salbutamol Inhaler (R03),2017-05-21,12
Salbutamol Inhaler (R03),2017-05-22,7
Salbutamol Inhaler (R03),2017-05-23,2
Salbutamol Inhaler (R03),2017-05-24,4
Salbutamol Inhaler (R03),2017-05-25,2
Salbutamol Inhaler (R03),2017-05-26,8
Salbutamol Inhaler (R03),2017-05-29,4
Salbutamol Inhaler (R03),2017-05-30,5
Salbutamol Inhaler (R03),2017-05-31,1
Salbutamol Inhaler (R03),2017-06-01,2
Salbutamol Inhaler (R03),2017-06-02,5
Salbutamol Inhaler (R03),2017-06-03,22
Salbutamol Inhaler (R03),2017-06-04,5
Salbutamol Inhaler (R03),2017-06-06,6
Salbutamol Inhaler (R03),2017-06-07,20
Salbutamol Inhaler (R03),2017-06-08,2
Salbutamol Inhaler (R03),2017-06-10,7
Salbutamol Inhaler (R03),2017-06-11,2
Salbutamol Inhaler (R03),2017-06-12,13
Salbutamol Inhaler (R03),2017-06-14,5
Salbutamol Inhaler (R03),2017-06-15,5
Salbutamol Inhaler (R03),2017-06-17,5
Salbutamol Inhaler (R03),2017-06-18,12
Salbutamol Inhaler (R03),2017-06-19,8
Salbutamol Inhaler (R03),2017-06-20,5
Salbutamol Inhaler (R03),2017-06-21,2
Salbutamol Inhaler (R03),2017-06-22,8
Salbutamol Inhaler (R03),2017-06-27,3
Salbutamol Inhaler (R03),2017-06-28,5
Salbutamol Inhaler (R03),2017-06-29,21
Salbutamol Inhaler (R03),2017-07-01,10
Salbutamol Inhaler (R03),2017-07-03,11
Salbutamol Inhaler (R03),2017-07-05,22
Salbutamol Inhaler (R03),2017-07-06,1
Salbutamol Inhaler (R03),2017-07-07,1
Salbutamol Inhaler (R03),2017-07-08,1
Salbutamol Inhaler (R03),2017-07-09,1
Salbutamol Inhaler (R03),2017-07-10,7
Salbutamol Inhaler (R03),2017-07-11,7
Salbutamol Inhaler (R03),2017-07-12,3
Salbutamol Inhaler (R03),2017-07-13,3
Salbutamol Inhaler (R03),2017-07-14,5
Salbutamol Inhaler (R03),2017-07-17,4
Salbutamol Inhaler (R03),2017-07-18,20
Salbutamol Inhaler (R03),2017-07-19,1
Salbutamol Inhaler (R03),2017-07-20,2
Salbutamol Inhaler (R03),2017-07-23,4
Salbutamol Inhaler (R03),2017-07-25,6
Salbutamol Inhaler (R03),2017-07-26,1
Salbutamol Inhaler (R03),2017-07-31,5
Salbutamol Inhaler (R03),2017-08-01,1
Salbutamol Inhaler (R03),2017-08-02,1
Salbutamol Inhaler (R03),2017-08-03,1
Salbutamol Inhaler (R03),2017-08-04,5
Salbutamol Inhaler (R03),2017-08-09,2
Salbutamol Inhaler (R03),2017-08-10,3
Salbutamol Inhaler (R03),2017-08-12,6
Salbutamol Inhaler (R03),2017-08-13,1
Salbutamol Inhaler (R03),2017-08-15,2
Salbutamol Inhaler (R03),2017-08-16,4
Salbutamol Inhaler (R03),2017-08-17,1
Salbutamol Inhaler (R03),2017-08-19,11
Salbutamol Inhaler (R03),2017-08-20,2
Salbutamol Inhaler (R03),2017-08-23,9
Salbutamol Inhaler (R03),2017-08-24,1
Salbutamol Inhaler (R03),2017-08-26,6
Salbutamol Inhaler (R03),2017-08-27,7
Salbutamol Inhaler (R03),2017-08-28,1
Salbutamol Inhaler (R03),2017-08-29,11
Salbutamol Inhaler (R03),2017-09-01,2
Salbutamol Inhaler (R03),2017-09-02,1
Salbutamol Inhaler (R03),2017-09-03,1
Salbutamol Inhaler (R03),2017-09-05,2
Salbutamol Inhaler (R03),2017-09-06,3
Salbutamol Inhaler (R03),2017-09-08,3
Salbutamol Inhaler (R03),2017-09-12,1
Salbutamol Inhaler (R03),2017-09-13,5
Salbutamol Inhaler (R03),2017-09-14,9
Salbutamol Inhaler (R03),2017-09-15,8
Salbutamol Inhaler (R03),2017-09-17,7
Salbutamol Inhaler (R03),2017-09-18,1
Salbutamol Inhaler (R03),2017-09-19,6
Salbutamol Inhaler (R03),2017-09-20,6
Salbutamol Inhaler (R03),2017-09-24,6
Salbutamol Inhaler (R03),2017-09-25,26
Salbutamol Inhaler (R03),2017-09-26,6
Salbutamol Inhaler (R03),2017-09-27,3
Salbutamol Inhaler (R03),2017-09-28,10
Salbutamol Inhaler (R03),2017-09-29,5
Salbutamol Inhaler (R03),2017-09-30,28
Salbutamol Inhaler (R03),2017-10-01,20
Salbutamol Inhaler (R03),2017-10-03,5
Salbutamol Inhaler (R03),2017-10-04,2
Salbutamol Inhaler (R03),2017-10-05,11
Salbutamol Inhaler (R03),2017-10-06,6
Salbutamol Inhaler (R03),2017-10-07,10
Salbutamol Inhaler (R03),2017-10-08,15
Salbutamol Inhaler (R03),2017-10-10,11
Salbutamol Inhaler (R03),2017-10-11,6
Salbutamol Inhaler (R03),2017-10-12,1
Salbutamol Inhaler (R03),2017-10-13,3
Salbutamol Inhaler (R03),2017-10-14,20
Salbutamol Inhaler (R03),2017-10-15,11
Salbutamol Inhaler (R03),2017-10-16,2
Salbutamol Inhaler (R03),2017-10-17,6
Salbutamol Inhaler (R03),2017-10-18,1
Salbutamol Inhaler (R03),2017-10-19,13
Salbutamol Inhaler (R03),2017-10-20,8
Salbutamol Inhaler (R03),2017-10-21,5
Salbutamol Inhaler (R03),2017-10-22,9
Salbutamol Inhaler (R03),2017-10-23,28
Salbutamol Inhaler (R03),2017-10-24,10
Salbutamol Inhaler (R03),2017-10-25,1
Salbutamol Inhaler (R03),2017-10-26,5
Salbutamol Inhaler (R03),2017-10-27,21
Salbutamol Inhaler (R03),2017-10-28,7
Salbutamol Inhaler (R03),2017-10-29,1
Salbutamol Inhaler (R03),2017-10-30,9
Salbutamol Inhaler (R03),2017-11-01,3
Salbutamol Inhaler (R03),2017-11-02,11
Salbutamol Inhaler (R03),2017-11-03,6
Salbutamol Inhaler (R03),2017-11-04,1
Salbutamol Inhaler (R03),2017-11-05,5
Salbutamol Inhaler (R03),2017-11-06,8
Salbutamol Inhaler (R03),2017-11-08,5
Salbutamol Inhaler (R03),2017-11-09,11
Salbutamol Inhaler (R03),2017-11-10,22
Salbutamol Inhaler (R03),2017-11-11,2
Salbutamol Inhaler (R03),2017-11-12,3
Salbutamol Inhaler (R03),2017-11-13,5
Salbutamol Inhaler (R03),2017-11-14,19
Salbutamol Inhaler (R03),2017-11-16,1
Salbutamol Inhaler (R03),2017-11-17,30
Salbutamol Inhaler (R03),2017-11-18,8
Salbutamol Inhaler (R03),2017-11-19,6
Salbutamol Inhaler (R03),2017-11-20,2
Salbutamol Inhaler (R03),2017-11-21,2
Salbutamol Inhaler (R03),2017-11-22,1
Salbutamol Inhaler (R03),2017-11-24,2
Salbutamol Inhaler (R03),2017-11-25,2
Salbutamol Inhaler (R03),2017-11-26,12
Salbutamol Inhaler (R03),2017-11-27,7
Salbutamol Inhaler (R03),2017-11-28,8
Salbutamol Inhaler (R03),2017-11-29,5
Salbutamol Inhaler (R03),2017-11-30,9
Salbutamol Inhaler (R03),2017-12-01,5
Salbutamol Inhaler (R03),2017-12-03,6
Salbutamol Inhaler (R03),2017-12-04,13
Salbutamol Inhaler (R03),2017-12-05,6
Salbutamol Inhaler (R03),2017-12-06,6
Salbutamol Inhaler (R03),2017-12-07,7
Salbutamol Inhaler (R03),2017-12-08,7
Salbutamol Inhaler (R03),2017-12-09,7
Salbutamol Inhaler (R03),2017-12-10,18
Salbutamol Inhaler (R03),2017-12-11,6
Salbutamol Inhaler (R03),2017-12-12,12
Salbutamol Inhaler (R03),2017-12-16,1
Salbutamol Inhaler (R03),2017-12-17,15
Salbutamol Inhaler (R03),2017-12-18,8
Salbutamol Inhaler (R03),2017-12-20,11
Salbutamol Inhaler (R03),2017-12-21,6
Salbutamol Inhaler (R03),2017-12-22,1
Salbutamol Inhaler (R03),2017-12-23,1
Salbutamol Inhaler (R03),2017-12-24,5
Salbutamol Inhaler (R03),2017-12-25,6
Salbutamol Inhaler (R03),2017-12-26,9
Salbutamol Inhaler (R03),2017-12-27,3
Salbutamol Inhaler (R03),2017-12-28,24
Salbutamol Inhaler (R03),2017-12-29,11
Salbutamol Inhaler (R03),2017-12-30,10
Salbutamol Inhaler (R03),2018-01-02,2
Salbutamol Inhaler (R03),2018-01-03,10
Salbutamol Inhaler (R03),2018-01-04,1
Salbutamol Inhaler (R03),2018-01-05,21
Salbutamol Inhaler (R03),2018-01-06,5
Salbutamol Inhaler (R03),2018-01-09,10
Salbutamol Inhaler (R03),2018-01-10,6
Salbutamol Inhaler (R03),2018-01-11,5
Salbutamol Inhaler (R03),2018-01-12,10
Salbutamol Inhaler (R03),2018-01-13,8
Salbutamol Inhaler (R03),2018-01-14,5
Salbutamol Inhaler (R03),2018-01-15,15
Salbutamol Inhaler (R03),2018-01-16,8
Salbutamol Inhaler (R03),2018-01-17,41
Salbutamol Inhaler (R03),2018-01-18,2
Salbutamol Inhaler (R03),2018-01-19,3
Salbutamol Inhaler (R03),2018-01-20,5
Salbutamol Inhaler (R03),2018-01-21,1
Salbutamol Inhaler (R03),2018-01-22,6
Salbutamol Inhaler (R03),2018-01-23,5
Salbutamol Inhaler (R03),2018-01-24,4
Salbutamol Inhaler (R03),2018-01-25,7
Salbutamol Inhaler (R03),2018-01-26,12
Salbutamol Inhaler (R03),2018-01-27,3
Salbutamol Inhaler (R03),2018-01-28,10
Salbutamol Inhaler (R03),2018-01-29,4
Salbutamol Inhaler (R03),2018-01-30,4
Salbutamol Inhaler (R03),2018-01-31,6
Salbutamol Inhaler (R03),2018-02-01,6
Salbutamol Inhaler (R03),2018-02-02,6
Salbutamol Inhaler (R03),2018-02-03,5
Salbutamol Inhaler (R03),2018-02-04,3
Salbutamol Inhaler (R03),2018-02-05,6
Salbutamol Inhaler (R03),2018-02-06,5
Salbutamol Inhaler (R03),2018-02-07,23
Salbutamol Inhaler (R03),2018-02-08,1
Salbutamol Inhaler (R03),2018-02-09,11
Salbutamol Inhaler (R03),2018-02-10,15
Salbutamol Inhaler (R03),2018-02-11,10
Salbutamol Inhaler (R03),2018-02-12,1
Salbutamol Inhaler (R03),2018-02-13,10
Salbutamol Inhaler (R03),2018-02-14,14
Salbutamol Inhaler (R03),2018-02-15,10
Salbutamol Inhaler (R03),2018-02-17,9
Salbutamol Inhaler (R03),2018-02-18,4
Salbutamol Inhaler (R03),2018-02-19,12
Salbutamol Inhaler (R03),2018-02-20,2
Salbutamol Inhaler (R03),2018-02-21,6
Salbutamol Inhaler (R03),2018-02-22,20
Salbutamol Inhaler (R03),2018-02-23,12
Salbutamol Inhaler (R03),2018-02-24,8
Salbutamol Inhaler (R03),2018-02-25,10
Salbutamol Inhaler (R03),2018-02-26,7
Salbutamol Inhaler (R03),2018-02-27,8
Salbutamol Inhaler (R03),2018-03-01,12
Salbutamol Inhaler (R03),2018-03-02,17
Salbutamol Inhaler (R03),2018-03-03,10
Salbutamol Inhaler (R03),2018-03-04,14
Salbutamol Inhaler (R03),2018-03-05,17
Salbutamol Inhaler (R03),2018-03-06,2
Salbutamol Inhaler (R03),2018-03-07,11
Salbutamol Inhaler (R03),2018-03-09,10
Salbutamol Inhaler (R03),2018-03-10,17
Salbutamol Inhaler (R03),2018-03-11,11
Salbutamol Inhaler (R03),2018-03-12,13
Salbutamol Inhaler (R03),2018-03-13,21
Salbutamol Inhaler (R03),2018-03-14,8
Salbutamol Inhaler (R03),2018-03-15,10
Salbutamol Inhaler (R03),2018-03-16,2
Salbutamol Inhaler (R03),2018-03-17,5
Salbutamol Inhaler (R03),2018-03-18,2
Salbutamol Inhaler (R03),2018-03-19,18
Salbutamol Inhaler (R03),2018-03-20,15
Salbutamol Inhaler (R03),2018-03-21,9
Salbutamol Inhaler (R03),2018-03-23,11
Salbutamol Inhaler (R03),2018-03-24,2
Salbutamol Inhaler (R03),2018-03-25,3
Salbutamol Inhaler (R03),2018-03-26,5
Salbutamol Inhaler (R03),2018-03-27,5
Salbutamol Inhaler (R03),2018-03-28,6
Salbutamol Inhaler (R03),2018-03-29,7
Salbutamol Inhaler (R03),2018-03-30,3
Salbutamol Inhaler (R03),2018-03-31,3
Salbutamol Inhaler (R03),2018-04-01,22
Salbutamol Inhaler (R03),2018-04-02,10
Salbutamol Inhaler (R03),2018-04-03,5
Salbutamol Inhaler (R03),2018-04-04,1
Salbutamol Inhaler (R03),2018-04-05,16
Salbutamol Inhaler (R03),2018-04-06,23
Salbutamol Inhaler (R03),2018-04-07,5
Salbutamol Inhaler (R03),2018-04-09,10
Salbutamol Inhaler (R03),2018-04-10,7
Salbutamol Inhaler (R03),2018-04-11,3
Salbutamol Inhaler (R03),2018-04-12,6
Salbutamol Inhaler (R03),2018-04-13,23
Salbutamol Inhaler (R03),2018-04-14,3
Salbutamol Inhaler (R03),2018-04-16,4
Salbutamol Inhaler (R03),2018-04-17,6
Salbutamol Inhaler (R03),2018-04-18,7
Salbutamol Inhaler (R03),2018-04-19,1
Salbutamol Inhaler (R03),2018-04-20,6
Salbutamol Inhaler (R03),2018-04-21,4
Salbutamol Inhaler (R03),2018-04-23,2
Salbutamol Inhaler (R03),2018-04-24,1
Salbutamol Inhaler (R03),2018-04-25,30
Salbutamol Inhaler (R03),2018-04-26,7
Salbutamol Inhaler (R03),2018-04-27,6
Salbutamol Inhaler (R03),2018-04-28,6
Salbutamol Inhaler (R03),2018-04-29,14
Salbutamol Inhaler (R03),2018-04-30,1
Salbutamol Inhaler (R03),2018-05-01,1
Salbutamol Inhaler (R03),2018-05-02,3
Salbutamol Inhaler (R03),2018-05-03,16
Salbutamol Inhaler (R03),2018-05-04,2
Salbutamol Inhaler (R03),2018-05-06,3
Salbutamol Inhaler (R03),2018-05-07,7
Salbutamol Inhaler (R03),2018-05-08,1
Salbutamol Inhaler (R03),2018-05-09,2
Salbutamol Inhaler (R03),2018-05-10,1
Salbutamol Inhaler (R03),2018-05-11,2
Salbutamol Inhaler (R03),2018-05-12,11
Salbutamol Inhaler (R03),2018-05-13,7
Salbutamol Inhaler (R03),2018-05-14,37
Salbutamol Inhaler (R03),2018-05-15,5
Salbutamol Inhaler (R03),2018-05-16,2
Salbutamol Inhaler (R03),2018-05-17,1
Salbutamol Inhaler (R03),2018-05-18,2
Salbutamol Inhaler (R03),2018-05-21,11
Salbutamol Inhaler (R03),2018-05-22,6
Salbutamol Inhaler (R03),2018-05-24,10
Salbutamol Inhaler (R03),2018-05-25,1
Salbutamol Inhaler (R03),2018-05-26,3
Salbutamol Inhaler (R03),2018-05-28,7
Salbutamol Inhaler (R03),2018-05-29,4
Salbutamol Inhaler (R03),2018-05-30,14
Salbutamol Inhaler (R03),2018-05-31,8
Salbutamol Inhaler (R03),2018-06-01,5
Salbutamol Inhaler (R03),2018-06-02,7
Salbutamol Inhaler (R03),2018-06-04,6
Salbutamol Inhaler (R03),2018-06-07,10
Salbutamol Inhaler (R03),2018-06-08,2
Salbutamol Inhaler (R03),2018-06-09,5
Salbutamol Inhaler (R03),2018-06-12,1
Salbutamol Inhaler (R03),2018-06-15,8
Salbutamol Inhaler (R03),2018-06-16,2
Salbutamol Inhaler (R03),2018-06-17,5
Salbutamol Inhaler (R03),2018-06-18,1
Salbutamol Inhaler (R03),2018-06-19,5
Salbutamol Inhaler (R03),2018-06-20,11
Salbutamol Inhaler (R03),2018-06-21,5
Salbutamol Inhaler (R03),2018-06-22,6
Salbutamol Inhaler (R03),2018-06-23,1
Salbutamol Inhaler (R03),2018-06-25,5
Salbutamol Inhaler (R03),2018-06-26,9
Salbutamol Inhaler (R03),2018-06-27,2
Salbutamol Inhaler (R03),2018-06-28,5
Salbutamol Inhaler (R03),2018-07-01,10
Salbutamol Inhaler (R03),2018-07-02,3
Salbutamol Inhaler (R03),2018-07-03,8
Salbutamol Inhaler (R03),2018-07-04,22
Salbutamol Inhaler (R03),2018-07-05,3
Salbutamol Inhaler (R03),2018-07-08,5
Salbutamol Inhaler (R03),2018-07-10,2
Salbutamol Inhaler (R03),2018-07-11,6
Salbutamol Inhaler (R03),2018-07-13,2
Salbutamol Inhaler (R03),2018-07-15,1
Salbutamol Inhaler (R03),2018-07-18,12
Salbutamol Inhaler (R03),2018-07-20,2
Salbutamol Inhaler (R03),2018-07-21,5
Salbutamol Inhaler (R03),2018-07-22,5
Salbutamol Inhaler (R03),2018-07-24,2
Salbutamol Inhaler (R03),2018-07-26,1
Salbutamol Inhaler (R03),2018-07-27,1
Salbutamol Inhaler (R03),2018-08-01,1
Salbutamol Inhaler (R03),2018-08-02,2
Salbutamol Inhaler (R03),2018-08-05,6
Salbutamol Inhaler (R03),2018-08-06,6
Salbutamol Inhaler (R03),2018-08-07,1
Salbutamol Inhaler (R03),2018-08-11,5
Salbutamol Inhaler (R03),2018-08-12,1
Salbutamol Inhaler (R03),2018-08-13,3
Salbutamol Inhaler (R03),2018-08-14,4
Salbutamol Inhaler (R03),2018-08-16,5
Salbutamol Inhaler (R03),2018-08-17,5
Salbutamol Inhaler (R03),2018-08-18,6
Salbutamol Inhaler (R03),2018-08-19,5
Salbutamol Inhaler (R03),2018-08-20,20
Salbutamol Inhaler (R03),2018-08-21,1
Salbutamol Inhaler (R03),2018-08-23,23
Salbutamol Inhaler (R03),2018-08-24,21
Salbutamol Inhaler (R03),2018-08-25,6
Salbutamol Inhaler (R03),2018-08-26,8
Salbutamol Inhaler (R03),2018-08-27,1
Salbutamol Inhaler (R03),2018-08-29,5
Salbutamol Inhaler (R03),2018-08-30,4
Salbutamol Inhaler (R03),2018-08-31,20
Salbutamol Inhaler (R03),2018-09-01,1
Salbutamol Inhaler (R03),2018-09-02,5
Salbutamol Inhaler (R03),2018-09-04,3
Salbutamol Inhaler (R03),2018-09-05,3
Salbutamol Inhaler (R03),2018-09-06,5
Salbutamol Inhaler (R03),2018-09-07,22
Salbutamol Inhaler (R03),2018-09-08,10
Salbutamol Inhaler (R03),2018-09-10,1
Salbutamol Inhaler (R03),2018-09-11,6
Salbutamol Inhaler (R03),2018-09-12,5
Salbutamol Inhaler (R03),2018-09-13,12
Salbutamol Inhaler (R03),2018-09-14,1
Salbutamol Inhaler (R03),2018-09-15,10
Salbutamol Inhaler (R03),2018-09-16,7
Salbutamol Inhaler (R03),2018-09-17,5
Salbutamol Inhaler (R03),2018-09-18,1
Salbutamol Inhaler (R03),2018-09-19,9
Salbutamol Inhaler (R03),2018-09-21,1
Salbutamol Inhaler (R03),2018-09-22,23
Salbutamol Inhaler (R03),2018-09-23,8
Salbutamol Inhaler (R03),2018-09-24,9
Salbutamol Inhaler (R03),2018-09-25,22
Salbutamol Inhaler (R03),2018-09-27,7
Salbutamol Inhaler (R03),2018-09-28,5
Salbutamol Inhaler (R03),2018-09-29,21
Salbutamol Inhaler (R03),2018-09-30,3
Salbutamol Inhaler (R03),2018-10-01,21
Salbutamol Inhaler (R03),2018-10-02,6
Salbutamol Inhaler (R03),2018-10-03,5
Salbutamol Inhaler (R03),2018-10-04,5
Salbutamol Inhaler (R03),2018-10-05,14
Salbutamol Inhaler (R03),2018-10-06,3
Salbutamol Inhaler (R03),2018-10-07,9
Salbutamol Inhaler (R03),2018-10-09,29
Salbutamol Inhaler (R03),2018-10-10,20
Salbutamol Inhaler (R03),2018-10-12,1
Salbutamol Inhaler (R03),2018-10-13,6
Salbutamol Inhaler (R03),2018-10-15,5
Salbutamol Inhaler (R03),2018-10-16,6
Salbutamol Inhaler (R03),2018-10-17,1
Salbutamol Inhaler (R03),2018-10-18,10
Salbutamol Inhaler (R03),2018-10-19,6
Salbutamol Inhaler (R03),2018-10-20,34
Salbutamol Inhaler (R03),2018-10-21,5
Salbutamol Inhaler (R03),2018-10-22,28
Salbutamol Inhaler (R03),2018-10-23,11
Salbutamol Inhaler (R03),2018-10-24,10
Salbutamol Inhaler (R03),2018-10-25,33
Salbutamol Inhaler (R03),2018-10-26,14
Salbutamol Inhaler (R03),2018-10-27,7
Salbutamol Inhaler (R03),2018-10-28,13
Salbutamol Inhaler (R03),2018-10-29,10
Salbutamol Inhaler (R03),2018-10-30,13
Salbutamol Inhaler (R03),2018-10-31,2
Salbutamol Inhaler (R03),2018-11-01,7
Salbutamol Inhaler (R03),2018-11-02,1
Salbutamol Inhaler (R03),2018-11-04,13
Salbutamol Inhaler (R03),2018-11-05,13
Salbutamol Inhaler (R03),2018-11-06,13
Salbutamol Inhaler (R03),2018-11-07,8
Salbutamol Inhaler (R03),2018-11-08,16
Salbutamol Inhaler (R03),2018-11-09,22
Salbutamol Inhaler (R03),2018-11-10,11
Salbutamol Inhaler (R03),2018-11-11,10
Salbutamol Inhaler (R03),2018-11-12,24
Salbutamol Inhaler (R03),2018-11-13,18
Salbutamol Inhaler (R03),2018-11-15,29
Salbutamol Inhaler (R03),2018-11-16,6
Salbutamol Inhaler (R03),2018-11-17,13
Salbutamol Inhaler (R03),2018-11-18,10
Salbutamol Inhaler (R03),2018-11-19,3
Salbutamol Inhaler (R03),2018-11-20,10
Salbutamol Inhaler (R03),2018-11-21,5
Salbutamol Inhaler (R03),2018-11-22,15
Salbutamol Inhaler (R03),2018-11-23,24
Salbutamol Inhaler (R03),2018-11-24,7
Salbutamol Inhaler (R03),2018-11-25,3
Salbutamol Inhaler (R03),2018-11-26,16
Salbutamol Inhaler (R03),2018-11-27,5
Salbutamol Inhaler (R03),2018-11-28,8
Salbutamol Inhaler (R03),2018-11-29,1
Salbutamol Inhaler (R03),2018-12-01,13
Salbutamol Inhaler (R03),2018-12-02,27
Salbutamol Inhaler (R03),2018-12-03,13
Salbutamol Inhaler (R03),2018-12-04,5
Salbutamol Inhaler (R03),2018-12-05,15
Salbutamol Inhaler (R03),2018-12-07,12
Salbutamol Inhaler (R03),2018-12-09,11
Salbutamol Inhaler (R03),2018-12-10,7
Salbutamol Inhaler (R03),2018-12-11,2
Salbutamol Inhaler (R03),2018-12-12,21
Salbutamol Inhaler (R03),2018-12-13,6
Salbutamol Inhaler (R03),2018-12-14,29
Salbutamol Inhaler (R03),2018-12-15,26
Salbutamol Inhaler (R03),2018-12-16,7
Salbutamol Inhaler (R03),2018-12-17,22
Salbutamol Inhaler (R03),2018-12-18,9
Salbutamol Inhaler (R03),2018-12-20,1
Salbutamol Inhaler (R03),2018-12-21,13
Salbutamol Inhaler (R03),2018-12-23,13
Salbutamol Inhaler (R03),2018-12-24,8
Salbutamol Inhaler (R03),2018-12-25,21
Salbutamol Inhaler (R03),2018-12-26,13
Salbutamol Inhaler (R03),2018-12-27,7
Salbutamol Inhaler (R03),2018-12-28,9
Salbutamol Inhaler (R03),2018-12-29,7
Salbutamol Inhaler (R03),2018-12-30,31
Salbutamol Inhaler (R03),2018-12-31,6
Salbutamol Inhaler (R03),2019-01-02,9
Salbutamol Inhaler (R03),2019-01-03,9
Salbutamol Inhaler (R03),2019-01-05,30
Salbutamol Inhaler (R03),2019-01-08,10
Salbutamol Inhaler (R03),2019-01-09,10
Salbutamol Inhaler (R03),2019-01-10,13
Salbutamol Inhaler (R03),2019-01-11,6
Salbutamol Inhaler (R03),2019-01-12,10
Salbutamol Inhaler (R03),2019-01-13,1
Salbutamol Inhaler (R03),2019-01-14,18
Salbutamol Inhaler (R03),2019-01-15,19
Salbutamol Inhaler (R03),2019-01-16,17
Salbutamol Inhaler (R03),2019-01-17,8
Salbutamol Inhaler (R03),2019-01-18,24
Salbutamol Inhaler (R03),2019-01-19,1
Salbutamol Inhaler (R03),2019-01-20,34
Salbutamol Inhaler (R03),2019-01-21,31
Salbutamol Inhaler (R03),2019-01-22,7
Salbutamol Inhaler (R03),2019-01-23,23
Salbutamol Inhaler (R03),2019-01-24,2
Salbutamol Inhaler (R03),2019-01-25,11
Salbutamol Inhaler (R03),2019-01-26,13
Salbutamol Inhaler (R03),2019-01-27,6
Salbutamol Inhaler (R03),2019-01-28,28
Salbutamol Inhaler (R03),2019-01-29,15
Salbutamol Inhaler (R03),2019-01-30,11
Salbutamol Inhaler (R03),2019-01-31,20
Salbutamol Inhaler (R03),2019-02-01,7
Salbutamol Inhaler (R03),2019-02-02,45
Salbutamol Inhaler (R03),2019-02-03,5
Salbutamol Inhaler (R03),2019-02-04,12
Salbutamol Inhaler (R03),2019-02-05,1
Salbutamol Inhaler (R03),2019-02-06,4
Salbutamol Inhaler (R03),2019-02-07,22
Salbutamol Inhaler (R03),2019-02-08,12
Salbutamol Inhaler (R03),2019-02-09,11
Salbutamol Inhaler (R03),2019-02-11,5
Salbutamol Inhaler (R03),2019-02-12,6
Salbutamol Inhaler (R03),2019-02-13,8
Salbutamol Inhaler (R03),2019-02-14,7
Salbutamol Inhaler (R03),2019-02-15,3
Salbutamol Inhaler (R03),2019-02-16,6
Salbutamol Inhaler (R03),2019-02-18,10
Salbutamol Inhaler (R03),2019-02-19,6
Salbutamol Inhaler (R03),2019-02-20,7
Salbutamol Inhaler (R03),2019-02-21,5
Salbutamol Inhaler (R03),2019-02-22,1
Salbutamol Inhaler (R03),2019-02-24,2
Salbutamol Inhaler (R03),2019-02-25,2
Salbutamol Inhaler (R03),2019-02-26,3
Salbutamol Inhaler (R03),2019-02-27,1
Salbutamol Inhaler (R03),2019-02-28,35
Salbutamol Inhaler (R03),2019-03-01,6
Salbutamol Inhaler (R03),2019-03-03,10
Salbutamol Inhaler (R03),2019-03-04,5
Salbutamol Inhaler (R03),2019-03-05,6
Salbutamol Inhaler (R03),2019-03-06,5
Salbutamol Inhaler (R03),2019-03-09,7
Salbutamol Inhaler (R03),2019-03-10,3
Salbutamol Inhaler (R03),2019-03-11,11
Salbutamol Inhaler (R03),2019-03-12,7
Salbutamol Inhaler (R03),2019-03-13,8
Salbutamol Inhaler (R03),2019-03-14,27
Salbutamol Inhaler (R03),2019-03-15,20
Salbutamol Inhaler (R03),2019-03-16,5
Salbutamol Inhaler (R03),2019-03-17,10
Salbutamol Inhaler (R03),2019-03-18,1
Salbutamol Inhaler (R03),2019-03-19,2
Salbutamol Inhaler (R03),2019-03-20,19
Salbutamol Inhaler (R03),2019-03-21,6
Salbutamol Inhaler (R03),2019-03-22,29
Salbutamol Inhaler (R03),2019-03-23,1
Salbutamol Inhaler (R03),2019-03-24,16
Salbutamol Inhaler (R03),2019-03-25,6
Salbutamol Inhaler (R03),2019-03-26,19
Salbutamol Inhaler (R03),2019-03-28,7
Salbutamol Inhaler (R03),2019-03-29,16
Salbutamol Inhaler (R03),2019-03-31,5
Salbutamol Inhaler (R03),2019-04-01,5
Salbutamol Inhaler (R03),2019-04-02,10
Salbutamol Inhaler (R03),2019-04-03,4
Salbutamol Inhaler (R03),2019-04-04,13
Salbutamol Inhaler (R03),2019-04-05,3
Salbutamol Inhaler (R03),2019-04-06,16
Salbutamol Inhaler (R03),2019-04-08,4
Salbutamol Inhaler (R03),2019-04-09,3
Salbutamol Inhaler (R03),2019-04-10,9
Salbutamol Inhaler (R03),2019-04-11,7
Salbutamol Inhaler (R03),2019-04-12,6
Salbutamol Inhaler (R03),2019-04-13,6
Salbutamol Inhaler (R03),2019-04-14,7
Salbutamol Inhaler (R03),2019-04-15,3
Salbutamol Inhaler (R03),2019-04-16,1
Salbutamol Inhaler (R03),2019-04-17,24
Salbutamol Inhaler (R03),2019-04-19,6
Salbutamol Inhaler (R03),2019-04-21,2
Salbutamol Inhaler (R03),2019-04-22,31
Salbutamol Inhaler (R03),2019-04-23,4
Salbutamol Inhaler (R03),2019-04-24,12
Salbutamol Inhaler (R03),2019-04-25,7
Salbutamol Inhaler (R03),2019-04-26,1
Salbutamol Inhaler (R03),2019-04-27,7
Salbutamol Inhaler (R03),2019-04-30,28
Salbutamol Inhaler (R03),2019-05-01,1
Salbutamol Inhaler (R03),2019-05-02,3
Salbutamol Inhaler (R03),2019-05-03,16
Salbutamol Inhaler (R03),2019-05-04,16
Salbutamol Inhaler (R03),2019-05-06,9
Salbutamol Inhaler (R03),2019-05-07,6
Salbutamol Inhaler (R03),2019-05-08,20
Salbutamol Inhaler (R03),2019-05-09,31
Salbutamol Inhaler (R03),2019-05-10,26
Salbutamol Inhaler (R03),2019-05-11,12
Salbutamol Inhaler (R03),2019-05-12,19
Salbutamol Inhaler (R03),2019-05-13,11
Salbutamol Inhaler (R03),2019-05-14,11
Salbutamol Inhaler (R03),2019-05-15,5
Salbutamol Inhaler (R03),2019-05-16,16
Salbutamol Inhaler (R03),2019-05-17,4
Salbutamol Inhaler (R03),2019-05-18,5
Salbutamol Inhaler (R03),2019-05-19,9
Salbutamol Inhaler (R03),2019-05-20,13
Salbutamol Inhaler (R03),2019-05-21,1
Salbutamol Inhaler (R03),2019-05-22,9
Salbutamol Inhaler (R03),2019-05-23,10
Salbutamol Inhaler (R03),2019-05-24,5
Salbutamol Inhaler (R03),2019-05-25,16
Salbutamol Inhaler (R03),2019-05-26,11
Salbutamol Inhaler (R03),2019-05-28,5
Salbutamol Inhaler (R03),2019-05-30,6
Salbutamol Inhaler (R03),2019-05-31,2
Salbutamol Inhaler (R03),2019-06-01,8
Salbutamol Inhaler (R03),2019-06-02,6
Salbutamol Inhaler (R03),2019-06-03,5
Salbutamol Inhaler (R03),2019-06-04,12
Salbutamol Inhaler (R03),2019-06-05,1
Salbutamol Inhaler (R03),2019-06-06,11
Salbutamol Inhaler (R03),2019-06-07,16
Salbutamol Inhaler (R03),2019-06-10,6
Salbutamol Inhaler (R03),2019-06-11,7
Salbutamol Inhaler (R03),2019-06-12,1
Salbutamol Inhaler (R03),2019-06-13,2
Salbutamol Inhaler (R03),2019-06-15,7
Salbutamol Inhaler (R03),2019-06-17,2
Salbutamol Inhaler (R03),2019-06-18,2
Salbutamol Inhaler (R03),2019-06-19,2
Salbutamol Inhaler (R03),2019-06-21,4
Salbutamol Inhaler (R03),2019-06-22,12
Salbutamol Inhaler (R03),2019-06-23,10
Salbutamol Inhaler (R03),2019-06-24,3
Salbutamol Inhaler (R03),2019-06-27,7
Salbutamol Inhaler (R03),2019-06-28,2
Salbutamol Inhaler (R03),2019-06-29,5
Salbutamol Inhaler (R03),2019-06-30,11
Salbutamol Inhaler (R03),2019-07-01,8
Salbutamol Inhaler (R03),2019-07-02,1
Salbutamol Inhaler (R03),2019-07-03,1
Salbutamol Inhaler (R03),2019-07-04,3
Salbutamol Inhaler (R03),2019-07-06,1
Salbutamol Inhaler (R03),2019-07-07,3
Salbutamol Inhaler (R03),2019-07-08,4
Salbutamol Inhaler (R03),2019-07-09,3
Salbutamol Inhaler (R03),2019-07-10,1
Salbutamol Inhaler (R03),2019-07-12,2
Salbutamol Inhaler (R03),2019-07-14,5
Salbutamol Inhaler (R03),2019-07-16,2
Salbutamol Inhaler (R03),2019-07-18,3
Salbutamol Inhaler (R03),2019-07-19,3
Salbutamol Inhaler (R03),2019-07-20,6
Salbutamol Inhaler (R03),2019-07-21,1
Salbutamol Inhaler (R03),2019-07-23,7
Salbutamol Inhaler (R03),2019-07-24,2
Salbutamol Inhaler (R03),2019-07-25,11
Salbutamol Inhaler (R03),2019-07-26,8
Salbutamol Inhaler (R03),2019-07-27,2
Salbutamol Inhaler (R03),2019-07-29,1
Salbutamol Inhaler (R03),2019-07-30,33
Salbutamol Inhaler (R03),2019-07-31,4
Salbutamol Inhaler (R03),2019-08-01,1
Salbutamol Inhaler (R03),2019-08-02,6
Salbutamol Inhaler (R03),2019-08-03,1
Salbutamol Inhaler (R03),2019-08-04,2
Salbutamol Inhaler (R03),2019-08-05,5
Salbutamol Inhaler (R03),2019-08-06,6
Salbutamol Inhaler (R03),2019-08-07,21
Salbutamol Inhaler (R03),2019-08-08,31
Salbutamol Inhaler (R03),2019-08-09,1
Salbutamol Inhaler (R03),2019-08-11,2
Salbutamol Inhaler (R03),2019-08-12,5
Salbutamol Inhaler (R03),2019-08-13,2
Salbutamol Inhaler (R03),2019-08-15,11
Salbutamol Inhaler (R03),2019-08-16,10
Salbutamol Inhaler (R03),2019-08-18,7
Salbutamol Inhaler (R03),2019-08-20,2
Salbutamol Inhaler (R03),2019-08-21,5
Salbutamol Inhaler (R03),2019-08-22,10
Salbutamol Inhaler (R03),2019-08-23,4
Salbutamol Inhaler (R03),2019-08-25,3
Salbutamol Inhaler (R03),2019-08-26,3
Salbutamol Inhaler (R03),2019-08-29,1
Salbutamol Inhaler (R03),2019-08-30,2
Salbutamol Inhaler (R03),2019-08-31,4
Salbutamol Inhaler (R03),2019-09-01,5
Salbutamol Inhaler (R03),2019-09-02,1
Salbutamol Inhaler (R03),2019-09-03,1
Salbutamol Inhaler (R03),2019-09-04,3
Salbutamol Inhaler (R03),2019-09-05,1
Salbutamol Inhaler (R03),2019-09-07,6
Salbutamol Inhaler (R03),2019-09-08,3
Salbutamol Inhaler (R03),2019-09-09,5
Salbutamol Inhaler (R03),2019-09-10,1
Salbutamol Inhaler (R03),2019-09-11,5
Salbutamol Inhaler (R03),2019-09-12,10
Salbutamol Inhaler (R03),2019-09-13,5
Salbutamol Inhaler (R03),2019-09-14,2
Salbutamol Inhaler (R03),2019-09-15,2
Salbutamol Inhaler (R03),2019-09-17,6
Salbutamol Inhaler (R03),2019-09-18,2
Salbutamol Inhaler (R03),2019-09-19,3
Salbutamol Inhaler (R03),2019-09-20,1
Salbutamol Inhaler (R03),2019-09-21,6
Salbutamol Inhaler (R03),2019-09-22,8
Salbutamol Inhaler (R03),2019-09-23,1
Salbutamol Inhaler (R03),2019-09-24,1
Salbutamol Inhaler (R03),2019-09-25,1
Salbutamol Inhaler (R03),2019-09-26,31
Salbutamol Inhaler (R03),2019-09-27,2
Salbutamol Inhaler (R03),2019-09-28,1
Salbutamol Inhaler (R03),2019-09-29,3
Salbutamol Inhaler (R03),2019-09-30,5
Salbutamol Inhaler (R03),2019-10-01,17
Salbutamol Inhaler (R03),2019-10-03,2
Salbutamol Inhaler (R03),2019-10-04,1
Salbutamol Inhaler (R03),2019-10-06,5
Salbutamol Inhaler (R03),2019-10-07,10
Salbutamol Inhaler (R03),2019-10-08,2
Cetirizine 10mg (R06),2014-01-02,2
Cetirizine 10mg (R06),2014-01-03,4
Cetirizine 10mg (R06),2014-01-04,1
Cetirizine 10mg (R06),2014-01-06,2
Cetirizine 10mg (R06),2014-01-09,2
Cetirizine 10mg (R06),2014-01-10,2
Cetirizine 10mg (R06),2014-01-12,1
Cetirizine 10mg (R06),2014-01-13,1
Cetirizine 10mg (R06),2014-01-14,2
Cetirizine 10mg (R06),2014-01-15,3
Cetirizine 10mg (R06),2014-01-17,3
Cetirizine 10mg (R06),2014-01-18,2
Cetirizine 10mg (R06),2014-01-19,1
Cetirizine 10mg (R06),2014-01-20,3
Cetirizine 10mg (R06),2014-01-21,1
Cetirizine 10mg (R06),2014-01-22,2
Cetirizine 10mg (R06),2014-01-23,3
Cetirizine 10mg (R06),2014-01-25,1
Cetirizine 10mg (R06),2014-01-27,3
Cetirizine 10mg (R06),2014-01-28,5
Cetirizine 10mg (R06),2014-01-29,2
Cetirizine 10mg (R06),2014-01-30,2
Cetirizine 10mg (R06),2014-02-04,2
Cetirizine 10mg (R06),2014-02-05,1
Cetirizine 10mg (R06),2014-02-06,2
Cetirizine 10mg (R06),2014-02-08,1
Cetirizine 10mg (R06),2014-02-10,1
Cetirizine 10mg (R06),2014-02-11,2
Cetirizine 10mg (R06),2014-02-13,1
Cetirizine 10mg (R06),2014-02-14,6
Cetirizine 10mg (R06),2014-02-15,5
Cetirizine 10mg (R06),2014-02-16,1
Cetirizine 10mg (R06),2014-02-18,5
Cetirizine 10mg (R06),2014-02-19,1
Cetirizine 10mg (R06),2014-02-20,1
Cetirizine 10mg (R06),2014-02-24,3
Cetirizine 10mg (R06),2014-02-25,2
Cetirizine 10mg (R06),2014-02-26,1
Cetirizine 10mg (R06),2014-02-27,1
Cetirizine 10mg (R06),2014-03-01,2
Cetirizine 10mg (R06),2014-03-02,1
Cetirizine 10mg (R06),2014-03-03,2
Cetirizine 10mg (R06),2014-03-04,4
Cetirizine 10mg (R06),2014-03-06,1
Cetirizine 10mg (R06),2014-03-07,2
Cetirizine 10mg (R06),2014-03-10,2
Cetirizine 10mg (R06),2014-03-11,5
Cetirizine 10mg (R06),2014-03-12,2
Cetirizine 10mg (R06),2014-03-13,2
Cetirizine 10mg (R06),2014-03-14,2
Cetirizine 10mg (R06),2014-03-15,2
Cetirizine 10mg (R06),2014-03-16,4
Cetirizine 10mg (R06),2014-03-17,1
Cetirizine 10mg (R06),2014-03-18,4
Cetirizine 10mg (R06),2014-03-19,2
Cetirizine 10mg (R06),2014-03-20,4
Cetirizine 10mg (R06),2014-03-21,1
Cetirizine 10mg (R06),2014-03-22,8
Cetirizine 10mg (R06),2014-03-23,3
Cetirizine 10mg (R06),2014-03-24,4
Cetirizine 10mg (R06),2014-03-25,1
Cetirizine 10mg (R06),2014-03-27,5
Cetirizine 10mg (R06),2014-03-28,5
Cetirizine 10mg (R06),2014-03-29,3
Cetirizine 10mg (R06),2014-03-30,7
Cetirizine 10mg (R06),2014-03-31,6
Cetirizine 10mg (R06),2014-04-01,1
Cetirizine 10mg (R06),2014-04-02,3
Cetirizine 10mg (R06),2014-04-03,4
Cetirizine 10mg (R06),2014-04-04,2
Cetirizine 10mg (R06),2014-04-05,3
Cetirizine 10mg (R06),2014-04-06,1
Cetirizine 10mg (R06),2014-04-07,1
Cetirizine 10mg (R06),2014-04-08,5
Cetirizine 10mg (R06),2014-04-09,3
Cetirizine 10mg (R06),2014-04-10,4
Cetirizine 10mg (R06),2014-04-11,2
Cetirizine 10mg (R06),2014-04-12,4
Cetirizine 10mg (R06),2014-04-13,2
Cetirizine 10mg (R06),2014-04-14,5
Cetirizine 10mg (R06),2014-04-15,1
Cetirizine 10mg (R06),2014-04-16,4
Cetirizine 10mg (R06),2014-04-18,5
Cetirizine 10mg (R06),2014-04-19,5
Cetirizine 10mg (R06),2014-04-21,1
Cetirizine 10mg (R06),2014-04-22,1
Cetirizine 10mg (R06),2014-04-23,1
Cetirizine 10mg (R06),2014-04-24,2
Cetirizine 10mg (R06),2014-04-25,3
Cetirizine 10mg (R06),2014-04-26,4
Cetirizine 10mg (R06),2014-04-27,1
Cetirizine 10mg (R06),2014-04-28,2
Cetirizine 10mg (R06),2014-04-30,4
Cetirizine 10mg (R06),2014-05-02,2
Cetirizine 10mg (R06),2014-05-03,2
Cetirizine 10mg (R06),2014-05-04,3
Cetirizine 10mg (R06),2014-05-05,4
Cetirizine 10mg (R06),2014-05-06,5
Cetirizine 10mg (R06),2014-05-07,11
Cetirizine 10mg (R06),2014-05-08,5
Cetirizine 10mg (R06),2014-05-09,2
Cetirizine 10mg (R06),2014-05-10,5
Cetirizine 10mg (R06),2014-05-11,4
Cetirizine 10mg (R06),2014-05-12,2
Cetirizine 10mg (R06),2014-05-13,8
Cetirizine 10mg (R06),2014-05-14,3
Cetirizine 10mg (R06),2014-05-15,2
Cetirizine 10mg (R06),2014-05-16,1
Cetirizine 10mg (R06),2014-05-17,2
Cetirizine 10mg (R06),2014-05-18,1
Cetirizine 10mg (R06),2014-05-19,9
Cetirizine 10mg (R06),2014-05-20,4
Cetirizine 10mg (R06),2014-05-21,3
Cetirizine 10mg (R06),2014-05-22,4
Cetirizine 10mg (R06),2014-05-23,7
Cetirizine 10mg (R06),2014-05-24,9
Cetirizine 10mg (R06),2014-05-25,1
Cetirizine 10mg (R06),2014-05-26,5
Cetirizine 10mg (R06),2014-05-27,6
Cetirizine 10mg (R06),2014-05-28,5
Cetirizine 10mg (R06),2014-05-29,2
Cetirizine 10mg (R06),2014-05-30,5
Cetirizine 10mg (R06),2014-05-31,2
Cetirizine 10mg (R06),2014-06-01,3
Cetirizine 10mg (R06),2014-06-02,3
Cetirizine 10mg (R06),2014-06-03,3
Cetirizine 10mg (R06),2014-06-04,2
Cetirizine 10mg (R06),2014-06-05,5
Cetirizine 10mg (R06),2014-06-06,5
Cetirizine 10mg (R06),2014-06-07,7
Cetirizine 10mg (R06),2014-06-08,2
Cetirizine 10mg (R06),2014-06-09,11
Cetirizine 10mg (R06),2014-06-10,6
Cetirizine 10mg (R06),2014-06-11,9
Cetirizine 10mg (R06),2014-06-12,3
Cetirizine 10mg (R06),2014-06-13,1
Cetirizine 10mg (R06),2014-06-14,3
Cetirizine 10mg (R06),2014-06-15,3
Cetirizine 10mg (R06),2014-06-16,5
Cetirizine 10mg (R06),2014-06-17,3
Cetirizine 10mg (R06),2014-06-18,3
Cetirizine 10mg (R06),2014-06-19,1
Cetirizine 10mg (R06),2014-06-20,6
Cetirizine 10mg (R06),2014-06-21,3
Cetirizine 10mg (R06),2014-06-22,3
Cetirizine 10mg (R06),2014-06-23,3
Cetirizine 10mg (R06),2014-06-24,4
Cetirizine 10mg (R06),2014-06-25,1
Cetirizine 10mg (R06),2014-06-26,1
Cetirizine 10mg (R06),2014-06-27,3
Cetirizine 10mg (R06),2014-06-28,5
Cetirizine 10mg (R06),2014-06-29,1
Cetirizine 10mg (R06),2014-07-01,2
Cetirizine 10mg (R06),2014-07-02,3
Cetirizine 10mg (R06),2014-07-03,2
Cetirizine 10mg (R06),2014-07-04,3
Cetirizine 10mg (R06),2014-07-07,4
Cetirizine 10mg (R06),2014-07-08,1
Cetirizine 10mg (R06),2014-07-09,2
Cetirizine 10mg (R06),2014-07-10,4
Cetirizine 10mg (R06),2014-07-11,1
Cetirizine 10mg (R06),2014-07-12,4
Cetirizine 10mg (R06),2014-07-14,2
Cetirizine 10mg (R06),2014-07-15,1
Cetirizine 10mg (R06),2014-07-17,1
Cetirizine 10mg (R06),2014-07-18,4
Cetirizine 10mg (R06),2014-07-19,6
Cetirizine 10mg (R06),2014-07-21,2
Cetirizine 10mg (R06),2014-07-22,2
Cetirizine 10mg (R06),2014-07-23,3
Cetirizine 10mg (R06),2014-07-24,2
Cetirizine 10mg (R06),2014-07-25,2
Cetirizine 10mg (R06),2014-07-26,4
Cetirizine 10mg (R06),2014-07-27,1
Cetirizine 10mg (R06),2014-07-28,2
Cetirizine 10mg (R06),2014-07-29,5
Cetirizine 10mg (R06),2014-07-30,4
Cetirizine 10mg (R06),2014-07-31,1
Cetirizine 10mg (R06),2014-08-01,1
Cetirizine 10mg (R06),2014-08-02,3
Cetirizine 10mg (R06),2014-08-04,4
Cetirizine 10mg (R06),2014-08-06,1
Cetirizine 10mg (R06),2014-08-07,2
Cetirizine 10mg (R06),2014-08-08,2
Cetirizine 10mg (R06),2014-08-09,6
Cetirizine 10mg (R06),2014-08-10,2
Cetirizine 10mg (R06),2014-08-11,2
Cetirizine 10mg (R06),2014-08-12,5
Cetirizine 10mg (R06),2014-08-13,7
Cetirizine 10mg (R06),2014-08-14,6
Cetirizine 10mg (R06),2014-08-15,2
Cetirizine 10mg (R06),2014-08-16,1
Cetirizine 10mg (R06),2014-08-17,1
Cetirizine 10mg (R06),2014-08-18,2
Cetirizine 10mg (R06),2014-08-19,1
Cetirizine 10mg (R06),2014-08-20,1
Cetirizine 10mg (R06),2014-08-21,2
Cetirizine 10mg (R06),2014-08-22,1
Cetirizine 10mg (R06),2014-08-23,4
Cetirizine 10mg (R06),2014-08-26,3
Cetirizine 10mg (R06),2014-08-27,3
Cetirizine 10mg (R06),2014-08-29,3
Cetirizine 10mg (R06),2014-08-30,4
Cetirizine 10mg (R06),2014-08-31,2
Cetirizine 10mg (R06),2014-09-01,6
Cetirizine 10mg (R06),2014-09-02,3
Cetirizine 10mg (R06),2014-09-03,3
Cetirizine 10mg (R06),2014-09-04,1
Cetirizine 10mg (R06),2014-09-05,2
Cetirizine 10mg (R06),2014-09-06,3
Cetirizine 10mg (R06),2014-09-07,1
Cetirizine 10mg (R06),2014-09-08,4
Cetirizine 10mg (R06),2014-09-09,1
Cetirizine 10mg (R06),2014-09-10,1
Cetirizine 10mg (R06),2014-09-12,1
Cetirizine 10mg (R06),2014-09-13,3
Cetirizine 10mg (R06),2014-09-17,4
Cetirizine 10mg (R06),2014-09-18,1
Cetirizine 10mg (R06),2014-09-21,3
Cetirizine 10mg (R06),2014-09-22,2
Cetirizine 10mg (R06),2014-09-23,2
Cetirizine 10mg (R06),2014-09-25,5
Cetirizine 10mg (R06),2014-09-26,1
Cetirizine 10mg (R06),2014-09-27,4
Cetirizine 10mg (R06),2014-09-28,2
Cetirizine 10mg (R06),2014-09-29,4
Cetirizine 10mg (R06),2014-09-30,2
Cetirizine 10mg (R06),2014-10-01,2
Cetirizine 10mg (R06),2014-10-02,1
Cetirizine 10mg (R06),2014-10-03,2
Cetirizine 10mg (R06),2014-10-05,3
Cetirizine 10mg (R06),2014-10-06,1
Cetirizine 10mg (R06),2014-10-08,2
Cetirizine 10mg (R06),2014-10-11,5
Cetirizine 10mg (R06),2014-10-12,2
Cetirizine 10mg (R06),2014-10-13,2
Cetirizine 10mg (R06),2014-10-15,4
Cetirizine 10mg (R06),2014-10-16,2
Cetirizine 10mg (R06),2014-10-17,2
Cetirizine 10mg (R06),2014-10-18,2
Cetirizine 10mg (R06),2014-10-19,1
Cetirizine 10mg (R06),2014-10-20,1
Cetirizine 10mg (R06),2014-10-21,1
Cetirizine 10mg (R06),2014-10-22,1
Cetirizine 10mg (R06),2014-10-24,1
Cetirizine 10mg (R06),2014-10-25,5
Cetirizine 10mg (R06),2014-10-26,1
Cetirizine 10mg (R06),2014-10-28,2
Cetirizine 10mg (R06),2014-10-29,1
Cetirizine 10mg (R06),2014-10-31,2
Cetirizine 10mg (R06),2014-11-01,1
Cetirizine 10mg (R06),2014-11-02,1
Cetirizine 10mg (R06),2014-11-03,1
Cetirizine 10mg (R06),2014-11-04,1
Cetirizine 10mg (R06),2014-11-07,1
Cetirizine 10mg (R06),2014-11-08,2
Cetirizine 10mg (R06),2014-11-09,1
Cetirizine 10mg (R06),2014-11-10,1
Cetirizine 10mg (R06),2014-11-11,2
Cetirizine 10mg (R06),2014-11-13,2
Cetirizine 10mg (R06),2014-11-14,3
Cetirizine 10mg (R06),2014-11-15,2
Cetirizine 10mg (R06),2014-11-18,1
Cetirizine 10mg (R06),2014-11-19,4
Cetirizine 10mg (R06),2014-11-21,1
Cetirizine 10mg (R06),2014-11-22,1
Cetirizine 10mg (R06),2014-11-23,1
Cetirizine 10mg (R06),2014-11-24,2
Cetirizine 10mg (R06),2014-11-25,3
Cetirizine 10mg (R06),2014-11-26,2
Cetirizine 10mg (R06),2014-11-27,3
Cetirizine 10mg (R06),2014-11-28,1
Cetirizine 10mg (R06),2014-11-29,5
Cetirizine 10mg (R06),2014-11-30,2
Cetirizine 10mg (R06),2014-12-01,2
Cetirizine 10mg (R06),2014-12-02,1
Cetirizine 10mg (R06),2014-12-03,3
Cetirizine 10mg (R06),2014-12-05,2
Cetirizine 10mg (R06),2014-12-06,1
Cetirizine 10mg (R06),2014-12-09,2
Cetirizine 10mg (R06),2014-12-14,1
Cetirizine 10mg (R06),2014-12-15,1
Cetirizine 10mg (R06),2014-12-16,1
Cetirizine 10mg (R06),2014-12-20,3
Cetirizine 10mg (R06),2014-12-21,1
Cetirizine 10mg (R06),2014-12-22,4
Cetirizine 10mg (R06),2014-12-24,2
Cetirizine 10mg (R06),2014-12-25,2
Cetirizine 10mg (R06),2014-12-27,3
Cetirizine 10mg (R06),2014-12-28,1
Cetirizine 10mg (R06),2014-12-30,2
Cetirizine 10mg (R06),2014-12-31,1
Cetirizine 10mg (R06),2015-01-02,2
Cetirizine 10mg (R06),2015-01-03,4
Cetirizine 10mg (R06),2015-01-04,1
Cetirizine 10mg (R06),2015-01-05,3
Cetirizine 10mg (R06),2015-01-08,2
Cetirizine 10mg (R06),2015-01-09,2
Cetirizine 10mg (R06),2015-01-10,1
Cetirizine 10mg (R06),2015-01-11,2
Cetirizine 10mg (R06),2015-01-12,1
Cetirizine 10mg (R06),2015-01-13,2
Cetirizine 10mg (R06),2015-01-15,2
Cetirizine 10mg (R06),2015-01-16,2
Cetirizine 10mg (R06),2015-01-18,2
Cetirizine 10mg (R06),2015-01-19,2
Cetirizine 10mg (R06),2015-01-20,1
Cetirizine 10mg (R06),2015-01-21,1
Cetirizine 10mg (R06),2015-01-22,1
Cetirizine 10mg (R06),2015-01-23,2
Cetirizine 10mg (R06),2015-01-24,1
Cetirizine 10mg (R06),2015-01-28,3
Cetirizine 10mg (R06),2015-01-29,3
Cetirizine 10mg (R06),2015-01-31,2
Cetirizine 10mg (R06),2015-02-01,1
Cetirizine 10mg (R06),2015-02-02,2
Cetirizine 10mg (R06),2015-02-03,5
Cetirizine 10mg (R06),2015-02-05,1
Cetirizine 10mg (R06),2015-02-06,1
Cetirizine 10mg (R06),2015-02-07,2
Cetirizine 10mg (R06),2015-02-09,1
Cetirizine 10mg (R06),2015-02-10,3
Cetirizine 10mg (R06),2015-02-11,2
Cetirizine 10mg (R06),2015-02-13,1
Cetirizine 10mg (R06),2015-02-14,4
Cetirizine 10mg (R06),2015-02-15,2
Cetirizine 10mg (R06),2015-02-17,1
Cetirizine 10mg (R06),2015-02-19,3
Cetirizine 10mg (R06),2015-02-20,6
Cetirizine 10mg (R06),2015-02-21,3
Cetirizine 10mg (R06),2015-02-22,1
Cetirizine 10mg (R06),2015-02-24,2
Cetirizine 10mg (R06),2015-02-25,2
Cetirizine 10mg (R06),2015-02-26,1
Cetirizine 10mg (R06),2015-02-28,3
Cetirizine 10mg (R06),2015-03-01,4
Cetirizine 10mg (R06),2015-03-02,3
Cetirizine 10mg (R06),2015-03-03,4
Cetirizine 10mg (R06),2015-03-04,1
Cetirizine 10mg (R06),2015-03-06,1
Cetirizine 10mg (R06),2015-03-08,1
Cetirizine 10mg (R06),2015-03-09,1
Cetirizine 10mg (R06),2015-03-10,3
Cetirizine 10mg (R06),2015-03-12,3
Cetirizine 10mg (R06),2015-03-14,3
Cetirizine 10mg (R06),2015-03-15,3
Cetirizine 10mg (R06),2015-03-16,1
Cetirizine 10mg (R06),2015-03-18,2
Cetirizine 10mg (R06),2015-03-20,1
Cetirizine 10mg (R06),2015-03-21,2
Cetirizine 10mg (R06),2015-03-23,2
Cetirizine 10mg (R06),2015-03-24,4
Cetirizine 10mg (R06),2015-03-25,1
Cetirizine 10mg (R06),2015-03-26,5
Cetirizine 10mg (R06),2015-03-27,1
Cetirizine 10mg (R06),2015-03-28,2
Cetirizine 10mg (R06),2015-03-29,2
Cetirizine 10mg (R06),2015-03-31,4
Cetirizine 10mg (R06),2015-04-01,1
Cetirizine 10mg (R06),2015-04-02,5
Cetirizine 10mg (R06),2015-04-03,4
Cetirizine 10mg (R06),2015-04-04,6
Cetirizine 10mg (R06),2015-04-05,1
Cetirizine 10mg (R06),2015-04-06,2
Cetirizine 10mg (R06),2015-04-07,1
Cetirizine 10mg (R06),2015-04-08,4
Cetirizine 10mg (R06),2015-04-09,1
Cetirizine 10mg (R06),2015-04-10,5
Cetirizine 10mg (R06),2015-04-11,6
Cetirizine 10mg (R06),2015-04-13,7
Cetirizine 10mg (R06),2015-04-14,2
Cetirizine 10mg (R06),2015-04-15,2
Cetirizine 10mg (R06),2015-04-16,4
Cetirizine 10mg (R06),2015-04-17,5
Cetirizine 10mg (R06),2015-04-18,4
Cetirizine 10mg (R06),2015-04-19,2
Cetirizine 10mg (R06),2015-04-20,3
Cetirizine 10mg (R06),2015-04-21,6
Cetirizine 10mg (R06),2015-04-22,2
Cetirizine 10mg (R06),2015-04-23,4
Cetirizine 10mg (R06),2015-04-24,5
Cetirizine 10mg (R06),2015-04-25,3
Cetirizine 10mg (R06),2015-04-26,1
Cetirizine 10mg (R06),2015-04-27,10
Cetirizine 10mg (R06),2015-04-28,6
Cetirizine 10mg (R06),2015-04-29,3
Cetirizine 10mg (R06),2015-04-30,7
Cetirizine 10mg (R06),2015-05-01,5
Cetirizine 10mg (R06),2015-05-02,5
Cetirizine 10mg (R06),2015-05-03,6
Cetirizine 10mg (R06),2015-05-04,3
Cetirizine 10mg (R06),2015-05-05,2
Cetirizine 10mg (R06),2015-05-06,6
Cetirizine 10mg (R06),2015-05-07,10
Cetirizine 10mg (R06),2015-05-08,1
Cetirizine 10mg (R06),2015-05-09,6
Cetirizine 10mg (R06),2015-05-10,10
Cetirizine 10mg (R06),2015-05-11,4
Cetirizine 10mg (R06),2015-05-12,8
Cetirizine 10mg (R06),2015-05-13,4
Cetirizine 10mg (R06),2015-05-14,5
Cetirizine 10mg (R06),2015-05-15,3
Cetirizine 10mg (R06),2015-05-16,4
Cetirizine 10mg (R06),2015-05-17,8
Cetirizine 10mg (R06),2015-05-18,2
Cetirizine 10mg (R06),2015-05-19,3
Cetirizine 10mg (R06),2015-05-20,6
Cetirizine 10mg (R06),2015-05-21,3
Cetirizine 10mg (R06),2015-05-22,7
Cetirizine 10mg (R06),2015-05-23,7
Cetirizine 10mg (R06),2015-05-24,1
Cetirizine 10mg (R06),2015-05-25,3
Cetirizine 10mg (R06),2015-05-26,10
Cetirizine 10mg (R06),2015-05-27,1
Cetirizine 10mg (R06),2015-05-28,3
Cetirizine 10mg (R06),2015-05-29,3
Cetirizine 10mg (R06),2015-05-30,8
Cetirizine 10mg (R06),2015-05-31,10
Cetirizine 10mg (R06),2015-06-01,3
Cetirizine 10mg (R06),2015-06-02,6
Cetirizine 10mg (R06),2015-06-03,2
Cetirizine 10mg (R06),2015-06-04,2
Cetirizine 10mg (R06),2015-06-05,7
Cetirizine 10mg (R06),2015-06-06,2
Cetirizine 10mg (R06),2015-06-07,6
Cetirizine 10mg (R06),2015-06-08,7
Cetirizine 10mg (R06),2015-06-09,5
Cetirizine 10mg (R06),2015-06-10,2
Cetirizine 10mg (R06),2015-06-11,3
Cetirizine 10mg (R06),2015-06-12,5
Cetirizine 10mg (R06),2015-06-13,4
Cetirizine 10mg (R06),2015-06-14,2
Cetirizine 10mg (R06),2015-06-15,9
Cetirizine 10mg (R06),2015-06-16,5
Cetirizine 10mg (R06),2015-06-17,2
Cetirizine 10mg (R06),2015-06-18,4
Cetirizine 10mg (R06),2015-06-19,6
Cetirizine 10mg (R06),2015-06-20,7
Cetirizine 10mg (R06),2015-06-21,2
Cetirizine 10mg (R06),2015-06-22,5
Cetirizine 10mg (R06),2015-06-23,5
Cetirizine 10mg (R06),2015-06-24,3
Cetirizine 10mg (R06),2015-06-25,3
Cetirizine 10mg (R06),2015-06-26,4
Cetirizine 10mg (R06),2015-06-27,2
Cetirizine 10mg (R06),2015-06-28,6
Cetirizine 10mg (R06),2015-06-29,3
Cetirizine 10mg (R06),2015-06-30,4
Cetirizine 10mg (R06),2015-07-01,10
Cetirizine 10mg (R06),2015-07-02,2
Cetirizine 10mg (R06),2015-07-03,4
Cetirizine 10mg (R06),2015-07-04,3
Cetirizine 10mg (R06),2015-07-05,4
Cetirizine 10mg (R06),2015-07-06,3
Cetirizine 10mg (R06),2015-07-07,7
Cetirizine 10mg (R06),2015-07-08,3
Cetirizine 10mg (R06),2015-07-09,5
Cetirizine 10mg (R06),2015-07-10,6
Cetirizine 10mg (R06),2015-07-11,10
Cetirizine 10mg (R06),2015-07-12,6
Cetirizine 10mg (R06),2015-07-13,3
Cetirizine 10mg (R06),2015-07-14,2
Cetirizine 10mg (R06),2015-07-15,9
Cetirizine 10mg (R06),2015-07-16,4
Cetirizine 10mg (R06),2015-07-17,2
Cetirizine 10mg (R06),2015-07-18,3
Cetirizine 10mg (R06),2015-07-19,3
Cetirizine 10mg (R06),2015-07-20,2
Cetirizine 10mg (R06),2015-07-21,4
Cetirizine 10mg (R06),2015-07-22,3
Cetirizine 10mg (R06),2015-07-23,2
Cetirizine 10mg (R06),2015-07-24,10
Cetirizine 10mg (R06),2015-07-25,4
Cetirizine 10mg (R06),2015-07-27,2
Cetirizine 10mg (R06),2015-07-28,3
Cetirizine 10mg (R06),2015-07-29,1
Cetirizine 10mg (R06),2015-07-30,4
Cetirizine 10mg (R06),2015-07-31,6
Cetirizine 10mg (R06),2015-08-01,2
Cetirizine 10mg (R06),2015-08-02,2
Cetirizine 10mg (R06),2015-08-03,1
Cetirizine 10mg (R06),2015-08-04,4
Cetirizine 10mg (R06),2015-08-05,1
Cetirizine 10mg (R06),2015-08-06,2
Cetirizine 10mg (R06),2015-08-07,6
Cetirizine 10mg (R06),2015-08-08,1
Cetirizine 10mg (R06),2015-08-09,3
Cetirizine 10mg (R06),2015-08-10,5
Cetirizine 10mg (R06),2015-08-11,4
Cetirizine 10mg (R06),2015-08-12,1
Cetirizine 10mg (R06),2015-08-13,3
Cetirizine 10mg (R06),2015-08-14,4
Cetirizine 10mg (R06),2015-08-15,1
Cetirizine 10mg (R06),2015-08-16,2
Cetirizine 10mg (R06),2015-08-17,2
Cetirizine 10mg (R06),2015-08-18,1
Cetirizine 10mg (R06),2015-08-19,3
Cetirizine 10mg (R06),2015-08-21,4
Cetirizine 10mg (R06),2015-08-22,6
Cetirizine 10mg (R06),2015-08-23,2
Cetirizine 10mg (R06),2015-08-24,1
Cetirizine 10mg (R06),2015-08-25,3
Cetirizine 10mg (R06),2015-08-26,6
Cetirizine 10mg (R06),2015-08-27,3
Cetirizine 10mg (R06),2015-08-28,3
Cetirizine 10mg (R06),2015-08-29,2
Cetirizine 10mg (R06),2015-08-30,4
Cetirizine 10mg (R06),2015-08-31,2
Cetirizine 10mg (R06),2015-09-01,3
Cetirizine 10mg (R06),2015-09-02,5
Cetirizine 10mg (R06),2015-09-03,2
Cetirizine 10mg (R06),2015-09-04,2
Cetirizine 10mg (R06),2015-09-05,4
Cetirizine 10mg (R06),2015-09-06,3
Cetirizine 10mg (R06),2015-09-07,2
Cetirizine 10mg (R06),2015-09-08,4
Cetirizine 10mg (R06),2015-09-09,2
Cetirizine 10mg (R06),2015-09-10,2
Cetirizine 10mg (R06),2015-09-11,2
Cetirizine 10mg (R06),2015-09-12,2
Cetirizine 10mg (R06),2015-09-13,3
Cetirizine 10mg (R06),2015-09-15,5
Cetirizine 10mg (R06),2015-09-16,1
Cetirizine 10mg (R06),2015-09-17,2
Cetirizine 10mg (R06),2015-09-18,3
Cetirizine 10mg (R06),2015-09-19,5
Cetirizine 10mg (R06),2015-09-20,2
Cetirizine 10mg (R06),2015-09-21,2
Cetirizine 10mg (R06),2015-09-22,5
Cetirizine 10mg (R06),2015-09-23,1
Cetirizine 10mg (R06),2015-09-25,3
Cetirizine 10mg (R06),2015-09-26,2
Cetirizine 10mg (R06),2015-09-27,1
Cetirizine 10mg (R06),2015-09-28,2
Cetirizine 10mg (R06),2015-09-30,1
Cetirizine 10mg (R06),2015-10-01,2
Cetirizine 10mg (R06),2015-10-02,1
Cetirizine 10mg (R06),2015-10-03,2
Cetirizine 10mg (R06),2015-10-04,2
Cetirizine 10mg (R06),2015-10-05,5
Cetirizine 10mg (R06),2015-10-06,4
Cetirizine 10mg (R06),2015-10-07,2
Cetirizine 10mg (R06),2015-10-09,2
Cetirizine 10mg (R06),2015-10-11,5
Cetirizine 10mg (R06),2015-10-12,3
Cetirizine 10mg (R06),2015-10-13,1
Cetirizine 10mg (R06),2015-10-14,1
Cetirizine 10mg (R06),2015-10-15,1
Cetirizine 10mg (R06),2015-10-16,1
Cetirizine 10mg (R06),2015-10-17,1
Cetirizine 10mg (R06),2015-10-18,8
Cetirizine 10mg (R06),2015-10-20,5
Cetirizine 10mg (R06),2015-10-21,4
Cetirizine 10mg (R06),2015-10-22,2
Cetirizine 10mg (R06),2015-10-23,2
Cetirizine 10mg (R06),2015-10-24,2
Cetirizine 10mg (R06),2015-10-25,4
Cetirizine 10mg (R06),2015-10-26,2
Cetirizine 10mg (R06),2015-10-27,3
Cetirizine 10mg (R06),2015-10-28,2
Cetirizine 10mg (R06),2015-10-29,1
Cetirizine 10mg (R06),2015-10-30,3
Cetirizine 10mg (R06),2015-10-31,1
Cetirizine 10mg (R06),2015-11-02,2
Cetirizine 10mg (R06),2015-11-04,4
Cetirizine 10mg (R06),2015-11-05,2
Cetirizine 10mg (R06),2015-11-07,1
Cetirizine 10mg (R06),2015-11-08,1
Cetirizine 10mg (R06),2015-11-09,1
Cetirizine 10mg (R06),2015-11-10,2
Cetirizine 10mg (R06),2015-11-11,3
Cetirizine 10mg (R06),2015-11-14,1
Cetirizine 10mg (R06),2015-11-16,2
Cetirizine 10mg (R06),2015-11-17,2
Cetirizine 10mg (R06),2015-11-18,2
Cetirizine 10mg (R06),2015-11-20,3
Cetirizine 10mg (R06),2015-11-21,3
Cetirizine 10mg (R06),2015-11-22,1
Cetirizine 10mg (R06),2015-11-23,2
Cetirizine 10mg (R06),2015-11-24,5
Cetirizine 10mg (R06),2015-11-25,3
Cetirizine 10mg (R06),2015-11-28,1
Cetirizine 10mg (R06),2015-11-30,3
Cetirizine 10mg (R06),2015-12-01,1
Cetirizine 10mg (R06),2015-12-03,1
Cetirizine 10mg (R06),2015-12-04,1
Cetirizine 10mg (R06),2015-12-05,2
Cetirizine 10mg (R06),2015-12-06,1
Cetirizine 10mg (R06),2015-12-07,6
Cetirizine 10mg (R06),2015-12-09,1
Cetirizine 10mg (R06),2015-12-10,2
Cetirizine 10mg (R06),2015-12-11,1
Cetirizine 10mg (R06),2015-12-12,1
Cetirizine 10mg (R06),2015-12-14,1
Cetirizine 10mg (R06),2015-12-15,1
Cetirizine 10mg (R06),2015-12-17,2
Cetirizine 10mg (R06),2015-12-18,1
Cetirizine 10mg (R06),2015-12-20,1
Cetirizine 10mg (R06),2015-12-22,1
Cetirizine 10mg (R06),2015-12-25,1
Cetirizine 10mg (R06),2015-12-26,4
Cetirizine 10mg (R06),2015-12-27,5
Cetirizine 10mg (R06),2015-12-28,1
Cetirizine 10mg (R06),2015-12-29,3
Cetirizine 10mg (R06),2015-12-30,2
Cetirizine 10mg (R06),2015-12-31,1
Cetirizine 10mg (R06),2016-01-02,5
Cetirizine 10mg (R06),2016-01-03,1
Cetirizine 10mg (R06),2016-01-04,1
Cetirizine 10mg (R06),2016-01-05,1
Cetirizine 10mg (R06),2016-01-06,2
Cetirizine 10mg (R06),2016-01-08,2
Cetirizine 10mg (R06),2016-01-09,3
Cetirizine 10mg (R06),2016-01-11,4
Cetirizine 10mg (R06),2016-01-13,2
Cetirizine 10mg (R06),2016-01-14,2
Cetirizine 10mg (R06),2016-01-15,2
Cetirizine 10mg (R06),2016-01-16,1
Cetirizine 10mg (R06),2016-01-17,1
Cetirizine 10mg (R06),2016-01-18,2
Cetirizine 10mg (R06),2016-01-19,3
Cetirizine 10mg (R06),2016-01-20,2
Cetirizine 10mg (R06),2016-01-21,5
Cetirizine 10mg (R06),2016-01-23,2
Cetirizine 10mg (R06),2016-01-24,3
Cetirizine 10mg (R06),2016-01-25,2
Cetirizine 10mg (R06),2016-01-27,2
Cetirizine 10mg (R06),2016-01-28,3
Cetirizine 10mg (R06),2016-01-29,2
Cetirizine 10mg (R06),2016-01-30,2
Cetirizine 10mg (R06),2016-01-31,2
Cetirizine 10mg (R06),2016-02-01,1
Cetirizine 10mg (R06),2016-02-02,1
Cetirizine 10mg (R06),2016-02-04,4
Cetirizine 10mg (R06),2016-02-05,1
Cetirizine 10mg (R06),2016-02-06,2
Cetirizine 10mg (R06),2016-02-07,1
Cetirizine 10mg (R06),2016-02-08,1
Cetirizine 10mg (R06),2016-02-09,2
Cetirizine 10mg (R06),2016-02-10,2
Cetirizine 10mg (R06),2016-02-11,4
Cetirizine 10mg (R06),2016-02-12,1
Cetirizine 10mg (R06),2016-02-13,2
Cetirizine 10mg (R06),2016-02-14,4
Cetirizine 10mg (R06),2016-02-16,3
Cetirizine 10mg (R06),2016-02-18,1
Cetirizine 10mg (R06),2016-02-19,1
Cetirizine 10mg (R06),2016-02-20,3
Cetirizine 10mg (R06),2016-02-21,4
Cetirizine 10mg (R06),2016-02-22,4
Cetirizine 10mg (R06),2016-02-23,3
Cetirizine 10mg (R06),2016-02-24,1
Cetirizine 10mg (R06),2016-02-25,3
Cetirizine 10mg (R06),2016-02-26,1
Cetirizine 10mg (R06),2016-02-27,2
Cetirizine 10mg (R06),2016-02-28,5
Cetirizine 10mg (R06),2016-02-29,1
Cetirizine 10mg (R06),2016-03-01,2
Cetirizine 10mg (R06),2016-03-03,4
Cetirizine 10mg (R06),2016-03-05,5
Cetirizine 10mg (R06),2016-03-06,7
Cetirizine 10mg (R06),2016-03-07,1
Cetirizine 10mg (R06),2016-03-08,3
Cetirizine 10mg (R06),2016-03-09,4
Cetirizine 10mg (R06),2016-03-10,2
Cetirizine 10mg (R06),2016-03-11,1
Cetirizine 10mg (R06),2016-03-12,1
Cetirizine 10mg (R06),2016-03-14,1
Cetirizine 10mg (R06),2016-03-15,3
Cetirizine 10mg (R06),2016-03-16,4
Cetirizine 10mg (R06),2016-03-17,5
Cetirizine 10mg (R06),2016-03-18,3
Cetirizine 10mg (R06),2016-03-19,5
Cetirizine 10mg (R06),2016-03-20,5
Cetirizine 10mg (R06),2016-03-21,7
Cetirizine 10mg (R06),2016-03-22,2
Cetirizine 10mg (R06),2016-03-23,3
Cetirizine 10mg (R06),2016-03-24,2
Cetirizine 10mg (R06),2016-03-25,3
Cetirizine 10mg (R06),2016-03-26,5
Cetirizine 10mg (R06),2016-03-27,4
Cetirizine 10mg (R06),2016-03-28,4
Cetirizine 10mg (R06),2016-03-29,1
Cetirizine 10mg (R06),2016-03-30,5
Cetirizine 10mg (R06),2016-03-31,5
Cetirizine 10mg (R06),2016-04-01,10
Cetirizine 10mg (R06),2016-04-02,7
Cetirizine 10mg (R06),2016-04-03,11
Cetirizine 10mg (R06),2016-04-04,2
Cetirizine 10mg (R06),2016-04-05,12
Cetirizine 10mg (R06),2016-04-06,3
Cetirizine 10mg (R06),2016-04-07,8
Cetirizine 10mg (R06),2016-04-08,4
Cetirizine 10mg (R06),2016-04-09,3
Cetirizine 10mg (R06),2016-04-10,8
Cetirizine 10mg (R06),2016-04-11,6
Cetirizine 10mg (R06),2016-04-12,5
Cetirizine 10mg (R06),2016-04-13,3
Cetirizine 10mg (R06),2016-04-14,6
Cetirizine 10mg (R06),2016-04-15,4
Cetirizine 10mg (R06),2016-04-16,8
Cetirizine 10mg (R06),2016-04-17,7
Cetirizine 10mg (R06),2016-04-18,7
Cetirizine 10mg (R06),2016-04-19,4
Cetirizine 10mg (R06),2016-04-20,3
Cetirizine 10mg (R06),2016-04-21,2
Cetirizine 10mg (R06),2016-04-22,1
Cetirizine 10mg (R06),2016-04-23,4
Cetirizine 10mg (R06),2016-04-24,5
Cetirizine 10mg (R06),2016-04-25,2
Cetirizine 10mg (R06),2016-04-26,2
Cetirizine 10mg (R06),2016-04-27,2
Cetirizine 10mg (R06),2016-04-28,12
Cetirizine 10mg (R06),2016-04-29,3
Cetirizine 10mg (R06),2016-04-30,4
Cetirizine 10mg (R06),2016-05-02,2
Cetirizine 10mg (R06),2016-05-03,2
Cetirizine 10mg (R06),2016-05-04,2
Cetirizine 10mg (R06),2016-05-05,2
Cetirizine 10mg (R06),2016-05-06,3
Cetirizine 10mg (R06),2016-05-07,10
Cetirizine 10mg (R06),2016-05-08,11
Cetirizine 10mg (R06),2016-05-09,5
Cetirizine 10mg (R06),2016-05-10,4
Cetirizine 10mg (R06),2016-05-11,2
Cetirizine 10mg (R06),2016-05-13,5
Cetirizine 10mg (R06),2016-05-14,1
Cetirizine 10mg (R06),2016-05-15,4
Cetirizine 10mg (R06),2016-05-16,3
Cetirizine 10mg (R06),2016-05-17,3
Cetirizine 10mg (R06),2016-05-18,5
Cetirizine 10mg (R06),2016-05-19,3
Cetirizine 10mg (R06),2016-05-20,5
Cetirizine 10mg (R06),2016-05-21,5
Cetirizine 10mg (R06),2016-05-22,10
Cetirizine 10mg (R06),2016-05-23,4
Cetirizine 10mg (R06),2016-05-24,2
Cetirizine 10mg (R06),2016-05-25,1
Cetirizine 10mg (R06),2016-05-26,9
Cetirizine 10mg (R06),2016-05-27,6
Cetirizine 10mg (R06),2016-05-28,9
Cetirizine 10mg (R06),2016-05-29,9
Cetirizine 10mg (R06),2016-05-30,8
Cetirizine 10mg (R06),2016-05-31,2
Cetirizine 10mg (R06),2016-06-01,5
Cetirizine 10mg (R06),2016-06-02,1
Cetirizine 10mg (R06),2016-06-03,7
Cetirizine 10mg (R06),2016-06-04,4
Cetirizine 10mg (R06),2016-06-05,4
Cetirizine 10mg (R06),2016-06-06,6
Cetirizine 10mg (R06),2016-06-07,3
Cetirizine 10mg (R06),2016-06-08,6
Cetirizine 10mg (R06),2016-06-09,4
Cetirizine 10mg (R06),2016-06-10,5
Cetirizine 10mg (R06),2016-06-11,8
Cetirizine 10mg (R06),2016-06-12,6
Cetirizine 10mg (R06),2016-06-13,2
Cetirizine 10mg (R06),2016-06-14,3
Cetirizine 10mg (R06),2016-06-15,6
Cetirizine 10mg (R06),2016-06-16,3
Cetirizine 10mg (R06),2016-06-17,4
Cetirizine 10mg (R06),2016-06-18,4
Cetirizine 10mg (R06),2016-06-19,15
Cetirizine 10mg (R06),2016-06-20,6
Cetirizine 10mg (R06),2016-06-21,6
Cetirizine 10mg (R06),2016-06-22,2
Cetirizine 10mg (R06),2016-06-23,3
Cetirizine 10mg (R06),2016-06-24,2
Cetirizine 10mg (R06),2016-06-25,4
Cetirizine 10mg (R06),2016-06-26,3
Cetirizine 10mg (R06),2016-06-27,2
Cetirizine 10mg (R06),2016-06-28,7
Cetirizine 10mg (R06),2016-06-29,2
Cetirizine 10mg (R06),2016-06-30,2
Cetirizine 10mg (R06),2016-07-01,7
Cetirizine 10mg (R06),2016-07-02,3
Cetirizine 10mg (R06),2016-07-03,5
Cetirizine 10mg (R06),2016-07-04,6
Cetirizine 10mg (R06),2016-07-05,3
Cetirizine 10mg (R06),2016-07-06,4
Cetirizine 10mg (R06),2016-07-07,2
Cetirizine 10mg (R06),2016-07-08,4
Cetirizine 10mg (R06),2016-07-09,2
Cetirizine 10mg (R06),2016-07-10,3
Cetirizine 10mg (R06),2016-07-11,6
Cetirizine 10mg (R06),2016-07-12,4
Cetirizine 10mg (R06),2016-07-13,2
Cetirizine 10mg (R06),2016-07-14,5
Cetirizine 10mg (R06),2016-07-15,3
Cetirizine 10mg (R06),2016-07-16,8
Cetirizine 10mg (R06),2016-07-17,4
Cetirizine 10mg (R06),2016-07-18,4
Cetirizine 10mg (R06),2016-07-19,2
Cetirizine 10mg (R06),2016-07-20,5
Cetirizine 10mg (R06),2016-07-21,2
Cetirizine 10mg (R06),2016-07-22,2
Cetirizine 10mg (R06),2016-07-23,5
Cetirizine 10mg (R06),2016-07-24,2
Cetirizine 10mg (R06),2016-07-25,4
Cetirizine 10mg (R06),2016-07-26,2
Cetirizine 10mg (R06),2016-07-27,2
Cetirizine 10mg (R06),2016-07-28,3
Cetirizine 10mg (R06),2016-07-29,2
Cetirizine 10mg (R06),2016-07-30,6
Cetirizine 10mg (R06),2016-07-31,4
Cetirizine 10mg (R06),2016-08-01,6
Cetirizine 10mg (R06),2016-08-02,1
Cetirizine 10mg (R06),2016-08-03,3
Cetirizine 10mg (R06),2016-08-04,4
Cetirizine 10mg (R06),2016-08-05,1
Cetirizine 10mg (R06),2016-08-06,2
Cetirizine 10mg (R06),2016-08-07,3
Cetirizine 10mg (R06),2016-08-08,4
Cetirizine 10mg (R06),2016-08-09,4
Cetirizine 10mg (R06),2016-08-10,2
Cetirizine 10mg (R06),2016-08-11,2
Cetirizine 10mg (R06),2016-08-12,2
Cetirizine 10mg (R06),2016-08-13,5
Cetirizine 10mg (R06),2016-08-15,2
Cetirizine 10mg (R06),2016-08-16,4
Cetirizine 10mg (R06),2016-08-17,5
Cetirizine 10mg (R06),2016-08-18,1
Cetirizine 10mg (R06),2016-08-19,4
Cetirizine 10mg (R06),2016-08-20,6
Cetirizine 10mg (R06),2016-08-21,1
Cetirizine 10mg (R06),2016-08-22,6
Cetirizine 10mg (R06),2016-08-23,1
Cetirizine 10mg (R06),2016-08-24,3
Cetirizine 10mg (R06),2016-08-25,5
Cetirizine 10mg (R06),2016-08-28,2
Cetirizine 10mg (R06),2016-08-29,1
Cetirizine 10mg (R06),2016-08-31,5
Cetirizine 10mg (R06),2016-09-01,3
Cetirizine 10mg (R06),2016-09-02,2
Cetirizine 10mg (R06),2016-09-03,4
Cetirizine 10mg (R06),2016-09-04,5
Cetirizine 10mg (R06),2016-09-05,4
Cetirizine 10mg (R06),2016-09-06,3
Cetirizine 10mg (R06),2016-09-07,3
Cetirizine 10mg (R06),2016-09-09,3
Cetirizine 10mg (R06),2016-09-10,3
Cetirizine 10mg (R06),2016-09-11,4
Cetirizine 10mg (R06),2016-09-12,4
Cetirizine 10mg (R06),2016-09-14,2
Cetirizine 10mg (R06),2016-09-15,1
Cetirizine 10mg (R06),2016-09-17,4
Cetirizine 10mg (R06),2016-09-18,1
Cetirizine 10mg (R06),2016-09-19,1
Cetirizine 10mg (R06),2016-09-20,1
Cetirizine 10mg (R06),2016-09-21,2
Cetirizine 10mg (R06),2016-09-22,3
Cetirizine 10mg (R06),2016-09-23,1
Cetirizine 10mg (R06),2016-09-24,1
Cetirizine 10mg (R06),2016-09-25,2
Cetirizine 10mg (R06),2016-09-26,1
Cetirizine 10mg (R06),2016-09-27,3
Cetirizine 10mg (R06),2016-09-28,4
Cetirizine 10mg (R06),2016-09-29,1
Cetirizine 10mg (R06),2016-09-30,3
Cetirizine 10mg (R06),2016-10-01,2
Cetirizine 10mg (R06),2016-10-02,3
Cetirizine 10mg (R06),2016-10-03,3
Cetirizine 10mg (R06),2016-10-04,2
Cetirizine 10mg (R06),2016-10-05,1
Cetirizine 10mg (R06),2016-10-07,1
Cetirizine 10mg (R06),2016-10-08,5
Cetirizine 10mg (R06),2016-10-09,1
Cetirizine 10mg (R06),2016-10-10,1
Cetirizine 10mg (R06),2016-10-11,1
Cetirizine 10mg (R06),2016-10-12,2
Cetirizine 10mg (R06),2016-10-13,2
Cetirizine 10mg (R06),2016-10-14,1
Cetirizine 10mg (R06),2016-10-15,1
Cetirizine 10mg (R06),2016-10-16,5
Cetirizine 10mg (R06),2016-10-17,1
Cetirizine 10mg (R06),2016-10-18,3
Cetirizine 10mg (R06),2016-10-19,1
Cetirizine 10mg (R06),2016-10-20,2
Cetirizine 10mg (R06),2016-10-21,2
Cetirizine 10mg (R06),2016-10-22,4
Cetirizine 10mg (R06),2016-10-23,2
Cetirizine 10mg (R06),2016-10-24,1
Cetirizine 10mg (R06),2016-10-26,1
Cetirizine 10mg (R06),2016-10-29,5
Cetirizine 10mg (R06),2016-10-30,2
Cetirizine 10mg (R06),2016-10-31,5
Cetirizine 10mg (R06),2016-11-01,3
Cetirizine 10mg (R06),2016-11-02,3
Cetirizine 10mg (R06),2016-11-03,1
Cetirizine 10mg (R06),2016-11-04,4
Cetirizine 10mg (R06),2016-11-05,2
Cetirizine 10mg (R06),2016-11-06,5
Cetirizine 10mg (R06),2016-11-07,1
Cetirizine 10mg (R06),2016-11-08,3
Cetirizine 10mg (R06),2016-11-10,3
Cetirizine 10mg (R06),2016-11-11,1
Cetirizine 10mg (R06),2016-11-12,1
Cetirizine 10mg (R06),2016-11-13,1
Cetirizine 10mg (R06),2016-11-14,1
Cetirizine 10mg (R06),2016-11-15,1
Cetirizine 10mg (R06),2016-11-16,1
Cetirizine 10mg (R06),2016-11-17,1
Cetirizine 10mg (R06),2016-11-18,2
Cetirizine 10mg (R06),2016-11-19,2
Cetirizine 10mg (R06),2016-11-20,2
Cetirizine 10mg (R06),2016-11-21,3
Cetirizine 10mg (R06),2016-11-22,2
Cetirizine 10mg (R06),2016-11-23,1
Cetirizine 10mg (R06),2016-11-24,3
Cetirizine 10mg (R06),2016-11-25,1
Cetirizine 10mg (R06),2016-11-26,2
Cetirizine 10mg (R06),2016-12-03,4
Cetirizine 10mg (R06),2016-12-05,2
Cetirizine 10mg (R06),2016-12-06,1
Cetirizine 10mg (R06),2016-12-07,3
Cetirizine 10mg (R06),2016-12-09,2
Cetirizine 10mg (R06),2016-12-10,2
Cetirizine 10mg (R06),2016-12-11,1
Cetirizine 10mg (R06),2016-12-12,4
Cetirizine 10mg (R06),2016-12-14,1
Cetirizine 10mg (R06),2016-12-15,1
Cetirizine 10mg (R06),2016-12-16,1
Cetirizine 10mg (R06),2016-12-17,1
Cetirizine 10mg (R06),2016-12-18,1
Cetirizine 10mg (R06),2016-12-21,2
Cetirizine 10mg (R06),2016-12-23,2
Cetirizine 10mg (R06),2016-12-24,1
Cetirizine 10mg (R06),2016-12-25,1
Cetirizine 10mg (R06),2016-12-26,2
Cetirizine 10mg (R06),2016-12-29,2
Cetirizine 10mg (R06),2017-01-01,1
Cetirizine 10mg (R06),2017-01-02,3
Cetirizine 10mg (R06),2017-01-03,2
Cetirizine 10mg (R06),2017-01-04,3
Cetirizine 10mg (R06),2017-01-05,2
Cetirizine 10mg (R06),2017-01-06,2
Cetirizine 10mg (R06),2017-01-08,2
Cetirizine 10mg (R06),2017-01-09,2
Cetirizine 10mg (R06),2017-01-10,1
Cetirizine 10mg (R06),2017-01-11,3
Cetirizine 10mg (R06),2017-01-12,2
Cetirizine 10mg (R06),2017-01-13,1
Cetirizine 10mg (R06),2017-01-14,2
Cetirizine 10mg (R06),2017-01-15,1
Cetirizine 10mg (R06),2017-01-16,2
Cetirizine 10mg (R06),2017-01-17,2
Cetirizine 10mg (R06),2017-01-18,1
Cetirizine 10mg (R06),2017-01-19,3
Cetirizine 10mg (R06),2017-01-20,2
Cetirizine 10mg (R06),2017-01-21,3
Cetirizine 10mg (R06),2017-01-22,2
Cetirizine 10mg (R06),2017-01-23,2
Cetirizine 10mg (R06),2017-01-24,3
Cetirizine 10mg (R06),2017-01-25,2
Cetirizine 10mg (R06),2017-01-27,1
Cetirizine 10mg (R06),2017-01-28,1
Cetirizine 10mg (R06),2017-01-29,3
Cetirizine 10mg (R06),2017-01-30,4
Cetirizine 10mg (R06),2017-01-31,2
Cetirizine 10mg (R06),2017-02-01,2
Cetirizine 10mg (R06),2017-02-02,1
Cetirizine 10mg (R06),2017-02-03,1
Cetirizine 10mg (R06),2017-02-04,4
Cetirizine 10mg (R06),2017-02-05,1
Cetirizine 10mg (R06),2017-02-07,2
Cetirizine 10mg (R06),2017-02-08,2
Cetirizine 10mg (R06),2017-02-09,1
Cetirizine 10mg (R06),2017-02-11,3
Cetirizine 10mg (R06),2017-02-12,1
Cetirizine 10mg (R06),2017-02-14,1
Cetirizine 10mg (R06),2017-02-15,1
Cetirizine 10mg (R06),2017-02-16,3
Cetirizine 10mg (R06),2017-02-17,1
Cetirizine 10mg (R06),2017-02-18,3
Cetirizine 10mg (R06),2017-02-19,1
Cetirizine 10mg (R06),2017-02-20,3
Cetirizine 10mg (R06),2017-02-21,1
Cetirizine 10mg (R06),2017-02-23,2
Cetirizine 10mg (R06),2017-02-24,1
Cetirizine 10mg (R06),2017-02-26,1
Cetirizine 10mg (R06),2017-02-27,2
Cetirizine 10mg (R06),2017-03-01,2
Cetirizine 10mg (R06),2017-03-02,2
Cetirizine 10mg (R06),2017-03-03,4
Cetirizine 10mg (R06),2017-03-04,4
Cetirizine 10mg (R06),2017-03-05,5
Cetirizine 10mg (R06),2017-03-06,3
Cetirizine 10mg (R06),2017-03-07,2
Cetirizine 10mg (R06),2017-03-08,3
Cetirizine 10mg (R06),2017-03-09,2
Cetirizine 10mg (R06),2017-03-10,1
Cetirizine 10mg (R06),2017-03-11,4
Cetirizine 10mg (R06),2017-03-12,2
Cetirizine 10mg (R06),2017-03-14,1
Cetirizine 10mg (R06),2017-03-16,3
Cetirizine 10mg (R06),2017-03-17,3
Cetirizine 10mg (R06),2017-03-18,1
Cetirizine 10mg (R06),2017-03-19,3
Cetirizine 10mg (R06),2017-03-20,3
Cetirizine 10mg (R06),2017-03-21,5
Cetirizine 10mg (R06),2017-03-22,2
Cetirizine 10mg (R06),2017-03-23,4
Cetirizine 10mg (R06),2017-03-24,6
Cetirizine 10mg (R06),2017-03-25,4
Cetirizine 10mg (R06),2017-03-26,8
Cetirizine 10mg (R06),2017-03-27,4
Cetirizine 10mg (R06),2017-03-28,6
Cetirizine 10mg (R06),2017-03-29,4
Cetirizine 10mg (R06),2017-03-30,2
Cetirizine 10mg (R06),2017-03-31,6
Cetirizine 10mg (R06),2017-04-01,3
Cetirizine 10mg (R06),2017-04-02,12
Cetirizine 10mg (R06),2017-04-03,3
Cetirizine 10mg (R06),2017-04-04,6
Cetirizine 10mg (R06),2017-04-05,1
Cetirizine 10mg (R06),2017-04-06,1
Cetirizine 10mg (R06),2017-04-07,5
Cetirizine 10mg (R06),2017-04-08,6
Cetirizine 10mg (R06),2017-04-09,1
Cetirizine 10mg (R06),2017-04-10,4
Cetirizine 10mg (R06),2017-04-11,1
Cetirizine 10mg (R06),2017-04-12,4
Cetirizine 10mg (R06),2017-04-13,5
Cetirizine 10mg (R06),2017-04-14,4
Cetirizine 10mg (R06),2017-04-15,5
Cetirizine 10mg (R06),2017-04-17,1
Cetirizine 10mg (R06),2017-04-18,2
Cetirizine 10mg (R06),2017-04-19,1
Cetirizine 10mg (R06),2017-04-20,2
Cetirizine 10mg (R06),2017-04-21,3
Cetirizine 10mg (R06),2017-04-22,2
Cetirizine 10mg (R06),2017-04-23,5
Cetirizine 10mg (R06),2017-04-24,5
Cetirizine 10mg (R06),2017-04-25,5
Cetirizine 10mg (R06),2017-04-26,8
Cetirizine 10mg (R06),2017-04-27,10
Cetirizine 10mg (R06),2017-04-28,7
Cetirizine 10mg (R06),2017-04-29,8
Cetirizine 10mg (R06),2017-04-30,2
Cetirizine 10mg (R06),2017-05-01,1
Cetirizine 10mg (R06),2017-05-02,5
Cetirizine 10mg (R06),2017-05-03,2
Cetirizine 10mg (R06),2017-05-04,4
Cetirizine 10mg (R06),2017-05-05,3
Cetirizine 10mg (R06),2017-05-06,6
Cetirizine 10mg (R06),2017-05-07,4
Cetirizine 10mg (R06),2017-05-08,6
Cetirizine 10mg (R06),2017-05-09,3
Cetirizine 10mg (R06),2017-05-10,7
Cetirizine 10mg (R06),2017-05-11,10
Cetirizine 10mg (R06),2017-05-12,6
Cetirizine 10mg (R06),2017-05-13,7
Cetirizine 10mg (R06),2017-05-14,2
Cetirizine 10mg (R06),2017-05-15,7
Cetirizine 10mg (R06),2017-05-16,7
Cetirizine 10mg (R06),2017-05-17,2
Cetirizine 10mg (R06),2017-05-18,3
Cetirizine 10mg (R06),2017-05-19,10
Cetirizine 10mg (R06),2017-05-20,6
Cetirizine 10mg (R06),2017-05-21,4
Cetirizine 10mg (R06),2017-05-22,11
Cetirizine 10mg (R06),2017-05-23,7
Cetirizine 10mg (R06),2017-05-24,5
Cetirizine 10mg (R06),2017-05-25,4
Cetirizine 10mg (R06),2017-05-26,2
Cetirizine 10mg (R06),2017-05-27,10
Cetirizine 10mg (R06),2017-05-28,3
Cetirizine 10mg (R06),2017-05-29,5
Cetirizine 10mg (R06),2017-05-30,5
Cetirizine 10mg (R06),2017-05-31,5
Cetirizine 10mg (R06),2017-06-01,2
Cetirizine 10mg (R06),2017-06-02,3
Cetirizine 10mg (R06),2017-06-03,2
Cetirizine 10mg (R06),2017-06-04,4
Cetirizine 10mg (R06),2017-06-05,8
Cetirizine 10mg (R06),2017-06-06,8
Cetirizine 10mg (R06),2017-06-07,7
Cetirizine 10mg (R06),2017-06-08,4
Cetirizine 10mg (R06),2017-06-09,6
Cetirizine 10mg (R06),2017-06-10,3
Cetirizine 10mg (R06),2017-06-11,3
Cetirizine 10mg (R06),2017-06-12,12
Cetirizine 10mg (R06),2017-06-13,9
Cetirizine 10mg (R06),2017-06-14,3
Cetirizine 10mg (R06),2017-06-15,6
Cetirizine 10mg (R06),2017-06-16,5
Cetirizine 10mg (R06),2017-06-17,5
Cetirizine 10mg (R06),2017-06-18,3
Cetirizine 10mg (R06),2017-06-19,3
Cetirizine 10mg (R06),2017-06-20,9
Cetirizine 10mg (R06),2017-06-21,5
Cetirizine 10mg (R06),2017-06-22,11
Cetirizine 10mg (R06),2017-06-23,1
Cetirizine 10mg (R06),2017-06-24,1
Cetirizine 10mg (R06),2017-06-25,5
Cetirizine 10mg (R06),2017-06-26,3
Cetirizine 10mg (R06),2017-06-27,6
Cetirizine 10mg (R06),2017-06-28,3
Cetirizine 10mg (R06),2017-06-29,5
Cetirizine 10mg (R06),2017-06-30,6
Cetirizine 10mg (R06),2017-07-01,4
Cetirizine 10mg (R06),2017-07-02,4
Cetirizine 10mg (R06),2017-07-04,6
Cetirizine 10mg (R06),2017-07-05,6
Cetirizine 10mg (R06),2017-07-06,1
Cetirizine 10mg (R06),2017-07-08,3
Cetirizine 10mg (R06),2017-07-09,4
Cetirizine 10mg (R06),2017-07-10,3
Cetirizine 10mg (R06),2017-07-11,2
Cetirizine 10mg (R06),2017-07-13,2
Cetirizine 10mg (R06),2017-07-14,3
Cetirizine 10mg (R06),2017-07-15,2
Cetirizine 10mg (R06),2017-07-16,1
Cetirizine 10mg (R06),2017-07-17,3
Cetirizine 10mg (R06),2017-07-18,4
Cetirizine 10mg (R06),2017-07-19,6
Cetirizine 10mg (R06),2017-07-20,2
Cetirizine 10mg (R06),2017-07-21,3
Cetirizine 10mg (R06),2017-07-22,2
Cetirizine 10mg (R06),2017-07-23,5
Cetirizine 10mg (R06),2017-07-24,3
Cetirizine 10mg (R06),2017-07-26,1
Cetirizine 10mg (R06),2017-07-27,1
Cetirizine 10mg (R06),2017-07-28,3
Cetirizine 10mg (R06),2017-07-29,4
Cetirizine 10mg (R06),2017-07-30,1
Cetirizine 10mg (R06),2017-07-31,2
Cetirizine 10mg (R06),2017-08-01,1
Cetirizine 10mg (R06),2017-08-02,4
Cetirizine 10mg (R06),2017-08-03,3
Cetirizine 10mg (R06),2017-08-04,2
Cetirizine 10mg (R06),2017-08-05,2
Cetirizine 10mg (R06),2017-08-06,3
Cetirizine 10mg (R06),2017-08-08,4
Cetirizine 10mg (R06),2017-08-09,2
Cetirizine 10mg (R06),2017-08-10,1
Cetirizine 10mg (R06),2017-08-12,2
Cetirizine 10mg (R06),2017-08-13,1
Cetirizine 10mg (R06),2017-08-14,2
Cetirizine 10mg (R06),2017-08-15,3
Cetirizine 10mg (R06),2017-08-16,2
Cetirizine 10mg (R06),2017-08-17,2
Cetirizine 10mg (R06),2017-08-18,3
Cetirizine 10mg (R06),2017-08-19,2
Cetirizine 10mg (R06),2017-08-20,1
Cetirizine 10mg (R06),2017-08-22,2
Cetirizine 10mg (R06),2017-08-23,3
Cetirizine 10mg (R06),2017-08-24,3
Cetirizine 10mg (R06),2017-08-25,1
Cetirizine 10mg (R06),2017-08-26,2
Cetirizine 10mg (R06),2017-08-27,1
Cetirizine 10mg (R06),2017-08-28,3
Cetirizine 10mg (R06),2017-08-29,2
Cetirizine 10mg (R06),2017-08-30,2
Cetirizine 10mg (R06),2017-08-31,1
Cetirizine 10mg (R06),2017-09-02,3
Cetirizine 10mg (R06),2017-09-03,3
Cetirizine 10mg (R06),2017-09-04,3
Cetirizine 10mg (R06),2017-09-05,1
Cetirizine 10mg (R06),2017-09-06,3
Cetirizine 10mg (R06),2017-09-07,2
Cetirizine 10mg (R06),2017-09-08,4
Cetirizine 10mg (R06),2017-09-09,4
Cetirizine 10mg (R06),2017-09-10,4
Cetirizine 10mg (R06),2017-09-11,2
Cetirizine 10mg (R06),2017-09-12,2
Cetirizine 10mg (R06),2017-09-14,5
Cetirizine 10mg (R06),2017-09-15,3
Cetirizine 10mg (R06),2017-09-16,1
Cetirizine 10mg (R06),2017-09-17,5
Cetirizine 10mg (R06),2017-09-18,2
Cetirizine 10mg (R06),2017-09-19,9
Cetirizine 10mg (R06),2017-09-21,1
Cetirizine 10mg (R06),2017-09-22,3
Cetirizine 10mg (R06),2017-09-23,2
Cetirizine 10mg (R06),2017-09-24,1
Cetirizine 10mg (R06),2017-09-25,1
Cetirizine 10mg (R06),2017-09-26,1
Cetirizine 10mg (R06),2017-09-29,1
Cetirizine 10mg (R06),2017-10-01,1
Cetirizine 10mg (R06),2017-10-03,2
Cetirizine 10mg (R06),2017-10-04,1
Cetirizine 10mg (R06),2017-10-05,2
Cetirizine 10mg (R06),2017-10-06,2
Cetirizine 10mg (R06),2017-10-07,1
Cetirizine 10mg (R06),2017-10-08,4
Cetirizine 10mg (R06),2017-10-10,3
Cetirizine 10mg (R06),2017-10-11,2
Cetirizine 10mg (R06),2017-10-12,2
Cetirizine 10mg (R06),2017-10-13,4
Cetirizine 10mg (R06),2017-10-15,2
Cetirizine 10mg (R06),2017-10-16,2
Cetirizine 10mg (R06),2017-10-17,1
Cetirizine 10mg (R06),2017-10-18,1
Cetirizine 10mg (R06),2017-10-21,4
Cetirizine 10mg (R06),2017-10-22,2
Cetirizine 10mg (R06),2017-10-23,1
Cetirizine 10mg (R06),2017-10-24,1
Cetirizine 10mg (R06),2017-10-25,1
Cetirizine 10mg (R06),2017-10-26,2
Cetirizine 10mg (R06),2017-10-27,2
Cetirizine 10mg (R06),2017-10-28,3
Cetirizine 10mg (R06),2017-10-29,2
Cetirizine 10mg (R06),2017-10-30,1
Cetirizine 10mg (R06),2017-10-31,1
Cetirizine 10mg (R06),2017-11-01,1
Cetirizine 10mg (R06),2017-11-02,3
Cetirizine 10mg (R06),2017-11-03,1
Cetirizine 10mg (R06),2017-11-04,3
Cetirizine 10mg (R06),2017-11-05,2
Cetirizine 10mg (R06),2017-11-06,1
Cetirizine 10mg (R06),2017-11-07,2
Cetirizine 10mg (R06),2017-11-08,1
Cetirizine 10mg (R06),2017-11-09,1
Cetirizine 10mg (R06),2017-11-10,2
Cetirizine 10mg (R06),2017-11-12,2
Cetirizine 10mg (R06),2017-11-14,1
Cetirizine 10mg (R06),2017-11-15,1
Cetirizine 10mg (R06),2017-11-16,1
Cetirizine 10mg (R06),2017-11-17,2
Cetirizine 10mg (R06),2017-11-18,1
Cetirizine 10mg (R06),2017-11-19,2
Cetirizine 10mg (R06),2017-11-21,1
Cetirizine 10mg (R06),2017-11-22,1
Cetirizine 10mg (R06),2017-11-23,3
Cetirizine 10mg (R06),2017-11-26,2
Cetirizine 10mg (R06),2017-11-27,3
Cetirizine 10mg (R06),2017-11-28,3
Cetirizine 10mg (R06),2017-11-29,3
Cetirizine 10mg (R06),2017-11-30,3
Cetirizine 10mg (R06),2017-12-01,2
Cetirizine 10mg (R06),2017-12-02,2
Cetirizine 10mg (R06),2017-12-03,2
Cetirizine 10mg (R06),2017-12-04,3
Cetirizine 10mg (R06),2017-12-05,2
Cetirizine 10mg (R06),2017-12-06,1
Cetirizine 10mg (R06),2017-12-07,1
Cetirizine 10mg (R06),2017-12-08,2
Cetirizine 10mg (R06),2017-12-09,2
Cetirizine 10mg (R06),2017-12-10,2
Cetirizine 10mg (R06),2017-12-11,1
Cetirizine 10mg (R06),2017-12-12,2
Cetirizine 10mg (R06),2017-12-13,1
Cetirizine 10mg (R06),2017-12-14,3
Cetirizine 10mg (R06),2017-12-15,1
Cetirizine 10mg (R06),2017-12-16,2
Cetirizine 10mg (R06),2017-12-17,2
Cetirizine 10mg (R06),2017-12-20,2
Cetirizine 10mg (R06),2017-12-22,2
Cetirizine 10mg (R06),2017-12-23,1
Cetirizine 10mg (R06),2017-12-24,1
Cetirizine 10mg (R06),2017-12-25,2
Cetirizine 10mg (R06),2017-12-26,2
Cetirizine 10mg (R06),2017-12-28,1
Cetirizine 10mg (R06),2017-12-29,2
Cetirizine 10mg (R06),2017-12-30,3
Cetirizine 10mg (R06),2017-12-31,1
Cetirizine 10mg (R06),2018-01-02,2
Cetirizine 10mg (R06),2018-01-03,3
Cetirizine 10mg (R06),2018-01-04,2
Cetirizine 10mg (R06),2018-01-05,1
Cetirizine 10mg (R06),2018-01-06,8
Cetirizine 10mg (R06),2018-01-08,1
Cetirizine 10mg (R06),2018-01-09,1
Cetirizine 10mg (R06),2018-01-10,2
Cetirizine 10mg (R06),2018-01-13,1
Cetirizine 10mg (R06),2018-01-14,1
Cetirizine 10mg (R06),2018-01-15,2
Cetirizine 10mg (R06),2018-01-17,2
Cetirizine 10mg (R06),2018-01-18,1
Cetirizine 10mg (R06),2018-01-19,1
Cetirizine 10mg (R06),2018-01-21,4
Cetirizine 10mg (R06),2018-01-22,1
Cetirizine 10mg (R06),2018-01-23,1
Cetirizine 10mg (R06),2018-01-24,1
Cetirizine 10mg (R06),2018-01-25,3
Cetirizine 10mg (R06),2018-01-26,1
Cetirizine 10mg (R06),2018-01-27,4
Cetirizine 10mg (R06),2018-01-28,2
Cetirizine 10mg (R06),2018-01-29,1
Cetirizine 10mg (R06),2018-01-30,3
Cetirizine 10mg (R06),2018-01-31,1
Cetirizine 10mg (R06),2018-02-01,3
Cetirizine 10mg (R06),2018-02-02,4
Cetirizine 10mg (R06),2018-02-03,2
Cetirizine 10mg (R06),2018-02-04,3
Cetirizine 10mg (R06),2018-02-05,1
Cetirizine 10mg (R06),2018-02-06,1
Cetirizine 10mg (R06),2018-02-10,3
Cetirizine 10mg (R06),2018-02-11,2
Cetirizine 10mg (R06),2018-02-12,1
Cetirizine 10mg (R06),2018-02-13,3
Cetirizine 10mg (R06),2018-02-16,1
Cetirizine 10mg (R06),2018-02-18,1
Cetirizine 10mg (R06),2018-02-19,2
Cetirizine 10mg (R06),2018-02-20,3
Cetirizine 10mg (R06),2018-02-21,1
Cetirizine 10mg (R06),2018-02-24,3
Cetirizine 10mg (R06),2018-02-25,2
Cetirizine 10mg (R06),2018-02-26,1
Cetirizine 10mg (R06),2018-02-27,1
Cetirizine 10mg (R06),2018-02-28,1
Cetirizine 10mg (R06),2018-03-01,1
Cetirizine 10mg (R06),2018-03-02,6
Cetirizine 10mg (R06),2018-03-03,4
Cetirizine 10mg (R06),2018-03-04,1
Cetirizine 10mg (R06),2018-03-05,1
Cetirizine 10mg (R06),2018-03-06,1
Cetirizine 10mg (R06),2018-03-07,1
Cetirizine 10mg (R06),2018-03-08,4
Cetirizine 10mg (R06),2018-03-10,6
Cetirizine 10mg (R06),2018-03-11,3
Cetirizine 10mg (R06),2018-03-12,8
Cetirizine 10mg (R06),2018-03-13,5
Cetirizine 10mg (R06),2018-03-14,4
Cetirizine 10mg (R06),2018-03-16,1
Cetirizine 10mg (R06),2018-03-17,4
Cetirizine 10mg (R06),2018-03-18,2
Cetirizine 10mg (R06),2018-03-19,1
Cetirizine 10mg (R06),2018-03-20,5
Cetirizine 10mg (R06),2018-03-22,1
Cetirizine 10mg (R06),2018-03-23,8
Cetirizine 10mg (R06),2018-03-25,2
Cetirizine 10mg (R06),2018-03-26,3
Cetirizine 10mg (R06),2018-03-27,2
Cetirizine 10mg (R06),2018-03-28,2
Cetirizine 10mg (R06),2018-03-29,3
Cetirizine 10mg (R06),2018-03-30,2
Cetirizine 10mg (R06),2018-03-31,4
Cetirizine 10mg (R06),2018-04-01,5
Cetirizine 10mg (R06),2018-04-02,10
Cetirizine 10mg (R06),2018-04-03,4
Cetirizine 10mg (R06),2018-04-04,8
Cetirizine 10mg (R06),2018-04-05,3
Cetirizine 10mg (R06),2018-04-06,5
Cetirizine 10mg (R06),2018-04-07,7
Cetirizine 10mg (R06),2018-04-09,6
Cetirizine 10mg (R06),2018-04-10,10
Cetirizine 10mg (R06),2018-04-11,11
Cetirizine 10mg (R06),2018-04-12,4
Cetirizine 10mg (R06),2018-04-13,4
Cetirizine 10mg (R06),2018-04-14,12
Cetirizine 10mg (R06),2018-04-15,6
Cetirizine 10mg (R06),2018-04-16,3
Cetirizine 10mg (R06),2018-04-17,6
Cetirizine 10mg (R06),2018-04-18,1
Cetirizine 10mg (R06),2018-04-19,7
Cetirizine 10mg (R06),2018-04-20,9
Cetirizine 10mg (R06),2018-04-21,6
Cetirizine 10mg (R06),2018-04-22,6
Cetirizine 10mg (R06),2018-04-23,9
Cetirizine 10mg (R06),2018-04-24,12
Cetirizine 10mg (R06),2018-04-25,9
Cetirizine 10mg (R06),2018-04-26,5
Cetirizine 10mg (R06),2018-04-27,4
Cetirizine 10mg (R06),2018-04-28,7
Cetirizine 10mg (R06),2018-04-29,10
Cetirizine 10mg (R06),2018-04-30,7
Cetirizine 10mg (R06),2018-05-01,8
Cetirizine 10mg (R06),2018-05-02,9
Cetirizine 10mg (R06),2018-05-03,10
Cetirizine 10mg (R06),2018-05-04,10
Cetirizine 10mg (R06),2018-05-05,7
Cetirizine 10mg (R06),2018-05-06,14
Cetirizine 10mg (R06),2018-05-07,3
Cetirizine 10mg (R06),2018-05-08,9
Cetirizine 10mg (R06),2018-05-09,5
Cetirizine 10mg (R06),2018-05-10,6
Cetirizine 10mg (R06),2018-05-11,10
Cetirizine 10mg (R06),2018-05-12,8
Cetirizine 10mg (R06),2018-05-13,10
Cetirizine 10mg (R06),2018-05-14,3
Cetirizine 10mg (R06),2018-05-15,7
Cetirizine 10mg (R06),2018-05-16,8
Cetirizine 10mg (R06),2018-05-17,4
Cetirizine 10mg (R06),2018-05-18,2
Cetirizine 10mg (R06),2018-05-19,5
Cetirizine 10mg (R06),2018-05-20,10
Cetirizine 10mg (R06),2018-05-21,5
Cetirizine 10mg (R06),2018-05-22,6
Cetirizine 10mg (R06),2018-05-23,7
Cetirizine 10mg (R06),2018-05-24,1
Cetirizine 10mg (R06),2018-05-25,2
Cetirizine 10mg (R06),2018-05-26,5
Cetirizine 10mg (R06),2018-05-27,11
Cetirizine 10mg (R06),2018-05-28,6
Cetirizine 10mg (R06),2018-05-29,6
Cetirizine 10mg (R06),2018-05-30,10
Cetirizine 10mg (R06),2018-05-31,6
Cetirizine 10mg (R06),2018-06-01,3
Cetirizine 10mg (R06),2018-06-02,9
Cetirizine 10mg (R06),2018-06-03,2
Cetirizine 10mg (R06),2018-06-04,6
Cetirizine 10mg (R06),2018-06-05,7
Cetirizine 10mg (R06),2018-06-06,2
Cetirizine 10mg (R06),2018-06-07,2
Cetirizine 10mg (R06),2018-06-08,4
Cetirizine 10mg (R06),2018-06-10,3
Cetirizine 10mg (R06),2018-06-11,6
Cetirizine 10mg (R06),2018-06-12,7
Cetirizine 10mg (R06),2018-06-13,2
Cetirizine 10mg (R06),2018-06-14,2
Cetirizine 10mg (R06),2018-06-15,2
Cetirizine 10mg (R06),2018-06-16,7
Cetirizine 10mg (R06),2018-06-17,4
Cetirizine 10mg (R06),2018-06-18,6
Cetirizine 10mg (R06),2018-06-19,3
Cetirizine 10mg (R06),2018-06-20,3
Cetirizine 10mg (R06),2018-06-21,10
Cetirizine 10mg (R06),2018-06-22,6
Cetirizine 10mg (R06),2018-06-23,2
Cetirizine 10mg (R06),2018-06-24,3
Cetirizine 10mg (R06),2018-06-25,2
Cetirizine 10mg (R06),2018-06-26,4
Cetirizine 10mg (R06),2018-06-27,3
Cetirizine 10mg (R06),2018-06-28,2
Cetirizine 10mg (R06),2018-06-29,4
Cetirizine 10mg (R06),2018-06-30,4
Cetirizine 10mg (R06),2018-07-01,4
Cetirizine 10mg (R06),2018-07-02,7
Cetirizine 10mg (R06),2018-07-03,3
Cetirizine 10mg (R06),2018-07-04,7
Cetirizine 10mg (R06),2018-07-05,1
Cetirizine 10mg (R06),2018-07-06,6
Cetirizine 10mg (R06),2018-07-07,6
Cetirizine 10mg (R06),2018-07-08,4
Cetirizine 10mg (R06),2018-07-09,3
Cetirizine 10mg (R06),2018-07-10,4
Cetirizine 10mg (R06),2018-07-11,2
Cetirizine 10mg (R06),2018-07-12,3
Cetirizine 10mg (R06),2018-07-13,3
Cetirizine 10mg (R06),2018-07-14,1
Cetirizine 10mg (R06),2018-07-15,7
Cetirizine 10mg (R06),2018-07-16,3
Cetirizine 10mg (R06),2018-07-17,6
Cetirizine 10mg (R06),2018-07-18,6
Cetirizine 10mg (R06),2018-07-19,3
Cetirizine 10mg (R06),2018-07-20,4
Cetirizine 10mg (R06),2018-07-21,1
Cetirizine 10mg (R06),2018-07-22,6
Cetirizine 10mg (R06),2018-07-23,5
Cetirizine 10mg (R06),2018-07-24,2
Cetirizine 10mg (R06),2018-07-25,2
Cetirizine 10mg (R06),2018-07-26,4
Cetirizine 10mg (R06),2018-07-27,6
Cetirizine 10mg (R06),2018-07-28,3
Cetirizine 10mg (R06),2018-07-29,3
Cetirizine 10mg (R06),2018-07-30,4
Cetirizine 10mg (R06),2018-07-31,3
Cetirizine 10mg (R06),2018-08-01,7
Cetirizine 10mg (R06),2018-08-02,5
Cetirizine 10mg (R06),2018-08-03,1
Cetirizine 10mg (R06),2018-08-04,8
Cetirizine 10mg (R06),2018-08-05,1
Cetirizine 10mg (R06),2018-08-06,2
Cetirizine 10mg (R06),2018-08-07,3
Cetirizine 10mg (R06),2018-08-08,2
Cetirizine 10mg (R06),2018-08-09,2
Cetirizine 10mg (R06),2018-08-10,2
Cetirizine 10mg (R06),2018-08-11,10
Cetirizine 10mg (R06),2018-08-12,2
Cetirizine 10mg (R06),2018-08-13,2
Cetirizine 10mg (R06),2018-08-14,5
Cetirizine 10mg (R06),2018-08-15,1
Cetirizine 10mg (R06),2018-08-16,5
Cetirizine 10mg (R06),2018-08-17,1
Cetirizine 10mg (R06),2018-08-19,6
Cetirizine 10mg (R06),2018-08-20,3
Cetirizine 10mg (R06),2018-08-21,4
Cetirizine 10mg (R06),2018-08-22,4
Cetirizine 10mg (R06),2018-08-23,3
Cetirizine 10mg (R06),2018-08-24,4
Cetirizine 10mg (R06),2018-08-25,2
Cetirizine 10mg (R06),2018-08-26,4
Cetirizine 10mg (R06),2018-08-27,1
Cetirizine 10mg (R06),2018-08-28,3
Cetirizine 10mg (R06),2018-08-29,3
Cetirizine 10mg (R06),2018-08-30,2
Cetirizine 10mg (R06),2018-08-31,4
Cetirizine 10mg (R06),2018-09-01,2
Cetirizine 10mg (R06),2018-09-02,2
Cetirizine 10mg (R06),2018-09-03,4
Cetirizine 10mg (R06),2018-09-04,2
Cetirizine 10mg (R06),2018-09-05,2
Cetirizine 10mg (R06),2018-09-07,8
Cetirizine 10mg (R06),2018-09-08,1
Cetirizine 10mg (R06),2018-09-09,5
Cetirizine 10mg (R06),2018-09-10,2
Cetirizine 10mg (R06),2018-09-11,4
Cetirizine 10mg (R06),2018-09-13,2
Cetirizine 10mg (R06),2018-09-14,2
Cetirizine 10mg (R06),2018-09-15,4
Cetirizine 10mg (R06),2018-09-16,3
Cetirizine 10mg (R06),2018-09-18,5
Cetirizine 10mg (R06),2018-09-19,7
Cetirizine 10mg (R06),2018-09-20,5
Cetirizine 10mg (R06),2018-09-21,3
Cetirizine 10mg (R06),2018-09-22,3
Cetirizine 10mg (R06),2018-09-23,5
Cetirizine 10mg (R06),2018-09-24,2
Cetirizine 10mg (R06),2018-09-25,2
Cetirizine 10mg (R06),2018-09-26,3
Cetirizine 10mg (R06),2018-09-27,3
Cetirizine 10mg (R06),2018-09-28,3
Cetirizine 10mg (R06),2018-09-29,1
Cetirizine 10mg (R06),2018-09-30,3
Cetirizine 10mg (R06),2018-10-01,3
Cetirizine 10mg (R06),2018-10-03,4
Cetirizine 10mg (R06),2018-10-05,1
Cetirizine 10mg (R06),2018-10-07,1
Cetirizine 10mg (R06),2018-10-08,3
Cetirizine 10mg (R06),2018-10-09,1
Cetirizine 10mg (R06),2018-10-10,2
Cetirizine 10mg (R06),2018-10-11,1
Cetirizine 10mg (R06),2018-10-12,6
Cetirizine 10mg (R06),2018-10-13,3
Cetirizine 10mg (R06),2018-10-14,6
Cetirizine 10mg (R06),2018-10-15,6
Cetirizine 10mg (R06),2018-10-17,4
Cetirizine 10mg (R06),2018-10-18,5
Cetirizine 10mg (R06),2018-10-19,4
Cetirizine 10mg (R06),2018-10-20,5
Cetirizine 10mg (R06),2018-10-21,1
Cetirizine 10mg (R06),2018-10-22,1
Cetirizine 10mg (R06),2018-10-23,3
Cetirizine 10mg (R06),2018-10-24,2
Cetirizine 10mg (R06),2018-10-25,3
Cetirizine 10mg (R06),2018-10-26,1
Cetirizine 10mg (R06),2018-10-27,2
Cetirizine 10mg (R06),2018-10-28,3
Cetirizine 10mg (R06),2018-10-29,3
Cetirizine 10mg (R06),2018-10-30,1
Cetirizine 10mg (R06),2018-10-31,2
Cetirizine 10mg (R06),2018-11-02,3
Cetirizine 10mg (R06),2018-11-03,2
Cetirizine 10mg (R06),2018-11-04,1
Cetirizine 10mg (R06),2018-11-05,2
Cetirizine 10mg (R06),2018-11-06,2
Cetirizine 10mg (R06),2018-11-08,2
Cetirizine 10mg (R06),2018-11-10,1
Cetirizine 10mg (R06),2018-11-11,1
Cetirizine 10mg (R06),2018-11-12,1
Cetirizine 10mg (R06),2018-11-13,3
Cetirizine 10mg (R06),2018-11-17,2
Cetirizine 10mg (R06),2018-11-18,1
Cetirizine 10mg (R06),2018-11-20,3
Cetirizine 10mg (R06),2018-11-21,1
Cetirizine 10mg (R06),2018-11-22,2
Cetirizine 10mg (R06),2018-11-23,3
Cetirizine 10mg (R06),2018-11-25,2
Cetirizine 10mg (R06),2018-11-26,3
Cetirizine 10mg (R06),2018-11-27,2
Cetirizine 10mg (R06),2018-11-28,4
Cetirizine 10mg (R06),2018-11-29,3
Cetirizine 10mg (R06),2018-11-30,2
Cetirizine 10mg (R06),2018-12-01,2
Cetirizine 10mg (R06),2018-12-02,8
Cetirizine 10mg (R06),2018-12-03,1
Cetirizine 10mg (R06),2018-12-04,3
Cetirizine 10mg (R06),2018-12-05,2
Cetirizine 10mg (R06),2018-12-07,3
Cetirizine 10mg (R06),2018-12-10,1
Cetirizine 10mg (R06),2018-12-11,6
Cetirizine 10mg (R06),2018-12-14,1
Cetirizine 10mg (R06),2018-12-15,2
Cetirizine 10mg (R06),2018-12-16,1
Cetirizine 10mg (R06),2018-12-17,2
Cetirizine 10mg (R06),2018-12-18,2
Cetirizine 10mg (R06),2018-12-21,1
Cetirizine 10mg (R06),2018-12-23,4
Cetirizine 10mg (R06),2018-12-24,1
Cetirizine 10mg (R06),2018-12-25,2
Cetirizine 10mg (R06),2018-12-26,2
Cetirizine 10mg (R06),2018-12-29,2
Cetirizine 10mg (R06),2018-12-30,3
Cetirizine 10mg (R06),2018-12-31,4
Cetirizine 10mg (R06),2019-01-02,2
Cetirizine 10mg (R06),2019-01-04,1
Cetirizine 10mg (R06),2019-01-05,1
Cetirizine 10mg (R06),2019-01-06,3
Cetirizine 10mg (R06),2019-01-08,2
Cetirizine 10mg (R06),2019-01-09,1
Cetirizine 10mg (R06),2019-01-10,1
Cetirizine 10mg (R06),2019-01-13,2
Cetirizine 10mg (R06),2019-01-15,1
Cetirizine 10mg (R06),2019-01-16,5
Cetirizine 10mg (R06),2019-01-17,1
Cetirizine 10mg (R06),2019-01-18,2
Cetirizine 10mg (R06),2019-01-19,3
Cetirizine 10mg (R06),2019-01-20,1
Cetirizine 10mg (R06),2019-01-23,2
Cetirizine 10mg (R06),2019-01-24,3
Cetirizine 10mg (R06),2019-01-25,1
Cetirizine 10mg (R06),2019-01-26,1
Cetirizine 10mg (R06),2019-01-27,2
Cetirizine 10mg (R06),2019-01-28,3
Cetirizine 10mg (R06),2019-01-30,1
Cetirizine 10mg (R06),2019-01-31,2
Cetirizine 10mg (R06),2019-02-01,3
Cetirizine 10mg (R06),2019-02-03,4
Cetirizine 10mg (R06),2019-02-04,2
Cetirizine 10mg (R06),2019-02-05,4
Cetirizine 10mg (R06),2019-02-06,2
Cetirizine 10mg (R06),2019-02-07,1
Cetirizine 10mg (R06),2019-02-08,5
Cetirizine 10mg (R06),2019-02-09,1
Cetirizine 10mg (R06),2019-02-10,1
Cetirizine 10mg (R06),2019-02-11,3
Cetirizine 10mg (R06),2019-02-13,2
Cetirizine 10mg (R06),2019-02-14,3
Cetirizine 10mg (R06),2019-02-15,2
Cetirizine 10mg (R06),2019-02-16,3
Cetirizine 10mg (R06),2019-02-17,3
Cetirizine 10mg (R06),2019-02-19,3
Cetirizine 10mg (R06),2019-02-20,3
Cetirizine 10mg (R06),2019-02-21,2
Cetirizine 10mg (R06),2019-02-22,2
Cetirizine 10mg (R06),2019-02-23,1
Cetirizine 10mg (R06),2019-02-24,2
Cetirizine 10mg (R06),2019-02-25,3
Cetirizine 10mg (R06),2019-02-26,3
Cetirizine 10mg (R06),2019-02-27,8
Cetirizine 10mg (R06),2019-02-28,3
Cetirizine 10mg (R06),2019-03-01,2
Cetirizine 10mg (R06),2019-03-02,5
Cetirizine 10mg (R06),2019-03-04,2
Cetirizine 10mg (R06),2019-03-05,5
Cetirizine 10mg (R06),2019-03-06,3
Cetirizine 10mg (R06),2019-03-07,4
Cetirizine 10mg (R06),2019-03-08,4
Cetirizine 10mg (R06),2019-03-09,5
Cetirizine 10mg (R06),2019-03-10,9
Cetirizine 10mg (R06),2019-03-11,3
Cetirizine 10mg (R06),2019-03-12,2
Cetirizine 10mg (R06),2019-03-13,4
Cetirizine 10mg (R06),2019-03-14,6
Cetirizine 10mg (R06),2019-03-15,5
Cetirizine 10mg (R06),2019-03-16,7
Cetirizine 10mg (R06),2019-03-17,5
Cetirizine 10mg (R06),2019-03-18,9
Cetirizine 10mg (R06),2019-03-19,8
Cetirizine 10mg (R06),2019-03-20,5
Cetirizine 10mg (R06),2019-03-21,5
Cetirizine 10mg (R06),2019-03-22,6
Cetirizine 10mg (R06),2019-03-23,5
Cetirizine 10mg (R06),2019-03-24,10
Cetirizine 10mg (R06),2019-03-25,6
Cetirizine 10mg (R06),2019-03-26,9
Cetirizine 10mg (R06),2019-03-27,9
Cetirizine 10mg (R06),2019-03-28,1
Cetirizine 10mg (R06),2019-03-29,9
Cetirizine 10mg (R06),2019-03-30,6
Cetirizine 10mg (R06),2019-03-31,9
Cetirizine 10mg (R06),2019-04-01,5
Cetirizine 10mg (R06),2019-04-02,8
Cetirizine 10mg (R06),2019-04-03,9
Cetirizine 10mg (R06),2019-04-04,15
Cetirizine 10mg (R06),2019-04-05,4
Cetirizine 10mg (R06),2019-04-06,9
Cetirizine 10mg (R06),2019-04-07,7
Cetirizine 10mg (R06),2019-04-08,3
Cetirizine 10mg (R06),2019-04-09,5
Cetirizine 10mg (R06),2019-04-10,8
Cetirizine 10mg (R06),2019-04-11,8
Cetirizine 10mg (R06),2019-04-12,7
Cetirizine 10mg (R06),2019-04-13,4
Cetirizine 10mg (R06),2019-04-14,6
Cetirizine 10mg (R06),2019-04-15,5
Cetirizine 10mg (R06),2019-04-16,3
Cetirizine 10mg (R06),2019-04-17,5
Cetirizine 10mg (R06),2019-04-19,2
Cetirizine 10mg (R06),2019-04-20,6
Cetirizine 10mg (R06),2019-04-21,12
Cetirizine 10mg (R06),2019-04-22,9
Cetirizine 10mg (R06),2019-04-23,2
Cetirizine 10mg (R06),2019-04-24,2
Cetirizine 10mg (R06),2019-04-25,5
Cetirizine 10mg (R06),2019-04-26,11
Cetirizine 10mg (R06),2019-04-27,7
Cetirizine 10mg (R06),2019-04-29,3
Cetirizine 10mg (R06),2019-04-30,8
Cetirizine 10mg (R06),2019-05-01,3
Cetirizine 10mg (R06),2019-05-02,9
Cetirizine 10mg (R06),2019-05-03,8
Cetirizine 10mg (R06),2019-05-04,9
Cetirizine 10mg (R06),2019-05-05,5
Cetirizine 10mg (R06),2019-05-06,3
Cetirizine 10mg (R06),2019-05-07,5
Cetirizine 10mg (R06),2019-05-09,4
Cetirizine 10mg (R06),2019-05-10,2
Cetirizine 10mg (R06),2019-05-11,5
Cetirizine 10mg (R06),2019-05-12,5
Cetirizine 10mg (R06),2019-05-13,3
Cetirizine 10mg (R06),2019-05-14,3
Cetirizine 10mg (R06),2019-05-15,3
Cetirizine 10mg (R06),2019-05-16,5
Cetirizine 10mg (R06),2019-05-17,2
Cetirizine 10mg (R06),2019-05-18,3
Cetirizine 10mg (R06),2019-05-19,4
Cetirizine 10mg (R06),2019-05-20,5
Cetirizine 10mg (R06),2019-05-21,7
Cetirizine 10mg (R06),2019-05-22,5
Cetirizine 10mg (R06),2019-05-23,6
Cetirizine 10mg (R06),2019-05-24,3
Cetirizine 10mg (R06),2019-05-25,2
Cetirizine 10mg (R06),2019-05-26,6
Cetirizine 10mg (R06),2019-05-27,2
Cetirizine 10mg (R06),2019-05-28,6
Cetirizine 10mg (R06),2019-05-29,3
Cetirizine 10mg (R06),2019-05-30,4
Cetirizine 10mg (R06),2019-05-31,5
Cetirizine 10mg (R06),2019-06-01,4
Cetirizine 10mg (R06),2019-06-02,4
Cetirizine 10mg (R06),2019-06-03,10
Cetirizine 10mg (R06),2019-06-04,5
Cetirizine 10mg (R06),2019-06-05,2
Cetirizine 10mg (R06),2019-06-06,4
Cetirizine 10mg (R06),2019-06-08,2
Cetirizine 10mg (R06),2019-06-09,5
Cetirizine 10mg (R06),2019-06-10,12
Cetirizine 10mg (R06),2019-06-11,6
Cetirizine 10mg (R06),2019-06-12,7
Cetirizine 10mg (R06),2019-06-13,9
Cetirizine 10mg (R06),2019-06-14,6
Cetirizine 10mg (R06),2019-06-15,8
Cetirizine 10mg (R06),2019-06-16,9
Cetirizine 10mg (R06),2019-06-17,2
Cetirizine 10mg (R06),2019-06-18,12
Cetirizine 10mg (R06),2019-06-19,6
Cetirizine 10mg (R06),2019-06-20,4
Cetirizine 10mg (R06),2019-06-21,6
Cetirizine 10mg (R06),2019-06-22,5
Cetirizine 10mg (R06),2019-06-23,1
Cetirizine 10mg (R06),2019-06-24,7
Cetirizine 10mg (R06),2019-06-25,3
Cetirizine 10mg (R06),2019-06-26,5
Cetirizine 10mg (R06),2019-06-27,2
Cetirizine 10mg (R06),2019-06-28,3
Cetirizine 10mg (R06),2019-06-29,2
Cetirizine 10mg (R06),2019-06-30,5
Cetirizine 10mg (R06),2019-07-01,4
Cetirizine 10mg (R06),2019-07-02,4
Cetirizine 10mg (R06),2019-07-03,4
Cetirizine 10mg (R06),2019-07-04,6
Cetirizine 10mg (R06),2019-07-05,2
Cetirizine 10mg (R06),2019-07-06,3
Cetirizine 10mg (R06),2019-07-07,5
Cetirizine 10mg (R06),2019-07-08,4
Cetirizine 10mg (R06),2019-07-09,2
Cetirizine 10mg (R06),2019-07-10,4
Cetirizine 10mg (R06),2019-07-11,3
Cetirizine 10mg (R06),2019-07-12,2
Cetirizine 10mg (R06),2019-07-13,5
Cetirizine 10mg (R06),2019-07-14,1
Cetirizine 10mg (R06),2019-07-15,7
Cetirizine 10mg (R06),2019-07-16,4
Cetirizine 10mg (R06),2019-07-17,2
Cetirizine 10mg (R06),2019-07-18,3
Cetirizine 10mg (R06),2019-07-19,7
Cetirizine 10mg (R06),2019-07-20,2
Cetirizine 10mg (R06),2019-07-21,3
Cetirizine 10mg (R06),2019-07-22,6
Cetirizine 10mg (R06),2019-07-23,2
Cetirizine 10mg (R06),2019-07-24,1
Cetirizine 10mg (R06),2019-07-25,2
Cetirizine 10mg (R06),2019-07-26,3
Cetirizine 10mg (R06),2019-07-27,3
Cetirizine 10mg (R06),2019-07-28,1
Cetirizine 10mg (R06),2019-07-29,2
Cetirizine 10mg (R06),2019-07-30,5
Cetirizine 10mg (R06),2019-07-31,2
Cetirizine 10mg (R06),2019-08-01,2
Cetirizine 10mg (R06),2019-08-02,1
Cetirizine 10mg (R06),2019-08-03,3
Cetirizine 10mg (R06),2019-08-04,4
Cetirizine 10mg (R06),2019-08-06,6
Cetirizine 10mg (R06),2019-08-07,3
Cetirizine 10mg (R06),2019-08-08,3
Cetirizine 10mg (R06),2019-08-09,5
Cetirizine 10mg (R06),2019-08-11,3
Cetirizine 10mg (R06),2019-08-12,4
Cetirizine 10mg (R06),2019-08-13,1
Cetirizine 10mg (R06),2019-08-14,3
Cetirizine 10mg (R06),2019-08-15,2
Cetirizine 10mg (R06),2019-08-16,7
Cetirizine 10mg (R06),2019-08-17,2
Cetirizine 10mg (R06),2019-08-18,4
Cetirizine 10mg (R06),2019-08-19,4
Cetirizine 10mg (R06),2019-08-20,3
Cetirizine 10mg (R06),2019-08-21,3
Cetirizine 10mg (R06),2019-08-22,3
Cetirizine 10mg (R06),2019-08-23,2
Cetirizine 10mg (R06),2019-08-24,6
Cetirizine 10mg (R06),2019-08-26,3
Cetirizine 10mg (R06),2019-08-27,5
Cetirizine 10mg (R06),2019-08-28,2
Cetirizine 10mg (R06),2019-08-29,2
Cetirizine 10mg (R06),2019-08-30,5
Cetirizine 10mg (R06),2019-08-31,6
Cetirizine 10mg (R06),2019-09-01,4
Cetirizine 10mg (R06),2019-09-02,9
Cetirizine 10mg (R06),2019-09-03,2
Cetirizine 10mg (R06),2019-09-04,3
Cetirizine 10mg (R06),2019-09-05,8
Cetirizine 10mg (R06),2019-09-06,2
Cetirizine 10mg (R06),2019-09-07,2
Cetirizine 10mg (R06),2019-09-08,3
Cetirizine 10mg (R06),2019-09-09,2
Cetirizine 10mg (R06),2019-09-10,1
Cetirizine 10mg (R06),2019-09-11,2
Cetirizine 10mg (R06),2019-09-12,4
Cetirizine 10mg (R06),2019-09-13,5
Cetirizine 10mg (R06),2019-09-14,10
Cetirizine 10mg (R06),2019-09-15,6
Cetirizine 10mg (R06),2019-09-16,2
Cetirizine 10mg (R06),2019-09-17,2
Cetirizine 10mg (R06),2019-09-18,2
Cetirizine 10mg (R06),2019-09-19,4
Cetirizine 10mg (R06),2019-09-20,3
Cetirizine 10mg (R06),2019-09-21,4
Cetirizine 10mg (R06),2019-09-22,4
Cetirizine 10mg (R06),2019-09-23,4
Cetirizine 10mg (R06),2019-09-24,6
Cetirizine 10mg (R06),2019-09-25,4
Cetirizine 10mg (R06),2019-09-27,4
Cetirizine 10mg (R06),2019-09-28,3
Cetirizine 10mg (R06),2019-09-29,2
Cetirizine 10mg (R06),2019-09-30,2
Cetirizine 10mg (R06),2019-10-01,2
Cetirizine 10mg (R06),2019-10-02,1
Cetirizine 10mg (R06),2019-10-03,2
Cetirizine 10mg (R06),2019-10-04,1
Cetirizine 10mg (R06),2019-10-06,4
Cetirizine 10mg (R06),2019-10-07,1
